0100040400001f
0200040400001f
01001404030100
02001404030100
01001809080705
02001809080705
01001c0d0c0b0a
02001c0d0c0b0a
01002011100f0e
02002011100f0e
01002415141312
02002415141312
01002819181716
02002819181716
01002c00000000
02002c00000000
01003000000000
02003000000000
01003400000000
02003400000000
01003800000000
02003800000000
01003c00000000
02003c00000000
01004000000000
02004000000000
01004400000000
02004400000000
01004800010001
02004800010001
01004c00000001
02004c00000001
01005000000000
02005000000000
01005400010001
02005400010001
01005800010001
02005800010001
01005c00000001
02005c00000001
01006000000000
02006000000000
01006400000000
02006400000000
01006800000000
02006800000000
01006c00000000
02006c00000000
01007000000000
02007000000000
01007400000000
02007400000000
01007800000000
01007c00000007
01008000000003
02008400000000
01007800000001
01007c00000007
01008000000003
02008400000000
01007800000002
01007c00000007
01008000000003
02008400000000
01007800000003
01007c00000107
01008000000003
02008400000001
01007800000100
01007c00000107
01008000000003
02008400000001
01007800000101
01007c00000007
01008000000003
02008400000000
01007800000102
01007c00000007
01008000000003
02008400000000
01007800000103
01007c00000107
01008000000003
02008400000001
01008800000000
01008c000b2105
01009000000003
020094000b2105
01008800000001
01008c002194b5
01009000000003
020094002194b5
01008800000002
01008c00464b4c
01009000000003
02009400464b4c
01008800000003
01008c006267c1
01009000000003
020094006267c1
01009800000000
01009c000001df
0100a000000005
0200a4000001df
01009800000100
01009c0000002d
0100a000000005
0200a40000002d
01009800000200
01009c0000002d
0100a000000005
0200a40000002d
01009800000300
01009c00000009
0100a000000005
0200a400000009
01009800000001
01009c00000000
0100a000000005
0200a400000000
01009800000101
01009c000001f7
0100a000000005
0200a4000001f7
01009800000201
01009c00000009
0100a000000005
0200a400000009
01009800000301
01009c0000002d
0100a000000005
0200a40000002d
01009800000002
01009c00000000
0100a000000005
0200a400000000
01009800000102
01009c00000000
0100a000000005
0200a400000000
01009800000202
01009c000001ef
0100a000000005
0200a4000001ef
01009800000302
01009c00000005
0100a000000005
0200a400000005
01009800000003
01009c00000000
0100a000000005
0200a400000000
01009800000103
01009c00000000
0100a000000005
0200a400000000
01009800000203
01009c00000000
0100a000000005
0200a400000000
01009800000303
01009c00000187
0100a000000005
0200a400000187
01009800000004
01009c000001df
0100a000000005
0200a4000001df
01009800000104
01009c000001f7
0100a000000005
0200a4000001f7
01009800000204
01009c000001ef
0100a000000005
0200a4000001ef
01009800000304
01009c00000187
0100a000000005
0200a400000187
01009800000005
01009c000001df
0100a000000005
0200a4000001df
01009800000105
01009c000001f7
0100a000000005
0200a4000001f7
01009800000205
01009c000001ef
0100a000000005
0200a4000001ef
01009800000305
01009c00000187
0100a000000005
0200a400000187
01007400000100
02007400000100
01007800000000
01007c00000107
01008000000003
02008400000001
01007800000001
01007c00000007
01008000000003
02008400000000
01007800000002
01007c00000007
01008000000003
02008400000000
01007800000003
01007c00000107
01008000000003
02008400000001
01007800000100
01007c00000107
01008000000003
02008400000001
01007800000101
01007c00000107
01008000000003
02008400000001
01007800000102
01007c00000107
01008000000003
02008400000001
01007800000103
01007c00000107
01008000000003
02008400000001
01008800000000
01008c006af89c
01009000000003
020094006af89c
01008800000001
01008c00d70ecd
01009000000003
02009400d70ecd
01008800000002
01008c0100b987
01009000000003
0200940100b987
01008800000003
01008c01269f2a
01009000000003
02009401269f2a
01009800000000
01009c0000001d
0100a000000005
0200a40000001d
01009800000100
01009c00000009
0100a000000005
0200a400000009
01009800000200
01009c00000009
0100a000000005
0200a400000009
01009800000300
01009c00000011
0100a000000005
0200a400000011
01009800000001
01009c00000009
0100a000000005
0200a400000009
01009800000101
01009c00000029
0100a000000005
0200a400000029
01009800000201
01009c00000015
0100a000000005
0200a400000015
01009800000301
01009c0000000d
0100a000000005
0200a40000000d
01009800000002
01009c0000000d
0100a000000005
0200a40000000d
01009800000102
01009c0000000d
0100a000000005
0200a40000000d
01009800000202
01009c00000019
0100a000000005
0200a400000019
01009800000302
01009c00000005
0100a000000005
0200a400000005
01009800000003
01009c00000019
0100a000000005
0200a400000019
01009800000103
01009c00000011
0100a000000005
0200a400000011
01009800000203
01009c00000021
0100a000000005
0200a400000021
01009800000303
01009c0000001d
0100a000000005
0200a40000001d
01009800000004
01009c000001df
0100a000000005
0200a4000001df
01009800000104
01009c000001f7
0100a000000005
0200a4000001f7
01009800000204
01009c000001ef
0100a000000005
0200a4000001ef
01009800000304
01009c00000187
0100a000000005
0200a400000187
01009800000005
01009c000001ff
0100a000000005
0200a4000001ff
01009800000105
01009c000001af
0100a000000005
0200a4000001af
01009800000205
01009c0000018f
0100a000000005
0200a40000018f
01009800000305
01009c000001cf
0100a000000005
0200a4000001cf
01007400000200
02007400000200
01007800000000
01007c00000007
01008000000003
02008400000000
01007800000001
01007c00000007
01008000000003
02008400000000
01007800000002
01007c00000007
01008000000003
02008400000000
01007800000003
01007c00000007
01008000000003
02008400000000
01007800000100
01007c00000107
01008000000003
02008400000001
01007800000101
01007c00000007
01008000000003
02008400000000
01007800000102
01007c00000107
01008000000003
02008400000001
01007800000103
01007c00000107
01008000000003
02008400000001
01008800000000
01008c01357def
01009000000003
02009401357def
01008800000001
01008c01d352a9
01009000000003
02009401d352a9
01008800000002
01008c0258380c
01009000000003
0200940258380c
01008800000003
01008c025ba4c0
01009000000003
020094025ba4c0
01009800000000
01009c00000009
0100a000000005
0200a400000009
01009800000100
01009c00000011
0100a000000005
0200a400000011
01009800000200
01009c00000015
0100a000000005
0200a400000015
01009800000300
01009c0000000d
0100a000000005
0200a40000000d
01009800000001
01009c00000031
0100a000000005
0200a400000031
01009800000101
01009c00000009
0100a000000005
0200a400000009
01009800000201
01009c00000009
0100a000000005
0200a400000009
01009800000301
01009c0000000d
0100a000000005
0200a40000000d
01009800000002
01009c00000009
0100a000000005
0200a400000009
01009800000102
01009c00000009
0100a000000005
0200a400000009
01009800000202
01009c00000009
0100a000000005
0200a400000009
01009800000302
01009c00000021
0100a000000005
0200a400000021
01009800000003
01009c00000019
0100a000000005
0200a400000019
01009800000103
01009c00000025
0100a000000005
0200a400000025
01009800000203
01009c00000049
0100a000000005
0200a400000049
01009800000303
01009c00000011
0100a000000005
0200a400000011
01009800000004
01009c000001df
0100a000000005
0200a4000001df
01009800000104
01009c000001f7
0100a000000005
0200a4000001f7
01009800000204
01009c000001ef
0100a000000005
0200a4000001ef
01009800000304
01009c00000187
0100a000000005
0200a400000187
01009800000005
01009c0000019f
0100a000000005
0200a40000019f
01009800000105
01009c000001bf
0100a000000005
0200a4000001bf
01009800000205
01009c0000015f
0100a000000005
0200a40000015f
01009800000305
01009c000001cf
0100a000000005
0200a4000001cf
01007400000300
02007400000300
01007800000000
01007c00000107
01008000000003
02008400000001
01007800000001
01007c00000007
01008000000003
02008400000000
01007800000002
01007c00000107
01008000000003
02008400000001
01007800000003
01007c00000107
01008000000003
02008400000001
01007800000100
01007c00000007
01008000000003
02008400000000
01007800000101
01007c00000007
01008000000003
02008400000000
01007800000102
01007c00000107
01008000000003
02008400000001
01007800000103
01007c00000107
01008000000003
02008400000001
01008800000000
01008c02b92daf
01009000000003
02009402b92daf
01008800000001
01008c02e90173
01009000000003
02009402e90173
01008800000002
01008c031a95e2
01009000000003
020094031a95e2
01008800000003
01008c0389834e
01009000000003
0200940389834e
01009800000000
01009c0000000d
0100a000000005
0200a40000000d
01009800000100
01009c00000019
0100a000000005
0200a400000019
01009800000200
01009c00000009
0100a000000005
0200a400000009
01009800000300
01009c00000011
0100a000000005
0200a400000011
01009800000001
01009c0000001d
0100a000000005
0200a40000001d
01009800000101
01009c0000000d
0100a000000005
0200a40000000d
01009800000201
01009c00000005
0100a000000005
0200a400000005
01009800000301
01009c00000015
0100a000000005
0200a400000015
01009800000002
01009c00000021
0100a000000005
0200a400000021
01009800000102
01009c0000000d
0100a000000005
0200a40000000d
01009800000202
01009c00000011
0100a000000005
0200a400000011
01009800000302
01009c0000001d
0100a000000005
0200a40000001d
01009800000003
01009c00000019
0100a000000005
0200a400000019
01009800000103
01009c00000015
0100a000000005
0200a400000015
01009800000203
01009c00000011
0100a000000005
0200a400000011
01009800000303
01009c0000001d
0100a000000005
0200a40000001d
01009800000004
01009c000001df
0100a000000005
0200a4000001df
01009800000104
01009c000001f7
0100a000000005
0200a4000001f7
01009800000204
01009c000001ef
0100a000000005
0200a4000001ef
01009800000304
01009c00000187
0100a000000005
0200a400000187
01009800000005
01009c00000167
0100a000000005
0200a400000167
01009800000105
01009c0000018f
0100a000000005
0200a40000018f
01009800000205
01009c0000015f
0100a000000005
0200a40000015f
01009800000305
01009c000001a7
0100a000000005
0200a4000001a7
01007400000400
02007400000400
01007800000000
01007c00000007
01008000000003
02008400000000
01007800000001
01007c00000007
01008000000003
02008400000000
01007800000002
01007c00000107
01008000000003
02008400000001
01007800000003
01007c00000107
01008000000003
02008400000001
01007800000100
01007c00000007
01008000000003
02008400000000
01007800000101
01007c00000007
01008000000003
02008400000000
01007800000102
01007c00000007
01008000000003
02008400000000
01007800000103
01007c00000107
01008000000003
02008400000001
01008800000000
01008c038acd2f
01009000000003
020094038acd2f
01008800000001
01008c038bbc29
01009000000003
020094038bbc29
01008800000002
01008c039511f8
01009000000003
020094039511f8
01008800000003
01008c03e1b458
01009000000003
02009403e1b458
01009800000000
01009c00000011
0100a000000005
0200a400000011
01009800000100
01009c00000021
0100a000000005
0200a400000021
01009800000200
01009c00000019
0100a000000005
0200a400000019
01009800000300
01009c00000009
0100a000000005
0200a400000009
01009800000001
01009c0000000d
0100a000000005
0200a40000000d
01009800000101
01009c0000002d
0100a000000005
0200a40000002d
01009800000201
01009c0000000d
0100a000000005
0200a40000000d
01009800000301
01009c00000011
0100a000000005
0200a400000011
01009800000002
01009c00000005
0100a000000005
0200a400000005
01009800000102
01009c00000005
0100a000000005
0200a400000005
01009800000202
01009c0000001d
0100a000000005
0200a40000001d
01009800000302
01009c0000000d
0100a000000005
0200a40000000d
01009800000003
01009c00000009
0100a000000005
0200a400000009
01009800000103
01009c00000021
0100a000000005
0200a400000021
01009800000203
01009c00000011
0100a000000005
0200a400000011
01009800000303
01009c00000009
0100a000000005
0200a400000009
01009800000004
01009c000001df
0100a000000005
0200a4000001df
01009800000104
01009c000001f7
0100a000000005
0200a4000001f7
01009800000204
01009c000001ef
0100a000000005
0200a4000001ef
01009800000304
01009c00000187
0100a000000005
0200a400000187
01009800000005
01009c000001a7
0100a000000005
0200a4000001a7
01009800000105
01009c000001a7
0100a000000005
0200a4000001a7
01009800000205
01009c0000013b
0100a000000005
0200a40000013b
01009800000305
01009c00000177
0100a000000005
0200a400000177
01007400000500
02007400000500
01007800000000
01007c00000007
01008000000003
02008400000000
01007800000001
01007c00000107
01008000000003
02008400000001
01007800000002
01007c00000007
01008000000003
02008400000000
01007800000003
01007c00000007
01008000000003
02008400000000
01007800000100
01007c00000007
01008000000003
02008400000000
01007800000101
01007c00000007
01008000000003
02008400000000
01007800000102
01007c00000007
01008000000003
02008400000000
01007800000103
01007c00000107
01008000000003
02008400000001
01008800000000
01008c03f1bc87
01009000000003
02009403f1bc87
01008800000001
01008c0403566a
01009000000003
0200940403566a
01008800000002
01008c04432ff8
01009000000003
02009404432ff8
01008800000003
01008c045a0dad
01009000000003
020094045a0dad
01009800000000
01009c00000031
0100a000000005
0200a400000031
01009800000100
01009c00000011
0100a000000005
0200a400000011
01009800000200
01009c0000000d
0100a000000005
0200a40000000d
01009800000300
01009c0000001d
0100a000000005
0200a40000001d
01009800000001
01009c0000000d
0100a000000005
0200a40000000d
01009800000101
01009c00000009
0100a000000005
0200a400000009
01009800000201
01009c00000031
0100a000000005
0200a400000031
01009800000301
01009c00000011
0100a000000005
0200a400000011
01009800000002
01009c0000000d
0100a000000005
0200a40000000d
01009800000102
01009c00000025
0100a000000005
0200a400000025
01009800000202
01009c00000021
0100a000000005
0200a400000021
01009800000302
01009c00000009
0100a000000005
0200a400000009
01009800000003
01009c00000000
0100a000000005
0200a400000000
01009800000103
01009c00000000
0100a000000005
0200a400000000
01009800000203
01009c00000000
0100a000000005
0200a400000000
01009800000303
01009c00000000
0100a000000005
0200a400000000
01009800000004
01009c00000000
0100a000000005
0200a400000000
01009800000104
01009c00000000
0100a000000005
0200a400000000
01009800000204
01009c00000000
0100a000000005
0200a400000000
01009800000304
01009c00000000
0100a000000005
0200a400000000
01009800000005
01009c000001b7
0100a000000005
0200a4000001b7
01009800000105
01009c00000153
0100a000000005
0200a400000153
01009800000205
01009c000001a7
0100a000000005
0200a4000001a7
01009800000305
01009c00000000
0100a000000005
0200a400000000
01007400000600
02007400000600
01007800000000
01007c00000007
01008000000003
02008400000000
01007800000001
01007c00000007
01008000000003
02008400000000
01007800000002
01007c00000007
01008000000003
02008400000000
01007800000003
01007c00000007
01008000000003
02008400000000
01007800000100
01007c00000007
01008000000003
02008400000000
01007800000101
01007c00000107
01008000000003
02008400000001
01007800000102
01007c00000007
01008000000003
02008400000000
01007800000103
01007c00000007
01008000000003
02008400000000
01008800000000
01008c047cc3c4
01009000000003
020094047cc3c4
01008800000001
01008c04848ced
01009000000003
02009404848ced
01008800000002
01008c04eeb329
01009000000003
02009404eeb329
01008800000003
01008c04f26106
01009000000003
02009404f26106
01009800000000
01009c00000000
0100a000000005
0200a400000000
01009800000100
01009c00000000
0100a000000005
0200a400000000
01009800000200
01009c00000000
0100a000000005
0200a400000000
01009800000300
01009c00000000
0100a000000005
0200a400000000
01009800000001
01009c00000000
0100a000000005
0200a400000000
01009800000101
01009c00000000
0100a000000005
0200a400000000
01009800000201
01009c00000000
0100a000000005
0200a400000000
01009800000301
01009c00000000
0100a000000005
0200a400000000
01009800000002
01009c00000000
0100a000000005
0200a400000000
01009800000102
01009c00000000
0100a000000005
0200a400000000
01009800000202
01009c00000000
0100a000000005
0200a400000000
01009800000302
01009c00000000
0100a000000005
0200a400000000
01009800000003
01009c00000000
0100a000000005
0200a400000000
01009800000103
01009c00000000
0100a000000005
0200a400000000
01009800000203
01009c00000000
0100a000000005
0200a400000000
01009800000303
01009c00000000
0100a000000005
0200a400000000
01009800000004
01009c00000000
0100a000000005
0200a400000000
01009800000104
01009c00000000
0100a000000005
0200a400000000
01009800000204
01009c00000000
0100a000000005
0200a400000000
01009800000304
01009c00000000
0100a000000005
0200a400000000
01009800000005
01009c00000000
0100a000000005
0200a400000000
01009800000105
01009c00000000
0100a000000005
0200a400000000
01009800000205
01009c00000000
0100a000000005
0200a400000000
01009800000305
01009c00000000
0100a000000005
0200a400000000
01007400000700
02007400000700
01007800000000
01007c00000007
01008000000003
02008400000000
01007800000001
01007c00000107
01008000000003
02008400000001
01007800000002
01007c00000007
01008000000003
02008400000000
01007800000003
01007c00000007
01008000000003
02008400000000
01007800000100
01007c00000007
01008000000003
02008400000000
01007800000101
01007c00000107
01008000000003
02008400000001
01007800000102
01007c00000007
01008000000003
02008400000000
01007800000103
01007c00000107
01008000000003
02008400000001
01008800000000
01008c0501259c
01009000000003
0200940501259c
01008800000001
01008c050b7ca2
01009000000003
020094050b7ca2
01008800000002
01008c0527e957
01009000000003
0200940527e957
01008800000003
01008c053750eb
01009000000003
020094053750eb
01009800000000
01009c00000000
0100a000000005
0200a400000000
01009800000100
01009c00000000
0100a000000005
0200a400000000
01009800000200
01009c00000000
0100a000000005
0200a400000000
01009800000300
01009c00000000
0100a000000005
0200a400000000
01009800000001
01009c00000000
0100a000000005
0200a400000000
01009800000101
01009c00000000
0100a000000005
0200a400000000
01009800000201
01009c00000000
0100a000000005
0200a400000000
01009800000301
01009c00000000
0100a000000005
0200a400000000
01009800000002
01009c00000000
0100a000000005
0200a400000000
01009800000102
01009c00000000
0100a000000005
0200a400000000
01009800000202
01009c00000000
0100a000000005
0200a400000000
01009800000302
01009c00000000
0100a000000005
0200a400000000
01009800000003
01009c00000000
0100a000000005
0200a400000000
01009800000103
01009c00000000
0100a000000005
0200a400000000
01009800000203
01009c00000000
0100a000000005
0200a400000000
01009800000303
01009c00000000
0100a000000005
0200a400000000
01009800000004
01009c00000000
0100a000000005
0200a400000000
01009800000104
01009c00000000
0100a000000005
0200a400000000
01009800000204
01009c00000000
0100a000000005
0200a400000000
01009800000304
01009c00000000
0100a000000005
0200a400000000
01009800000005
01009c00000000
0100a000000005
0200a400000000
01009800000105
01009c00000000
0100a000000005
0200a400000000
01009800000205
01009c00000000
0100a000000005
0200a400000000
01009800000305
01009c00000000
0100a000000005
0200a400000000
01007400000800
02007400000800
01007800000000
01007c00000107
01008000000003
02008400000001
01007800000001
01007c00000007
01008000000003
02008400000000
01007800000002
01007c00000007
01008000000003
02008400000000
01007800000003
01007c00000107
01008000000003
02008400000001
01007800000100
01007c00000107
01008000000003
02008400000001
01007800000101
01007c00000107
01008000000003
02008400000001
01007800000102
01007c00000007
01008000000003
02008400000000
01007800000103
01007c00000007
01008000000003
02008400000000
01008800000000
01008c0576673b
01009000000003
0200940576673b
01008800000001
01008c0582f3b2
01009000000003
0200940582f3b2
01008800000002
01008c06672d5c
01009000000003
02009406672d5c
01008800000003
01008c066c6324
01009000000003
020094066c6324
01009800000000
01009c00000000
0100a000000005
0200a400000000
01009800000100
01009c00000000
0100a000000005
0200a400000000
01009800000200
01009c00000000
0100a000000005
0200a400000000
01009800000300
01009c00000000
0100a000000005
0200a400000000
01009800000001
01009c00000000
0100a000000005
0200a400000000
01009800000101
01009c00000000
0100a000000005
0200a400000000
01009800000201
01009c00000000
0100a000000005
0200a400000000
01009800000301
01009c00000000
0100a000000005
0200a400000000
01009800000002
01009c00000000
0100a000000005
0200a400000000
01009800000102
01009c00000000
0100a000000005
0200a400000000
01009800000202
01009c00000000
0100a000000005
0200a400000000
01009800000302
01009c00000000
0100a000000005
0200a400000000
01009800000003
01009c00000000
0100a000000005
0200a400000000
01009800000103
01009c00000000
0100a000000005
0200a400000000
01009800000203
01009c00000000
0100a000000005
0200a400000000
01009800000303
01009c00000000
0100a000000005
0200a400000000
01009800000004
01009c00000000
0100a000000005
0200a400000000
01009800000104
01009c00000000
0100a000000005
0200a400000000
01009800000204
01009c00000000
0100a000000005
0200a400000000
01009800000304
01009c00000000
0100a000000005
0200a400000000
01009800000005
01009c00000000
0100a000000005
0200a400000000
01009800000105
01009c00000000
0100a000000005
0200a400000000
01009800000205
01009c00000000
0100a000000005
0200a400000000
01009800000305
01009c00000000
0100a000000005
0200a400000000
01007400000900
02007400000900
01007800000000
01007c00000007
01008000000003
02008400000000
01007800000001
01007c00000107
01008000000003
02008400000001
01007800000002
01007c00000107
01008000000003
02008400000001
01007800000003
01007c00000107
01008000000003
02008400000001
01007800000100
01007c00000007
01008000000003
02008400000000
01007800000101
01007c00000107
01008000000003
02008400000001
01007800000102
01007c00000107
01008000000003
02008400000001
01007800000103
01007c00000007
01008000000003
02008400000000
01008800000000
01008c067ff354
01009000000003
020094067ff354
01008800000001
01008c06a0d080
01009000000003
02009406a0d080
01008800000002
01008c06a4e995
01009000000003
02009406a4e995
01008800000003
01008c06a65f4e
01009000000003
02009406a65f4e
01009800000000
01009c00000000
0100a000000005
0200a400000000
01009800000100
01009c00000000
0100a000000005
0200a400000000
01009800000200
01009c00000000
0100a000000005
0200a400000000
01009800000300
01009c00000000
0100a000000005
0200a400000000
01009800000001
01009c00000000
0100a000000005
0200a400000000
01009800000101
01009c00000000
0100a000000005
0200a400000000
01009800000201
01009c00000000
0100a000000005
0200a400000000
01009800000301
01009c00000000
0100a000000005
0200a400000000
01009800000002
01009c00000000
0100a000000005
0200a400000000
01009800000102
01009c00000000
0100a000000005
0200a400000000
01009800000202
01009c00000000
0100a000000005
0200a400000000
01009800000302
01009c00000000
0100a000000005
0200a400000000
01009800000003
01009c00000000
0100a000000005
0200a400000000
01009800000103
01009c00000000
0100a000000005
0200a400000000
01009800000203
01009c00000000
0100a000000005
0200a400000000
01009800000303
01009c00000000
0100a000000005
0200a400000000
01009800000004
01009c00000000
0100a000000005
0200a400000000
01009800000104
01009c00000000
0100a000000005
0200a400000000
01009800000204
01009c00000000
0100a000000005
0200a400000000
01009800000304
01009c00000000
0100a000000005
0200a400000000
01009800000005
01009c00000000
0100a000000005
0200a400000000
01009800000105
01009c00000000
0100a000000005
0200a400000000
01009800000205
01009c00000000
0100a000000005
0200a400000000
01009800000305
01009c00000000
0100a000000005
0200a400000000
01007400000a00
02007400000a00
01007800000000
01007c00000107
01008000000003
02008400000001
01007800000001
01007c00000107
01008000000003
02008400000001
01007800000002
01007c00000007
01008000000003
02008400000000
01007800000003
01007c00000007
01008000000003
02008400000000
01007800000100
01007c00000007
01008000000003
02008400000000
01007800000101
01007c00000007
01008000000003
02008400000000
01007800000102
01007c00000107
01008000000003
02008400000001
01007800000103
01007c00000107
01008000000003
02008400000001
01008800000000
01008c06efbe18
01009000000003
02009406efbe18
01008800000001
01008c0743e3da
01009000000003
0200940743e3da
01008800000002
01008c078d9f08
01009000000003
020094078d9f08
01008800000003
01008c07a0c04c
01009000000003
02009407a0c04c
01009800000000
01009c00000000
0100a000000005
0200a400000000
01009800000100
01009c00000000
0100a000000005
0200a400000000
01009800000200
01009c00000000
0100a000000005
0200a400000000
01009800000300
01009c00000000
0100a000000005
0200a400000000
01009800000001
01009c00000000
0100a000000005
0200a400000000
01009800000101
01009c00000000
0100a000000005
0200a400000000
01009800000201
01009c00000000
0100a000000005
0200a400000000
01009800000301
01009c00000000
0100a000000005
0200a400000000
01009800000002
01009c00000000
0100a000000005
0200a400000000
01009800000102
01009c00000000
0100a000000005
0200a400000000
01009800000202
01009c00000000
0100a000000005
0200a400000000
01009800000302
01009c00000000
0100a000000005
0200a400000000
01009800000003
01009c00000000
0100a000000005
0200a400000000
01009800000103
01009c00000000
0100a000000005
0200a400000000
01009800000203
01009c00000000
0100a000000005
0200a400000000
01009800000303
01009c00000000
0100a000000005
0200a400000000
01009800000004
01009c00000000
0100a000000005
0200a400000000
01009800000104
01009c00000000
0100a000000005
0200a400000000
01009800000204
01009c00000000
0100a000000005
0200a400000000
01009800000304
01009c00000000
0100a000000005
0200a400000000
01009800000005
01009c00000000
0100a000000005
0200a400000000
01009800000105
01009c00000000
0100a000000005
0200a400000000
01009800000205
01009c00000000
0100a000000005
0200a400000000
01009800000305
01009c00000000
0100a000000005
0200a400000000
01007400000b00
02007400000b00
01007800000000
01007c00000007
01008000000003
02008400000000
01007800000001
01007c00000107
01008000000003
02008400000001
01007800000002
01007c00000007
01008000000003
02008400000000
01007800000003
01007c00000007
01008000000003
02008400000000
01007800000100
01007c00000007
01008000000003
02008400000000
01007800000101
01007c00000107
01008000000003
02008400000001
01007800000102
01007c00000107
01008000000003
02008400000001
01007800000103
01007c00000007
01008000000003
02008400000000
01008800000000
01008c07ab39ac
01009000000003
02009407ab39ac
01008800000001
01008c07bb0989
01009000000003
02009407bb0989
01008800000002
01008c07d0960d
01009000000003
02009407d0960d
01008800000003
01008c07e0e5d8
01009000000003
02009407e0e5d8
01009800000000
01009c00000000
0100a000000005
0200a400000000
01009800000100
01009c00000000
0100a000000005
0200a400000000
01009800000200
01009c00000000
0100a000000005
0200a400000000
01009800000300
01009c00000000
0100a000000005
0200a400000000
01009800000001
01009c00000000
0100a000000005
0200a400000000
01009800000101
01009c00000000
0100a000000005
0200a400000000
01009800000201
01009c00000000
0100a000000005
0200a400000000
01009800000301
01009c00000000
0100a000000005
0200a400000000
01009800000002
01009c00000000
0100a000000005
0200a400000000
01009800000102
01009c00000000
0100a000000005
0200a400000000
01009800000202
01009c00000000
0100a000000005
0200a400000000
01009800000302
01009c00000000
0100a000000005
0200a400000000
01009800000003
01009c00000000
0100a000000005
0200a400000000
01009800000103
01009c00000000
0100a000000005
0200a400000000
01009800000203
01009c00000000
0100a000000005
0200a400000000
01009800000303
01009c00000000
0100a000000005
0200a400000000
01009800000004
01009c00000000
0100a000000005
0200a400000000
01009800000104
01009c00000000
0100a000000005
0200a400000000
01009800000204
01009c00000000
0100a000000005
0200a400000000
01009800000304
01009c00000000
0100a000000005
0200a400000000
01009800000005
01009c00000000
0100a000000005
0200a400000000
01009800000105
01009c00000000
0100a000000005
0200a400000000
01009800000205
01009c00000000
0100a000000005
0200a400000000
01009800000305
01009c00000000
0100a000000005
0200a400000000
01007400000c00
02007400000c00
01007800000000
01007c00000107
01008000000003
02008400000001
01007800000001
01007c00000007
01008000000003
02008400000000
01007800000002
01007c00000107
01008000000003
02008400000001
01007800000003
01007c00000107
01008000000003
02008400000001
01007800000100
01007c00000007
01008000000003
02008400000000
01007800000101
01007c00000007
01008000000003
02008400000000
01007800000102
01007c00000107
01008000000003
02008400000001
01007800000103
01007c00000007
01008000000003
02008400000000
01008800000000
01008c07fb737b
01009000000003
02009407fb737b
01008800000001
01008c088a5b11
01009000000003
020094088a5b11
01008800000002
01008c08a85ee7
01009000000003
02009408a85ee7
01008800000003
01008c08be6706
01009000000003
02009408be6706
01009800000000
01009c00000000
0100a000000005
0200a400000000
01009800000100
01009c00000000
0100a000000005
0200a400000000
01009800000200
01009c00000000
0100a000000005
0200a400000000
01009800000300
01009c00000000
0100a000000005
0200a400000000
01009800000001
01009c00000000
0100a000000005
0200a400000000
01009800000101
01009c00000000
0100a000000005
0200a400000000
01009800000201
01009c00000000
0100a000000005
0200a400000000
01009800000301
01009c00000000
0100a000000005
0200a400000000
01009800000002
01009c00000000
0100a000000005
0200a400000000
01009800000102
01009c00000000
0100a000000005
0200a400000000
01009800000202
01009c00000000
0100a000000005
0200a400000000
01009800000302
01009c00000000
0100a000000005
0200a400000000
01009800000003
01009c00000000
0100a000000005
0200a400000000
01009800000103
01009c00000000
0100a000000005
0200a400000000
01009800000203
01009c00000000
0100a000000005
0200a400000000
01009800000303
01009c00000000
0100a000000005
0200a400000000
01009800000004
01009c00000000
0100a000000005
0200a400000000
01009800000104
01009c00000000
0100a000000005
0200a400000000
01009800000204
01009c00000000
0100a000000005
0200a400000000
01009800000304
01009c00000000
0100a000000005
0200a400000000
01009800000005
01009c00000000
0100a000000005
0200a400000000
01009800000105
01009c00000000
0100a000000005
0200a400000000
01009800000205
01009c00000000
0100a000000005
0200a400000000
01009800000305
01009c00000000
0100a000000005
0200a400000000
01007400000d00
02007400000d00
01007800000000
01007c00000107
01008000000003
02008400000001
01007800000001
01007c00000007
01008000000003
02008400000000
01007800000002
01007c00000007
01008000000003
02008400000000
01007800000003
01007c00000107
01008000000003
02008400000001
01007800000100
01007c00000007
01008000000003
02008400000000
01007800000101
01007c00000107
01008000000003
02008400000001
01007800000102
01007c00000007
01008000000003
02008400000000
01007800000103
01007c00000007
01008000000003
02008400000000
01008800000000
01008c08c6da2e
01009000000003
02009408c6da2e
01008800000001
01008c0909c346
01009000000003
0200940909c346
01008800000002
01008c09178438
01009000000003
02009409178438
01008800000003
01008c0935d228
01009000000003
0200940935d228
01009800000000
01009c00000000
0100a000000005
0200a400000000
01009800000100
01009c00000000
0100a000000005
0200a400000000
01009800000200
01009c00000000
0100a000000005
0200a400000000
01009800000300
01009c00000000
0100a000000005
0200a400000000
01009800000001
01009c00000000
0100a000000005
0200a400000000
01009800000101
01009c00000000
0100a000000005
0200a400000000
01009800000201
01009c00000000
0100a000000005
0200a400000000
01009800000301
01009c00000000
0100a000000005
0200a400000000
01009800000002
01009c00000000
0100a000000005
0200a400000000
01009800000102
01009c00000000
0100a000000005
0200a400000000
01009800000202
01009c00000000
0100a000000005
0200a400000000
01009800000302
01009c00000000
0100a000000005
0200a400000000
01009800000003
01009c00000000
0100a000000005
0200a400000000
01009800000103
01009c00000000
0100a000000005
0200a400000000
01009800000203
01009c00000000
0100a000000005
0200a400000000
01009800000303
01009c00000000
0100a000000005
0200a400000000
01009800000004
01009c00000000
0100a000000005
0200a400000000
01009800000104
01009c00000000
0100a000000005
0200a400000000
01009800000204
01009c00000000
0100a000000005
0200a400000000
01009800000304
01009c00000000
0100a000000005
0200a400000000
01009800000005
01009c00000000
0100a000000005
0200a400000000
01009800000105
01009c00000000
0100a000000005
0200a400000000
01009800000205
01009c00000000
0100a000000005
0200a400000000
01009800000305
01009c00000000
0100a000000005
0200a400000000
01007400000e00
02007400000e00
01007800000000
01007c00000107
01008000000003
02008400000001
01007800000001
01007c00000007
01008000000003
02008400000000
01007800000002
01007c00000107
01008000000003
02008400000001
01007800000003
01007c00000007
01008000000003
02008400000000
01007800000100
01007c00000007
01008000000003
02008400000000
01007800000101
01007c00000007
01008000000003
02008400000000
01007800000102
01007c00000007
01008000000003
02008400000000
01007800000103
01007c00000107
01008000000003
02008400000001
01008800000000
01008c098e8324
01009000000003
020094098e8324
01008800000001
01008c09b7ec0e
01009000000003
02009409b7ec0e
01008800000002
01008c09c68c36
01009000000003
02009409c68c36
01008800000003
01008c09cd1922
01009000000003
02009409cd1922
01009800000000
01009c00000000
0100a000000005
0200a400000000
01009800000100
01009c00000000
0100a000000005
0200a400000000
01009800000200
01009c00000000
0100a000000005
0200a400000000
01009800000300
01009c00000000
0100a000000005
0200a400000000
01009800000001
01009c00000000
0100a000000005
0200a400000000
01009800000101
01009c00000000
0100a000000005
0200a400000000
01009800000201
01009c00000000
0100a000000005
0200a400000000
01009800000301
01009c00000000
0100a000000005
0200a400000000
01009800000002
01009c00000000
0100a000000005
0200a400000000
01009800000102
01009c00000000
0100a000000005
0200a400000000
01009800000202
01009c00000000
0100a000000005
0200a400000000
01009800000302
01009c00000000
0100a000000005
0200a400000000
01009800000003
01009c00000000
0100a000000005
0200a400000000
01009800000103
01009c00000000
0100a000000005
0200a400000000
01009800000203
01009c00000000
0100a000000005
0200a400000000
01009800000303
01009c00000000
0100a000000005
0200a400000000
01009800000004
01009c00000000
0100a000000005
0200a400000000
01009800000104
01009c00000000
0100a000000005
0200a400000000
01009800000204
01009c00000000
0100a000000005
0200a400000000
01009800000304
01009c00000000
0100a000000005
0200a400000000
01009800000005
01009c00000000
0100a000000005
0200a400000000
01009800000105
01009c00000000
0100a000000005
0200a400000000
01009800000205
01009c00000000
0100a000000005
0200a400000000
01009800000305
01009c00000000
0100a000000005
0200a400000000
01007400000f00
02007400000f00
01007800000000
01007c00000007
01008000000003
02008400000000
01007800000001
01007c00000107
01008000000003
02008400000001
01007800000002
01007c00000107
01008000000003
02008400000001
01007800000003
01007c00000007
01008000000003
02008400000000
01007800000100
01007c00000007
01008000000003
02008400000000
01007800000101
01007c00000107
01008000000003
02008400000001
01007800000102
01007c00000107
01008000000003
02008400000001
01007800000103
01007c00000007
01008000000003
02008400000000
01008800000000
01008c09df635a
01009000000003
02009409df635a
01008800000001
01008c09e4db27
01009000000003
02009409e4db27
01008800000002
01008c09e5e767
01009000000003
02009409e5e767
01008800000003
01008c0a2b4c30
01009000000003
0200940a2b4c30
01009800000000
01009c00000000
0100a000000005
0200a400000000
01009800000100
01009c00000000
0100a000000005
0200a400000000
01009800000200
01009c00000000
0100a000000005
0200a400000000
01009800000300
01009c00000000
0100a000000005
0200a400000000
01009800000001
01009c00000000
0100a000000005
0200a400000000
01009800000101
01009c00000000
0100a000000005
0200a400000000
01009800000201
01009c00000000
0100a000000005
0200a400000000
01009800000301
01009c00000000
0100a000000005
0200a400000000
01009800000002
01009c00000000
0100a000000005
0200a400000000
01009800000102
01009c00000000
0100a000000005
0200a400000000
01009800000202
01009c00000000
0100a000000005
0200a400000000
01009800000302
01009c00000000
0100a000000005
0200a400000000
01009800000003
01009c00000000
0100a000000005
0200a400000000
01009800000103
01009c00000000
0100a000000005
0200a400000000
01009800000203
01009c00000000
0100a000000005
0200a400000000
01009800000303
01009c00000000
0100a000000005
0200a400000000
01009800000004
01009c00000000
0100a000000005
0200a400000000
01009800000104
01009c00000000
0100a000000005
0200a400000000
01009800000204
01009c00000000
0100a000000005
0200a400000000
01009800000304
01009c00000000
0100a000000005
0200a400000000
01009800000005
01009c00000000
0100a000000005
0200a400000000
01009800000105
01009c00000000
0100a000000005
0200a400000000
01009800000205
01009c00000000
0100a000000005
0200a400000000
01009800000305
01009c00000000
0100a000000005
0200a400000000
01007400001000
02007400001000
01007800000000
01007c00000007
01008000000003
02008400000000
01007800000001
01007c00000107
01008000000003
02008400000001
01007800000002
01007c00000007
01008000000003
02008400000000
01007800000003
01007c00000107
01008000000003
02008400000001
01007800000100
01007c00000107
01008000000003
02008400000001
01007800000101
01007c00000007
01008000000003
02008400000000
01007800000102
01007c00000107
01008000000003
02008400000001
01007800000103
01007c00000107
01008000000003
02008400000001
01008800000000
01008c0a2d6d96
01009000000003
0200940a2d6d96
01008800000001
01008c0a30e1db
01009000000003
0200940a30e1db
01008800000002
01008c0a3d2b67
01009000000003
0200940a3d2b67
01008800000003
01008c0a55155d
01009000000003
0200940a55155d
01009800000000
01009c00000000
0100a000000005
0200a400000000
01009800000100
01009c00000000
0100a000000005
0200a400000000
01009800000200
01009c00000000
0100a000000005
0200a400000000
01009800000300
01009c00000000
0100a000000005
0200a400000000
01009800000001
01009c00000000
0100a000000005
0200a400000000
01009800000101
01009c00000000
0100a000000005
0200a400000000
01009800000201
01009c00000000
0100a000000005
0200a400000000
01009800000301
01009c00000000
0100a000000005
0200a400000000
01009800000002
01009c00000000
0100a000000005
0200a400000000
01009800000102
01009c00000000
0100a000000005
0200a400000000
01009800000202
01009c00000000
0100a000000005
0200a400000000
01009800000302
01009c00000000
0100a000000005
0200a400000000
01009800000003
01009c00000000
0100a000000005
0200a400000000
01009800000103
01009c00000000
0100a000000005
0200a400000000
01009800000203
01009c00000000
0100a000000005
0200a400000000
01009800000303
01009c00000000
0100a000000005
0200a400000000
01009800000004
01009c00000000
0100a000000005
0200a400000000
01009800000104
01009c00000000
0100a000000005
0200a400000000
01009800000204
01009c00000000
0100a000000005
0200a400000000
01009800000304
01009c00000000
0100a000000005
0200a400000000
01009800000005
01009c00000000
0100a000000005
0200a400000000
01009800000105
01009c00000000
0100a000000005
0200a400000000
01009800000205
01009c00000000
0100a000000005
0200a400000000
01009800000305
01009c00000000
0100a000000005
0200a400000000
01007400001100
02007400001100
01007800000000
01007c00000007
01008000000003
02008400000000
01007800000001
01007c00000107
01008000000003
02008400000001
01007800000002
01007c00000107
01008000000003
02008400000001
01007800000003
01007c00000107
01008000000003
02008400000001
01007800000100
01007c00000007
01008000000003
02008400000000
01007800000101
01007c00000107
01008000000003
02008400000001
01007800000102
01007c00000107
01008000000003
02008400000001
01007800000103
01007c00000107
01008000000003
02008400000001
01008800000000
01008c0a838e6e
01009000000003
0200940a838e6e
01008800000001
01008c0a8ac8a4
01009000000003
0200940a8ac8a4
01008800000002
01008c0a8ffbda
01009000000003
0200940a8ffbda
01008800000003
01008c0ab14c38
01009000000003
0200940ab14c38
01009800000000
01009c00000000
0100a000000005
0200a400000000
01009800000100
01009c00000000
0100a000000005
0200a400000000
01009800000200
01009c00000000
0100a000000005
0200a400000000
01009800000300
01009c00000000
0100a000000005
0200a400000000
01009800000001
01009c00000000
0100a000000005
0200a400000000
01009800000101
01009c00000000
0100a000000005
0200a400000000
01009800000201
01009c00000000
0100a000000005
0200a400000000
01009800000301
01009c00000000
0100a000000005
0200a400000000
01009800000002
01009c00000000
0100a000000005
0200a400000000
01009800000102
01009c00000000
0100a000000005
0200a400000000
01009800000202
01009c00000000
0100a000000005
0200a400000000
01009800000302
01009c00000000
0100a000000005
0200a400000000
01009800000003
01009c00000000
0100a000000005
0200a400000000
01009800000103
01009c00000000
0100a000000005
0200a400000000
01009800000203
01009c00000000
0100a000000005
0200a400000000
01009800000303
01009c00000000
0100a000000005
0200a400000000
01009800000004
01009c00000000
0100a000000005
0200a400000000
01009800000104
01009c00000000
0100a000000005
0200a400000000
01009800000204
01009c00000000
0100a000000005
0200a400000000
01009800000304
01009c00000000
0100a000000005
0200a400000000
01009800000005
01009c00000000
0100a000000005
0200a400000000
01009800000105
01009c00000000
0100a000000005
0200a400000000
01009800000205
01009c00000000
0100a000000005
0200a400000000
01009800000305
01009c00000000
0100a000000005
0200a400000000
01007400001200
02007400001200
01007800000000
01007c00000007
01008000000003
02008400000000
01007800000001
01007c00000107
01008000000003
02008400000001
01007800000002
01007c00000007
01008000000003
02008400000000
01007800000003
01007c00000007
01008000000003
02008400000000
01007800000100
01007c00000107
01008000000003
02008400000001
01007800000101
01007c00000107
01008000000003
02008400000001
01007800000102
01007c00000007
01008000000003
02008400000000
01007800000103
01007c00000107
01008000000003
02008400000001
01008800000000
01008c0ab5c75b
01009000000003
0200940ab5c75b
01008800000001
01008c0ae7b490
01009000000003
0200940ae7b490
01008800000002
01008c0b675c01
01009000000003
0200940b675c01
01008800000003
01008c0b6e0d0e
01009000000003
0200940b6e0d0e
01009800000000
01009c00000000
0100a000000005
0200a400000000
01009800000100
01009c00000000
0100a000000005
0200a400000000
01009800000200
01009c00000000
0100a000000005
0200a400000000
01009800000300
01009c00000000
0100a000000005
0200a400000000
01009800000001
01009c00000000
0100a000000005
0200a400000000
01009800000101
01009c00000000
0100a000000005
0200a400000000
01009800000201
01009c00000000
0100a000000005
0200a400000000
01009800000301
01009c00000000
0100a000000005
0200a400000000
01009800000002
01009c00000000
0100a000000005
0200a400000000
01009800000102
01009c00000000
0100a000000005
0200a400000000
01009800000202
01009c00000000
0100a000000005
0200a400000000
01009800000302
01009c00000000
0100a000000005
0200a400000000
01009800000003
01009c00000000
0100a000000005
0200a400000000
01009800000103
01009c00000000
0100a000000005
0200a400000000
01009800000203
01009c00000000
0100a000000005
0200a400000000
01009800000303
01009c00000000
0100a000000005
0200a400000000
01009800000004
01009c00000000
0100a000000005
0200a400000000
01009800000104
01009c00000000
0100a000000005
0200a400000000
01009800000204
01009c00000000
0100a000000005
0200a400000000
01009800000304
01009c00000000
0100a000000005
0200a400000000
01009800000005
01009c00000000
0100a000000005
0200a400000000
01009800000105
01009c00000000
0100a000000005
0200a400000000
01009800000205
01009c00000000
0100a000000005
0200a400000000
01009800000305
01009c00000000
0100a000000005
0200a400000000
01007400001300
02007400001300
01007800000000
01007c00000107
01008000000003
02008400000001
01007800000001
01007c00000007
01008000000003
02008400000000
01007800000002
01007c00000107
01008000000003
02008400000001
01007800000003
01007c00000107
01008000000003
02008400000001
01007800000100
01007c00000107
01008000000003
02008400000001
01007800000101
01007c00000007
01008000000003
02008400000000
01007800000102
01007c00000007
01008000000003
02008400000000
01007800000103
01007c00000107
01008000000003
02008400000001
01008800000000
01008c0ba53c5b
01009000000003
0200940ba53c5b
01008800000001
01008c0bc579c5
01009000000003
0200940bc579c5
01008800000002
01008c0bcda025
01009000000003
0200940bcda025
01008800000003
01008c0bef240d
01009000000003
0200940bef240d
01009800000000
01009c00000000
0100a000000005
0200a400000000
01009800000100
01009c00000000
0100a000000005
0200a400000000
01009800000200
01009c00000000
0100a000000005
0200a400000000
01009800000300
01009c00000000
0100a000000005
0200a400000000
01009800000001
01009c00000000
0100a000000005
0200a400000000
01009800000101
01009c00000000
0100a000000005
0200a400000000
01009800000201
01009c00000000
0100a000000005
0200a400000000
01009800000301
01009c00000000
0100a000000005
0200a400000000
01009800000002
01009c00000000
0100a000000005
0200a400000000
01009800000102
01009c00000000
0100a000000005
0200a400000000
01009800000202
01009c00000000
0100a000000005
0200a400000000
01009800000302
01009c00000000
0100a000000005
0200a400000000
01009800000003
01009c00000000
0100a000000005
0200a400000000
01009800000103
01009c00000000
0100a000000005
0200a400000000
01009800000203
01009c00000000
0100a000000005
0200a400000000
01009800000303
01009c00000000
0100a000000005
0200a400000000
01009800000005
01009c00000000
0100a000000005
0200a400000000
01009800000105
01009c00000000
0100a000000005
0200a400000000
01009800000205
01009c00000000
0100a000000005
0200a400000000
01009800000305
01009c00000000
0100a000000005
0200a400000000
01007400000001
02007400000001
01007800000000
01007c00000007
01008000000003
02008400000000
01007800000001
01007c00000107
01008000000003
02008400000001
01007800000002
01007c00000107
01008000000003
02008400000001
01007800000003
01007c00000007
01008000000003
02008400000000
01007800000100
01007c00000107
01008000000003
02008400000001
01007800000101
01007c00000007
01008000000003
02008400000000
01007800000102
01007c00000007
01008000000003
02008400000000
01007800000103
01007c00000007
01008000000003
02008400000000
01008800000000
01008c0bf05102
01009000000003
0200940bf05102
01008800000001
01008c0c3aae16
01009000000003
0200940c3aae16
01008800000002
01008c0c3ecca6
01009000000003
0200940c3ecca6
01008800000003
01008c0c54e32c
01009000000003
0200940c54e32c
01009800000000
01009c00000000
0100a000000005
0200a400000000
01009800000100
01009c00000000
0100a000000005
0200a400000000
01009800000200
01009c00000000
0100a000000005
0200a400000000
01009800000300
01009c00000000
0100a000000005
0200a400000000
01009800000001
01009c00000000
0100a000000005
0200a400000000
01009800000101
01009c00000000
0100a000000005
0200a400000000
01009800000201
01009c00000000
0100a000000005
0200a400000000
01009800000301
01009c00000000
0100a000000005
0200a400000000
01009800000002
01009c00000000
0100a000000005
0200a400000000
01009800000102
01009c00000000
0100a000000005
0200a400000000
01009800000202
01009c00000000
0100a000000005
0200a400000000
01009800000302
01009c00000000
0100a000000005
0200a400000000
01009800000003
01009c00000000
0100a000000005
0200a400000000
01009800000103
01009c00000000
0100a000000005
0200a400000000
01009800000203
01009c00000000
0100a000000005
0200a400000000
01009800000303
01009c00000000
0100a000000005
0200a400000000
01009800000004
01009c000001ff
0100a000000005
0200a4000001ff
01009800000104
01009c000001af
0100a000000005
0200a4000001af
01009800000204
01009c0000018f
0100a000000005
0200a40000018f
01009800000304
01009c000001cf
0100a000000005
0200a4000001cf
01009800000005
01009c000001df
0100a000000005
0200a4000001df
01009800000105
01009c000001f7
0100a000000005
0200a4000001f7
01009800000205
01009c000001ef
0100a000000005
0200a4000001ef
01009800000305
01009c00000187
0100a000000005
0200a400000187
01007400000101
02007400000101
01007800000000
01007c00000007
01008000000003
02008400000000
01007800000001
01007c00000107
01008000000003
02008400000001
01007800000002
01007c00000107
01008000000003
02008400000001
01007800000003
01007c00000007
01008000000003
02008400000000
01007800000100
01007c00000107
01008000000003
02008400000001
01007800000101
01007c00000107
01008000000003
02008400000001
01007800000102
01007c00000007
01008000000003
02008400000000
01007800000103
01007c00000007
01008000000003
02008400000000
01008800000000
01008c0c967394
01009000000003
0200940c967394
01008800000001
01008c0caafbc5
01009000000003
0200940caafbc5
01008800000002
01008c0cebae5d
01009000000003
0200940cebae5d
01008800000003
01008c0cf0318d
01009000000003
0200940cf0318d
01009800000000
01009c000001ff
0100a000000005
0200a4000001ff
01009800000100
01009c00000019
0100a000000005
0200a400000019
01009800000200
01009c00000055
0100a000000005
0200a400000055
01009800000300
01009c00000011
0100a000000005
0200a400000011
01009800000001
01009c00000000
0100a000000005
0200a400000000
01009800000101
01009c000001af
0100a000000005
0200a4000001af
01009800000201
01009c00000015
0100a000000005
0200a400000015
01009800000301
01009c00000029
0100a000000005
0200a400000029
01009800000002
01009c00000000
0100a000000005
0200a400000000
01009800000102
01009c00000000
0100a000000005
0200a400000000
01009800000202
01009c0000018f
0100a000000005
0200a40000018f
01009800000302
01009c00000019
0100a000000005
0200a400000019
01009800000003
01009c00000000
0100a000000005
0200a400000000
01009800000103
01009c00000000
0100a000000005
0200a400000000
01009800000203
01009c00000000
0100a000000005
0200a400000000
01009800000303
01009c000001cf
0100a000000005
0200a4000001cf
01009800000004
01009c000001ff
0100a000000005
0200a4000001ff
01009800000104
01009c000001af
0100a000000005
0200a4000001af
01009800000204
01009c0000018f
0100a000000005
0200a40000018f
01009800000304
01009c000001cf
0100a000000005
0200a4000001cf
01009800000005
01009c000001ff
0100a000000005
0200a4000001ff
01009800000105
01009c000001af
0100a000000005
0200a4000001af
01009800000205
01009c0000018f
0100a000000005
0200a40000018f
01009800000305
01009c000001cf
0100a000000005
0200a4000001cf
01007400000201
02007400000201
01007800000000
01007c00000107
01008000000003
02008400000001
01007800000001
01007c00000107
01008000000003
02008400000001
01007800000002
01007c00000107
01008000000003
02008400000001
01007800000003
01007c00000007
01008000000003
02008400000000
01007800000100
01007c00000007
01008000000003
02008400000000
01007800000101
01007c00000007
01008000000003
02008400000000
01007800000102
01007c00000007
01008000000003
02008400000000
01007800000103
01007c00000007
01008000000003
02008400000000
01008800000000
01008c0d63c7e1
01009000000003
0200940d63c7e1
01008800000001
01008c0d6651b5
01009000000003
0200940d6651b5
01008800000002
01008c0dba9018
01009000000003
0200940dba9018
01008800000003
01008c0dc5b853
01009000000003
0200940dc5b853
01009800000000
01009c00000019
0100a000000005
0200a400000019
01009800000100
01009c00000011
0100a000000005
0200a400000011
01009800000200
01009c00000011
0100a000000005
0200a400000011
01009800000300
01009c0000000d
0100a000000005
0200a40000000d
01009800000001
01009c00000015
0100a000000005
0200a400000015
01009800000101
01009c00000005
0100a000000005
0200a400000005
01009800000201
01009c00000015
0100a000000005
0200a400000015
01009800000301
01009c00000011
0100a000000005
0200a400000011
01009800000002
01009c00000009
0100a000000005
0200a400000009
01009800000102
01009c00000019
0100a000000005
0200a400000019
01009800000202
01009c00000009
0100a000000005
0200a400000009
01009800000302
01009c00000005
0100a000000005
0200a400000005
01009800000003
01009c00000011
0100a000000005
0200a400000011
01009800000103
01009c0000000d
0100a000000005
0200a40000000d
01009800000203
01009c00000009
0100a000000005
0200a400000009
01009800000303
01009c0000001d
0100a000000005
0200a40000001d
01009800000004
01009c000001ff
0100a000000005
0200a4000001ff
01009800000104
01009c000001af
0100a000000005
0200a4000001af
01009800000204
01009c0000018f
0100a000000005
0200a40000018f
01009800000304
01009c000001cf
0100a000000005
0200a4000001cf
01009800000005
01009c0000019f
0100a000000005
0200a40000019f
01009800000105
01009c000001bf
0100a000000005
0200a4000001bf
01009800000205
01009c0000015f
0100a000000005
0200a40000015f
01009800000305
01009c000001cf
0100a000000005
0200a4000001cf
01007400000301
02007400000301
01007800000000
01007c00000007
01008000000003
02008400000000
01007800000001
01007c00000007
01008000000003
02008400000000
01007800000002
01007c00000007
01008000000003
02008400000000
01007800000003
01007c00000107
01008000000003
02008400000001
01007800000100
01007c00000007
01008000000003
02008400000000
01007800000101
01007c00000107
01008000000003
02008400000001
01007800000102
01007c00000107
01008000000003
02008400000001
01007800000103
01007c00000007
01008000000003
02008400000000
01008800000000
01008c0dcd34e7
01009000000003
0200940dcd34e7
01008800000001
01008c0dde30d2
01009000000003
0200940dde30d2
01008800000002
01008c0e009367
01009000000003
0200940e009367
01008800000003
01008c0e2a1e84
01009000000003
0200940e2a1e84
01009800000000
01009c00000005
0100a000000005
0200a400000005
01009800000100
01009c00000011
0100a000000005
0200a400000011
01009800000200
01009c00000019
0100a000000005
0200a400000019
01009800000300
01009c0000000d
0100a000000005
0200a40000000d
01009800000001
01009c0000002d
0100a000000005
0200a40000002d
01009800000101
01009c00000005
0100a000000005
0200a400000005
01009800000201
01009c0000000d
0100a000000005
0200a40000000d
01009800000301
01009c00000011
0100a000000005
0200a400000011
01009800000002
01009c0000002d
0100a000000005
0200a40000002d
01009800000102
01009c0000000d
0100a000000005
0200a40000000d
01009800000202
01009c00000011
0100a000000005
0200a400000011
01009800000302
01009c00000009
0100a000000005
0200a400000009
01009800000003
01009c00000011
0100a000000005
0200a400000011
01009800000103
01009c00000019
0100a000000005
0200a400000019
01009800000203
01009c00000009
0100a000000005
0200a400000009
01009800000303
01009c00000009
0100a000000005
0200a400000009
01009800000004
01009c000001ff
0100a000000005
0200a4000001ff
01009800000104
01009c000001af
0100a000000005
0200a4000001af
01009800000204
01009c0000018f
0100a000000005
0200a40000018f
01009800000304
01009c000001cf
0100a000000005
0200a4000001cf
01009800000005
01009c00000167
0100a000000005
0200a400000167
01009800000105
01009c0000018f
0100a000000005
0200a40000018f
01009800000205
01009c0000015f
0100a000000005
0200a40000015f
01009800000305
01009c000001a7
0100a000000005
0200a4000001a7
01007400000401
02007400000401
01007800000000
01007c00000007
01008000000003
02008400000000
01007800000001
01007c00000107
01008000000003
02008400000001
01007800000002
01007c00000107
01008000000003
02008400000001
01007800000003
01007c00000107
01008000000003
02008400000001
01007800000100
01007c00000107
01008000000003
02008400000001
01007800000101
01007c00000007
01008000000003
02008400000000
01007800000102
01007c00000007
01008000000003
02008400000000
01007800000103
01007c00000107
01008000000003
02008400000001
01008800000000
01008c0e3d4921
01009000000003
0200940e3d4921
01008800000001
01008c0e797098
01009000000003
0200940e797098
01008800000002
01008c0e8c3c2e
01009000000003
0200940e8c3c2e
01008800000003
01008c0ed5935d
01009000000003
0200940ed5935d
01009800000000
01009c0000000d
0100a000000005
0200a40000000d
01009800000100
01009c00000011
0100a000000005
0200a400000011
01009800000200
01009c00000011
0100a000000005
0200a400000011
01009800000300
01009c00000029
0100a000000005
0200a400000029
01009800000001
01009c00000005
0100a000000005
0200a400000005
01009800000101
01009c00000011
0100a000000005
0200a400000011
01009800000201
01009c00000011
0100a000000005
0200a400000011
01009800000301
01009c00000035
0100a000000005
0200a400000035
01009800000002
01009c00000009
0100a000000005
0200a400000009
01009800000102
01009c00000029
0100a000000005
0200a400000029
01009800000202
01009c00000019
0100a000000005
0200a400000019
01009800000302
01009c00000011
0100a000000005
0200a400000011
01009800000003
01009c0000001d
0100a000000005
0200a40000001d
01009800000103
01009c00000005
0100a000000005
0200a400000005
01009800000203
01009c0000000d
0100a000000005
0200a40000000d
01009800000303
01009c00000005
0100a000000005
0200a400000005
01009800000004
01009c000001ff
0100a000000005
0200a4000001ff
01009800000104
01009c000001af
0100a000000005
0200a4000001af
01009800000204
01009c0000018f
0100a000000005
0200a40000018f
01009800000304
01009c000001cf
0100a000000005
0200a4000001cf
01009800000005
01009c000001a7
0100a000000005
0200a4000001a7
01009800000105
01009c000001a7
0100a000000005
0200a4000001a7
01009800000205
01009c0000013b
0100a000000005
0200a40000013b
01009800000305
01009c00000177
0100a000000005
0200a400000177
01007400000501
02007400000501
01007800000000
01007c00000007
01008000000003
02008400000000
01007800000001
01007c00000007
01008000000003
02008400000000
01007800000002
01007c00000107
01008000000003
02008400000001
01007800000003
01007c00000107
01008000000003
02008400000001
01007800000100
01007c00000107
01008000000003
02008400000001
01007800000101
01007c00000107
01008000000003
02008400000001
01007800000102
01007c00000007
01008000000003
02008400000000
01007800000103
01007c00000107
01008000000003
02008400000001
01008800000000
01008c0f44361a
01009000000003
0200940f44361a
01008800000001
01008c0f473a21
01009000000003
0200940f473a21
01008800000002
01008c0f6541bb
01009000000003
0200940f6541bb
01008800000003
01008c0f821c40
01009000000003
0200940f821c40
01009800000000
01009c0000000d
0100a000000005
0200a40000000d
01009800000100
01009c00000025
0100a000000005
0200a400000025
01009800000200
01009c0000000d
0100a000000005
0200a40000000d
01009800000300
01009c00000009
0100a000000005
0200a400000009
01009800000001
01009c0000000d
0100a000000005
0200a40000000d
01009800000101
01009c0000001d
0100a000000005
0200a40000001d
01009800000201
01009c00000009
0100a000000005
0200a400000009
01009800000301
01009c00000015
0100a000000005
0200a400000015
01009800000002
01009c0000001d
0100a000000005
0200a40000001d
01009800000102
01009c0000000d
0100a000000005
0200a40000000d
01009800000202
01009c00000011
0100a000000005
0200a400000011
01009800000302
01009c00000011
0100a000000005
0200a400000011
01009800000003
01009c00000000
0100a000000005
0200a400000000
01009800000103
01009c00000000
0100a000000005
0200a400000000
01009800000203
01009c00000000
0100a000000005
0200a400000000
01009800000303
01009c00000000
0100a000000005
0200a400000000
01009800000004
01009c00000000
0100a000000005
0200a400000000
01009800000104
01009c00000000
0100a000000005
0200a400000000
01009800000204
01009c00000000
0100a000000005
0200a400000000
01009800000304
01009c00000000
0100a000000005
0200a400000000
01009800000005
01009c000001b7
0100a000000005
0200a4000001b7
01009800000105
01009c00000153
0100a000000005
0200a400000153
01009800000205
01009c000001a7
0100a000000005
0200a4000001a7
01009800000305
01009c00000000
0100a000000005
0200a400000000
01007400000601
02007400000601
01007800000000
01007c00000007
01008000000003
02008400000000
01007800000001
01007c00000107
01008000000003
02008400000001
01007800000002
01007c00000007
01008000000003
02008400000000
01007800000003
01007c00000007
01008000000003
02008400000000
01007800000100
01007c00000107
01008000000003
02008400000001
01007800000101
01007c00000107
01008000000003
02008400000001
01007800000102
01007c00000007
01008000000003
02008400000000
01007800000103
01007c00000007
01008000000003
02008400000000
01008800000000
01008c0f88b97f
01009000000003
0200940f88b97f
01008800000001
01008c0fcaa368
01009000000003
0200940fcaa368
01008800000002
01008c101af7fb
01009000000003
020094101af7fb
01008800000003
01008c102d1dca
01009000000003
020094102d1dca
01009800000000
01009c00000000
0100a000000005
0200a400000000
01009800000100
01009c00000000
0100a000000005
0200a400000000
01009800000200
01009c00000000
0100a000000005
0200a400000000
01009800000300
01009c00000000
0100a000000005
0200a400000000
01009800000001
01009c00000000
0100a000000005
0200a400000000
01009800000101
01009c00000000
0100a000000005
0200a400000000
01009800000201
01009c00000000
0100a000000005
0200a400000000
01009800000301
01009c00000000
0100a000000005
0200a400000000
01009800000002
01009c00000000
0100a000000005
0200a400000000
01009800000102
01009c00000000
0100a000000005
0200a400000000
01009800000202
01009c00000000
0100a000000005
0200a400000000
01009800000302
01009c00000000
0100a000000005
0200a400000000
01009800000003
01009c00000000
0100a000000005
0200a400000000
01009800000103
01009c00000000
0100a000000005
0200a400000000
01009800000203
01009c00000000
0100a000000005
0200a400000000
01009800000303
01009c00000000
0100a000000005
0200a400000000
01009800000004
01009c00000000
0100a000000005
0200a400000000
01009800000104
01009c00000000
0100a000000005
0200a400000000
01009800000204
01009c00000000
0100a000000005
0200a400000000
01009800000304
01009c00000000
0100a000000005
0200a400000000
01009800000005
01009c00000000
0100a000000005
0200a400000000
01009800000105
01009c00000000
0100a000000005
0200a400000000
01009800000205
01009c00000000
0100a000000005
0200a400000000
01009800000305
01009c00000000
0100a000000005
0200a400000000
01007400000701
02007400000701
01007800000000
01007c00000107
01008000000003
02008400000001
01007800000001
01007c00000007
01008000000003
02008400000000
01007800000002
01007c00000007
01008000000003
02008400000000
01007800000003
01007c00000107
01008000000003
02008400000001
01007800000100
01007c00000107
01008000000003
02008400000001
01007800000101
01007c00000007
01008000000003
02008400000000
01007800000102
01007c00000007
01008000000003
02008400000000
01007800000103
01007c00000007
01008000000003
02008400000000
01008800000000
01008c103b78d5
01009000000003
020094103b78d5
01008800000001
01008c105368d1
01009000000003
020094105368d1
01008800000002
01008c106196ef
01009000000003
020094106196ef
01008800000003
01008c10d536da
01009000000003
02009410d536da
01009800000000
01009c00000000
0100a000000005
0200a400000000
01009800000100
01009c00000000
0100a000000005
0200a400000000
01009800000200
01009c00000000
0100a000000005
0200a400000000
01009800000300
01009c00000000
0100a000000005
0200a400000000
01009800000001
01009c00000000
0100a000000005
0200a400000000
01009800000101
01009c00000000
0100a000000005
0200a400000000
01009800000201
01009c00000000
0100a000000005
0200a400000000
01009800000301
01009c00000000
0100a000000005
0200a400000000
01009800000002
01009c00000000
0100a000000005
0200a400000000
01009800000102
01009c00000000
0100a000000005
0200a400000000
01009800000202
01009c00000000
0100a000000005
0200a400000000
01009800000302
01009c00000000
0100a000000005
0200a400000000
01009800000003
01009c00000000
0100a000000005
0200a400000000
01009800000103
01009c00000000
0100a000000005
0200a400000000
01009800000203
01009c00000000
0100a000000005
0200a400000000
01009800000303
01009c00000000
0100a000000005
0200a400000000
01009800000004
01009c00000000
0100a000000005
0200a400000000
01009800000104
01009c00000000
0100a000000005
0200a400000000
01009800000204
01009c00000000
0100a000000005
0200a400000000
01009800000304
01009c00000000
0100a000000005
0200a400000000
01009800000005
01009c00000000
0100a000000005
0200a400000000
01009800000105
01009c00000000
0100a000000005
0200a400000000
01009800000205
01009c00000000
0100a000000005
0200a400000000
01009800000305
01009c00000000
0100a000000005
0200a400000000
01007400000801
02007400000801
01007800000000
01007c00000107
01008000000003
02008400000001
01007800000001
01007c00000107
01008000000003
02008400000001
01007800000002
01007c00000007
01008000000003
02008400000000
01007800000003
01007c00000107
01008000000003
02008400000001
01007800000100
01007c00000007
01008000000003
02008400000000
01007800000101
01007c00000007
01008000000003
02008400000000
01007800000102
01007c00000007
01008000000003
02008400000000
01007800000103
01007c00000007
01008000000003
02008400000000
01008800000000
01008c10ff96b0
01009000000003
02009410ff96b0
01008800000001
01008c112f9bad
01009000000003
020094112f9bad
01008800000002
01008c1137492d
01009000000003
0200941137492d
01008800000003
01008c11548023
01009000000003
02009411548023
01009800000000
01009c00000000
0100a000000005
0200a400000000
01009800000100
01009c00000000
0100a000000005
0200a400000000
01009800000200
01009c00000000
0100a000000005
0200a400000000
01009800000300
01009c00000000
0100a000000005
0200a400000000
01009800000001
01009c00000000
0100a000000005
0200a400000000
01009800000101
01009c00000000
0100a000000005
0200a400000000
01009800000201
01009c00000000
0100a000000005
0200a400000000
01009800000301
01009c00000000
0100a000000005
0200a400000000
01009800000002
01009c00000000
0100a000000005
0200a400000000
01009800000102
01009c00000000
0100a000000005
0200a400000000
01009800000202
01009c00000000
0100a000000005
0200a400000000
01009800000302
01009c00000000
0100a000000005
0200a400000000
01009800000003
01009c00000000
0100a000000005
0200a400000000
01009800000103
01009c00000000
0100a000000005
0200a400000000
01009800000203
01009c00000000
0100a000000005
0200a400000000
01009800000303
01009c00000000
0100a000000005
0200a400000000
01009800000004
01009c00000000
0100a000000005
0200a400000000
01009800000104
01009c00000000
0100a000000005
0200a400000000
01009800000204
01009c00000000
0100a000000005
0200a400000000
01009800000304
01009c00000000
0100a000000005
0200a400000000
01009800000005
01009c00000000
0100a000000005
0200a400000000
01009800000105
01009c00000000
0100a000000005
0200a400000000
01009800000205
01009c00000000
0100a000000005
0200a400000000
01009800000305
01009c00000000
0100a000000005
0200a400000000
01007400000901
02007400000901
01007800000000
01007c00000007
01008000000003
02008400000000
01007800000001
01007c00000007
01008000000003
02008400000000
01007800000002
01007c00000007
01008000000003
02008400000000
01007800000003
01007c00000007
01008000000003
02008400000000
01007800000100
01007c00000107
01008000000003
02008400000001
01007800000101
01007c00000007
01008000000003
02008400000000
01007800000102
01007c00000007
01008000000003
02008400000000
01007800000103
01007c00000107
01008000000003
02008400000001
01008800000000
01008c117078bf
01009000000003
020094117078bf
01008800000001
01008c11776a46
01009000000003
02009411776a46
01008800000002
01008c118c4fa5
01009000000003
020094118c4fa5
01008800000003
01008c11d1ec4d
01009000000003
02009411d1ec4d
01009800000000
01009c00000000
0100a000000005
0200a400000000
01009800000100
01009c00000000
0100a000000005
0200a400000000
01009800000200
01009c00000000
0100a000000005
0200a400000000
01009800000300
01009c00000000
0100a000000005
0200a400000000
01009800000001
01009c00000000
0100a000000005
0200a400000000
01009800000101
01009c00000000
0100a000000005
0200a400000000
01009800000201
01009c00000000
0100a000000005
0200a400000000
01009800000301
01009c00000000
0100a000000005
0200a400000000
01009800000002
01009c00000000
0100a000000005
0200a400000000
01009800000102
01009c00000000
0100a000000005
0200a400000000
01009800000202
01009c00000000
0100a000000005
0200a400000000
01009800000302
01009c00000000
0100a000000005
0200a400000000
01009800000003
01009c00000000
0100a000000005
0200a400000000
01009800000103
01009c00000000
0100a000000005
0200a400000000
01009800000203
01009c00000000
0100a000000005
0200a400000000
01009800000303
01009c00000000
0100a000000005
0200a400000000
01009800000004
01009c00000000
0100a000000005
0200a400000000
01009800000104
01009c00000000
0100a000000005
0200a400000000
01009800000204
01009c00000000
0100a000000005
0200a400000000
01009800000304
01009c00000000
0100a000000005
0200a400000000
01009800000005
01009c00000000
0100a000000005
0200a400000000
01009800000105
01009c00000000
0100a000000005
0200a400000000
01009800000205
01009c00000000
0100a000000005
0200a400000000
01009800000305
01009c00000000
0100a000000005
0200a400000000
01007400000a01
02007400000a01
01007800000000
01007c00000107
01008000000003
02008400000001
01007800000001
01007c00000007
01008000000003
02008400000000
01007800000002
01007c00000007
01008000000003
02008400000000
01007800000003
01007c00000007
01008000000003
02008400000000
01007800000100
01007c00000107
01008000000003
02008400000001
01007800000101
01007c00000007
01008000000003
02008400000000
01007800000102
01007c00000007
01008000000003
02008400000000
01007800000103
01007c00000107
01008000000003
02008400000001
01008800000000
01008c11ee8f52
01009000000003
02009411ee8f52
01008800000001
01008c122079bd
01009000000003
020094122079bd
01008800000002
01008c12335e43
01009000000003
02009412335e43
01008800000003
01008c127ee18e
01009000000003
020094127ee18e
01009800000000
01009c00000000
0100a000000005
0200a400000000
01009800000100
01009c00000000
0100a000000005
0200a400000000
01009800000200
01009c00000000
0100a000000005
0200a400000000
01009800000300
01009c00000000
0100a000000005
0200a400000000
01009800000001
01009c00000000
0100a000000005
0200a400000000
01009800000101
01009c00000000
0100a000000005
0200a400000000
01009800000201
01009c00000000
0100a000000005
0200a400000000
01009800000301
01009c00000000
0100a000000005
0200a400000000
01009800000002
01009c00000000
0100a000000005
0200a400000000
01009800000102
01009c00000000
0100a000000005
0200a400000000
01009800000202
01009c00000000
0100a000000005
0200a400000000
01009800000302
01009c00000000
0100a000000005
0200a400000000
01009800000003
01009c00000000
0100a000000005
0200a400000000
01009800000103
01009c00000000
0100a000000005
0200a400000000
01009800000203
01009c00000000
0100a000000005
0200a400000000
01009800000303
01009c00000000
0100a000000005
0200a400000000
01009800000004
01009c00000000
0100a000000005
0200a400000000
01009800000104
01009c00000000
0100a000000005
0200a400000000
01009800000204
01009c00000000
0100a000000005
0200a400000000
01009800000304
01009c00000000
0100a000000005
0200a400000000
01009800000005
01009c00000000
0100a000000005
0200a400000000
01009800000105
01009c00000000
0100a000000005
0200a400000000
01009800000205
01009c00000000
0100a000000005
0200a400000000
01009800000305
01009c00000000
0100a000000005
0200a400000000
01007400000b01
02007400000b01
01007800000000
01007c00000007
01008000000003
02008400000000
01007800000001
01007c00000007
01008000000003
02008400000000
01007800000002
01007c00000007
01008000000003
02008400000000
01007800000003
01007c00000107
01008000000003
02008400000001
01007800000100
01007c00000007
01008000000003
02008400000000
01007800000101
01007c00000107
01008000000003
02008400000001
01007800000102
01007c00000107
01008000000003
02008400000001
01007800000103
01007c00000007
01008000000003
02008400000000
01008800000000
01008c12a172f0
01009000000003
02009412a172f0
01008800000001
01008c12c40de6
01009000000003
02009412c40de6
01008800000002
01008c12ea5fed
01009000000003
02009412ea5fed
01008800000003
01008c139084fc
01009000000003
020094139084fc
01009800000000
01009c00000000
0100a000000005
0200a400000000
01009800000100
01009c00000000
0100a000000005
0200a400000000
01009800000200
01009c00000000
0100a000000005
0200a400000000
01009800000300
01009c00000000
0100a000000005
0200a400000000
01009800000001
01009c00000000
0100a000000005
0200a400000000
01009800000101
01009c00000000
0100a000000005
0200a400000000
01009800000201
01009c00000000
0100a000000005
0200a400000000
01009800000301
01009c00000000
0100a000000005
0200a400000000
01009800000002
01009c00000000
0100a000000005
0200a400000000
01009800000102
01009c00000000
0100a000000005
0200a400000000
01009800000202
01009c00000000
0100a000000005
0200a400000000
01009800000302
01009c00000000
0100a000000005
0200a400000000
01009800000003
01009c00000000
0100a000000005
0200a400000000
01009800000103
01009c00000000
0100a000000005
0200a400000000
01009800000203
01009c00000000
0100a000000005
0200a400000000
01009800000303
01009c00000000
0100a000000005
0200a400000000
01009800000004
01009c00000000
0100a000000005
0200a400000000
01009800000104
01009c00000000
0100a000000005
0200a400000000
01009800000204
01009c00000000
0100a000000005
0200a400000000
01009800000304
01009c00000000
0100a000000005
0200a400000000
01009800000005
01009c00000000
0100a000000005
0200a400000000
01009800000105
01009c00000000
0100a000000005
0200a400000000
01009800000205
01009c00000000
0100a000000005
0200a400000000
01009800000305
01009c00000000
0100a000000005
0200a400000000
01007400000c01
02007400000c01
01007800000000
01007c00000007
01008000000003
02008400000000
01007800000001
01007c00000107
01008000000003
02008400000001
01007800000002
01007c00000007
01008000000003
02008400000000
01007800000003
01007c00000007
01008000000003
02008400000000
01007800000100
01007c00000007
01008000000003
02008400000000
01007800000101
01007c00000107
01008000000003
02008400000001
01007800000102
01007c00000007
01008000000003
02008400000000
01007800000103
01007c00000107
01008000000003
02008400000001
01008800000000
01008c1393076e
01009000000003
0200941393076e
01008800000001
01008c13ae7574
01009000000003
02009413ae7574
01008800000002
01008c140be289
01009000000003
020094140be289
01008800000003
01008c14347751
01009000000003
02009414347751
01009800000000
01009c00000000
0100a000000005
0200a400000000
01009800000100
01009c00000000
0100a000000005
0200a400000000
01009800000200
01009c00000000
0100a000000005
0200a400000000
01009800000300
01009c00000000
0100a000000005
0200a400000000
01009800000001
01009c00000000
0100a000000005
0200a400000000
01009800000101
01009c00000000
0100a000000005
0200a400000000
01009800000201
01009c00000000
0100a000000005
0200a400000000
01009800000301
01009c00000000
0100a000000005
0200a400000000
01009800000002
01009c00000000
0100a000000005
0200a400000000
01009800000102
01009c00000000
0100a000000005
0200a400000000
01009800000202
01009c00000000
0100a000000005
0200a400000000
01009800000302
01009c00000000
0100a000000005
0200a400000000
01009800000003
01009c00000000
0100a000000005
0200a400000000
01009800000103
01009c00000000
0100a000000005
0200a400000000
01009800000203
01009c00000000
0100a000000005
0200a400000000
01009800000303
01009c00000000
0100a000000005
0200a400000000
01009800000004
01009c00000000
0100a000000005
0200a400000000
01009800000104
01009c00000000
0100a000000005
0200a400000000
01009800000204
01009c00000000
0100a000000005
0200a400000000
01009800000304
01009c00000000
0100a000000005
0200a400000000
01009800000005
01009c00000000
0100a000000005
0200a400000000
01009800000105
01009c00000000
0100a000000005
0200a400000000
01009800000205
01009c00000000
0100a000000005
0200a400000000
01009800000305
01009c00000000
0100a000000005
0200a400000000
01007400000d01
02007400000d01
01007800000000
01007c00000107
01008000000003
02008400000001
01007800000001
01007c00000007
01008000000003
02008400000000
01007800000002
01007c00000007
01008000000003
02008400000000
01007800000003
01007c00000007
01008000000003
02008400000000
01007800000100
01007c00000107
01008000000003
02008400000001
01007800000101
01007c00000007
01008000000003
02008400000000
01007800000102
01007c00000107
01008000000003
02008400000001
01007800000103
01007c00000007
01008000000003
02008400000000
01008800000000
01008c1454dc00
01009000000003
0200941454dc00
01008800000001
01008c1488beb7
01009000000003
0200941488beb7
01008800000002
01008c14946371
01009000000003
02009414946371
01008800000003
01008c14d198ae
01009000000003
02009414d198ae
01009800000000
01009c00000000
0100a000000005
0200a400000000
01009800000100
01009c00000000
0100a000000005
0200a400000000
01009800000200
01009c00000000
0100a000000005
0200a400000000
01009800000300
01009c00000000
0100a000000005
0200a400000000
01009800000001
01009c00000000
0100a000000005
0200a400000000
01009800000101
01009c00000000
0100a000000005
0200a400000000
01009800000201
01009c00000000
0100a000000005
0200a400000000
01009800000301
01009c00000000
0100a000000005
0200a400000000
01009800000002
01009c00000000
0100a000000005
0200a400000000
01009800000102
01009c00000000
0100a000000005
0200a400000000
01009800000202
01009c00000000
0100a000000005
0200a400000000
01009800000302
01009c00000000
0100a000000005
0200a400000000
01009800000003
01009c00000000
0100a000000005
0200a400000000
01009800000103
01009c00000000
0100a000000005
0200a400000000
01009800000203
01009c00000000
0100a000000005
0200a400000000
01009800000303
01009c00000000
0100a000000005
0200a400000000
01009800000004
01009c00000000
0100a000000005
0200a400000000
01009800000104
01009c00000000
0100a000000005
0200a400000000
01009800000204
01009c00000000
0100a000000005
0200a400000000
01009800000304
01009c00000000
0100a000000005
0200a400000000
01009800000005
01009c00000000
0100a000000005
0200a400000000
01009800000105
01009c00000000
0100a000000005
0200a400000000
01009800000205
01009c00000000
0100a000000005
0200a400000000
01009800000305
01009c00000000
0100a000000005
0200a400000000
01007400000e01
02007400000e01
01007800000000
01007c00000007
01008000000003
02008400000000
01007800000001
01007c00000107
01008000000003
02008400000001
01007800000002
01007c00000107
01008000000003
02008400000001
01007800000003
01007c00000107
01008000000003
02008400000001
01007800000100
01007c00000007
01008000000003
02008400000000
01007800000101
01007c00000107
01008000000003
02008400000001
01007800000102
01007c00000107
01008000000003
02008400000001
01007800000103
01007c00000007
01008000000003
02008400000000
01008800000000
01008c153aa510
01009000000003
020094153aa510
01008800000001
01008c153c7fb6
01009000000003
020094153c7fb6
01008800000002
01008c155ffb7a
01009000000003
020094155ffb7a
01008800000003
01008c1586bbc5
01009000000003
0200941586bbc5
01009800000000
01009c00000000
0100a000000005
0200a400000000
01009800000100
01009c00000000
0100a000000005
0200a400000000
01009800000200
01009c00000000
0100a000000005
0200a400000000
01009800000300
01009c00000000
0100a000000005
0200a400000000
01009800000001
01009c00000000
0100a000000005
0200a400000000
01009800000101
01009c00000000
0100a000000005
0200a400000000
01009800000201
01009c00000000
0100a000000005
0200a400000000
01009800000301
01009c00000000
0100a000000005
0200a400000000
01009800000002
01009c00000000
0100a000000005
0200a400000000
01009800000102
01009c00000000
0100a000000005
0200a400000000
01009800000202
01009c00000000
0100a000000005
0200a400000000
01009800000302
01009c00000000
0100a000000005
0200a400000000
01009800000003
01009c00000000
0100a000000005
0200a400000000
01009800000103
01009c00000000
0100a000000005
0200a400000000
01009800000203
01009c00000000
0100a000000005
0200a400000000
01009800000303
01009c00000000
0100a000000005
0200a400000000
01009800000004
01009c00000000
0100a000000005
0200a400000000
01009800000104
01009c00000000
0100a000000005
0200a400000000
01009800000204
01009c00000000
0100a000000005
0200a400000000
01009800000304
01009c00000000
0100a000000005
0200a400000000
01009800000005
01009c00000000
0100a000000005
0200a400000000
01009800000105
01009c00000000
0100a000000005
0200a400000000
01009800000205
01009c00000000
0100a000000005
0200a400000000
01009800000305
01009c00000000
0100a000000005
0200a400000000
01007400000f01
02007400000f01
01007800000000
01007c00000107
01008000000003
02008400000001
01007800000001
01007c00000107
01008000000003
02008400000001
01007800000002
01007c00000007
01008000000003
02008400000000
01007800000003
01007c00000107
01008000000003
02008400000001
01007800000100
01007c00000107
01008000000003
02008400000001
01007800000101
01007c00000007
01008000000003
02008400000000
01007800000102
01007c00000107
01008000000003
02008400000001
01007800000103
01007c00000107
01008000000003
02008400000001
01008800000000
01008c15cf7a4f
01009000000003
02009415cf7a4f
01008800000001
01008c1635704b
01009000000003
0200941635704b
01008800000002
01008c168edbe9
01009000000003
020094168edbe9
01008800000003
01008c16a97c0d
01009000000003
02009416a97c0d
01009800000000
01009c00000000
0100a000000005
0200a400000000
01009800000100
01009c00000000
0100a000000005
0200a400000000
01009800000200
01009c00000000
0100a000000005
0200a400000000
01009800000300
01009c00000000
0100a000000005
0200a400000000
01009800000001
01009c00000000
0100a000000005
0200a400000000
01009800000101
01009c00000000
0100a000000005
0200a400000000
01009800000201
01009c00000000
0100a000000005
0200a400000000
01009800000301
01009c00000000
0100a000000005
0200a400000000
01009800000002
01009c00000000
0100a000000005
0200a400000000
01009800000102
01009c00000000
0100a000000005
0200a400000000
01009800000202
01009c00000000
0100a000000005
0200a400000000
01009800000302
01009c00000000
0100a000000005
0200a400000000
01009800000003
01009c00000000
0100a000000005
0200a400000000
01009800000103
01009c00000000
0100a000000005
0200a400000000
01009800000203
01009c00000000
0100a000000005
0200a400000000
01009800000303
01009c00000000
0100a000000005
0200a400000000
01009800000004
01009c00000000
0100a000000005
0200a400000000
01009800000104
01009c00000000
0100a000000005
0200a400000000
01009800000204
01009c00000000
0100a000000005
0200a400000000
01009800000304
01009c00000000
0100a000000005
0200a400000000
01009800000005
01009c00000000
0100a000000005
0200a400000000
01009800000105
01009c00000000
0100a000000005
0200a400000000
01009800000205
01009c00000000
0100a000000005
0200a400000000
01009800000305
01009c00000000
0100a000000005
0200a400000000
01007400001001
02007400001001
01007800000000
01007c00000007
01008000000003
02008400000000
01007800000001
01007c00000007
01008000000003
02008400000000
01007800000002
01007c00000107
01008000000003
02008400000001
01007800000003
01007c00000107
01008000000003
02008400000001
01007800000100
01007c00000107
01008000000003
02008400000001
01007800000101
01007c00000107
01008000000003
02008400000001
01007800000102
01007c00000007
01008000000003
02008400000000
01007800000103
01007c00000107
01008000000003
02008400000001
01008800000000
01008c16c3803f
01009000000003
02009416c3803f
01008800000001
01008c16cd4ed1
01009000000003
02009416cd4ed1
01008800000002
01008c16d88573
01009000000003
02009416d88573
01008800000003
01008c1707e42b
01009000000003
0200941707e42b
01009800000000
01009c00000000
0100a000000005
0200a400000000
01009800000100
01009c00000000
0100a000000005
0200a400000000
01009800000200
01009c00000000
0100a000000005
0200a400000000
01009800000300
01009c00000000
0100a000000005
0200a400000000
01009800000001
01009c00000000
0100a000000005
0200a400000000
01009800000101
01009c00000000
0100a000000005
0200a400000000
01009800000201
01009c00000000
0100a000000005
0200a400000000
01009800000301
01009c00000000
0100a000000005
0200a400000000
01009800000002
01009c00000000
0100a000000005
0200a400000000
01009800000102
01009c00000000
0100a000000005
0200a400000000
01009800000202
01009c00000000
0100a000000005
0200a400000000
01009800000302
01009c00000000
0100a000000005
0200a400000000
01009800000003
01009c00000000
0100a000000005
0200a400000000
01009800000103
01009c00000000
0100a000000005
0200a400000000
01009800000203
01009c00000000
0100a000000005
0200a400000000
01009800000303
01009c00000000
0100a000000005
0200a400000000
01009800000004
01009c00000000
0100a000000005
0200a400000000
01009800000104
01009c00000000
0100a000000005
0200a400000000
01009800000204
01009c00000000
0100a000000005
0200a400000000
01009800000304
01009c00000000
0100a000000005
0200a400000000
01009800000005
01009c00000000
0100a000000005
0200a400000000
01009800000105
01009c00000000
0100a000000005
0200a400000000
01009800000205
01009c00000000
0100a000000005
0200a400000000
01009800000305
01009c00000000
0100a000000005
0200a400000000
01007400001101
02007400001101
01007800000000
01007c00000107
01008000000003
02008400000001
01007800000001
01007c00000107
01008000000003
02008400000001
01007800000002
01007c00000007
01008000000003
02008400000000
01007800000003
01007c00000007
01008000000003
02008400000000
01007800000100
01007c00000007
01008000000003
02008400000000
01007800000101
01007c00000007
01008000000003
02008400000000
01007800000102
01007c00000007
01008000000003
02008400000000
01007800000103
01007c00000107
01008000000003
02008400000001
01008800000000
01008c173ec06a
01009000000003
020094173ec06a
01008800000001
01008c17682a7d
01009000000003
02009417682a7d
01008800000002
01008c17942be4
01009000000003
02009417942be4
01008800000003
01008c1794b135
01009000000003
0200941794b135
01009800000000
01009c00000000
0100a000000005
0200a400000000
01009800000100
01009c00000000
0100a000000005
0200a400000000
01009800000200
01009c00000000
0100a000000005
0200a400000000
01009800000300
01009c00000000
0100a000000005
0200a400000000
01009800000001
01009c00000000
0100a000000005
0200a400000000
01009800000101
01009c00000000
0100a000000005
0200a400000000
01009800000201
01009c00000000
0100a000000005
0200a400000000
01009800000301
01009c00000000
0100a000000005
0200a400000000
01009800000002
01009c00000000
0100a000000005
0200a400000000
01009800000102
01009c00000000
0100a000000005
0200a400000000
01009800000202
01009c00000000
0100a000000005
0200a400000000
01009800000302
01009c00000000
0100a000000005
0200a400000000
01009800000003
01009c00000000
0100a000000005
0200a400000000
01009800000103
01009c00000000
0100a000000005
0200a400000000
01009800000203
01009c00000000
0100a000000005
0200a400000000
01009800000303
01009c00000000
0100a000000005
0200a400000000
01009800000004
01009c00000000
0100a000000005
0200a400000000
01009800000104
01009c00000000
0100a000000005
0200a400000000
01009800000204
01009c00000000
0100a000000005
0200a400000000
01009800000304
01009c00000000
0100a000000005
0200a400000000
01009800000005
01009c00000000
0100a000000005
0200a400000000
01009800000105
01009c00000000
0100a000000005
0200a400000000
01009800000205
01009c00000000
0100a000000005
0200a400000000
01009800000305
01009c00000000
0100a000000005
0200a400000000
01007400001201
02007400001201
01007800000000
01007c00000107
01008000000003
02008400000001
01007800000001
01007c00000007
01008000000003
02008400000000
01007800000002
01007c00000107
01008000000003
02008400000001
01007800000003
01007c00000007
01008000000003
02008400000000
01007800000100
01007c00000007
01008000000003
02008400000000
01007800000101
01007c00000007
01008000000003
02008400000000
01007800000102
01007c00000107
01008000000003
02008400000001
01007800000103
01007c00000107
01008000000003
02008400000001
01008800000000
01008c17b986a1
01009000000003
02009417b986a1
01008800000001
01008c17bfc472
01009000000003
02009417bfc472
01008800000002
01008c17faf75c
01009000000003
02009417faf75c
01008800000003
01008c1816b281
01009000000003
0200941816b281
01009800000000
01009c00000000
0100a000000005
0200a400000000
01009800000100
01009c00000000
0100a000000005
0200a400000000
01009800000200
01009c00000000
0100a000000005
0200a400000000
01009800000300
01009c00000000
0100a000000005
0200a400000000
01009800000001
01009c00000000
0100a000000005
0200a400000000
01009800000101
01009c00000000
0100a000000005
0200a400000000
01009800000201
01009c00000000
0100a000000005
0200a400000000
01009800000301
01009c00000000
0100a000000005
0200a400000000
01009800000002
01009c00000000
0100a000000005
0200a400000000
01009800000102
01009c00000000
0100a000000005
0200a400000000
01009800000202
01009c00000000
0100a000000005
0200a400000000
01009800000302
01009c00000000
0100a000000005
0200a400000000
01009800000003
01009c00000000
0100a000000005
0200a400000000
01009800000103
01009c00000000
0100a000000005
0200a400000000
01009800000203
01009c00000000
0100a000000005
0200a400000000
01009800000303
01009c00000000
0100a000000005
0200a400000000
01009800000004
01009c00000000
0100a000000005
0200a400000000
01009800000104
01009c00000000
0100a000000005
0200a400000000
01009800000204
01009c00000000
0100a000000005
0200a400000000
01009800000304
01009c00000000
0100a000000005
0200a400000000
01009800000005
01009c00000000
0100a000000005
0200a400000000
01009800000105
01009c00000000
0100a000000005
0200a400000000
01009800000205
01009c00000000
0100a000000005
0200a400000000
01009800000305
01009c00000000
0100a000000005
0200a400000000
01007400001301
02007400001301
01007800000000
01007c00000007
01008000000003
02008400000000
01007800000001
01007c00000107
01008000000003
02008400000001
01007800000002
01007c00000007
01008000000003
02008400000000
01007800000003
01007c00000107
01008000000003
02008400000001
01007800000100
01007c00000007
01008000000003
02008400000000
01007800000101
01007c00000007
01008000000003
02008400000000
01007800000102
01007c00000007
01008000000003
02008400000000
01007800000103
01007c00000007
01008000000003
02008400000000
01008800000000
01008c1827e3c0
01009000000003
0200941827e3c0
01008800000001
01008c1842ff55
01009000000003
0200941842ff55
01008800000002
01008c1861099d
01009000000003
0200941861099d
01008800000003
01008c18637c74
01009000000003
02009418637c74
01009800000000
01009c00000000
0100a000000005
0200a400000000
01009800000100
01009c00000000
0100a000000005
0200a400000000
01009800000200
01009c00000000
0100a000000005
0200a400000000
01009800000300
01009c00000000
0100a000000005
0200a400000000
01009800000001
01009c00000000
0100a000000005
0200a400000000
01009800000101
01009c00000000
0100a000000005
0200a400000000
01009800000201
01009c00000000
0100a000000005
0200a400000000
01009800000301
01009c00000000
0100a000000005
0200a400000000
01009800000002
01009c00000000
0100a000000005
0200a400000000
01009800000102
01009c00000000
0100a000000005
0200a400000000
01009800000202
01009c00000000
0100a000000005
0200a400000000
01009800000302
01009c00000000
0100a000000005
0200a400000000
01009800000003
01009c00000000
0100a000000005
0200a400000000
01009800000103
01009c00000000
0100a000000005
0200a400000000
01009800000203
01009c00000000
0100a000000005
0200a400000000
01009800000303
01009c00000000
0100a000000005
0200a400000000
01009800000005
01009c00000000
0100a000000005
0200a400000000
01009800000105
01009c00000000
0100a000000005
0200a400000000
01009800000205
01009c00000000
0100a000000005
0200a400000000
01009800000305
01009c00000000
0100a000000005
0200a400000000
01007400000002
02007400000002
01007800000000
01007c00000007
01008000000003
02008400000000
01007800000001
01007c00000007
01008000000003
02008400000000
01007800000002
01007c00000107
01008000000003
02008400000001
01007800000003
01007c00000007
01008000000003
02008400000000
01007800000100
01007c00000007
01008000000003
02008400000000
01007800000101
01007c00000007
01008000000003
02008400000000
01007800000102
01007c00000107
01008000000003
02008400000001
01007800000103
01007c00000007
01008000000003
02008400000000
01008800000000
01008c1899c958
01009000000003
0200941899c958
01008800000001
01008c18c96365
01009000000003
02009418c96365
01008800000002
01008c18feec9b
01009000000003
02009418feec9b
01008800000003
01008c1936cdbd
01009000000003
0200941936cdbd
01009800000000
01009c00000000
0100a000000005
0200a400000000
01009800000100
01009c00000000
0100a000000005
0200a400000000
01009800000200
01009c00000000
0100a000000005
0200a400000000
01009800000300
01009c00000000
0100a000000005
0200a400000000
01009800000001
01009c00000000
0100a000000005
0200a400000000
01009800000101
01009c00000000
0100a000000005
0200a400000000
01009800000201
01009c00000000
0100a000000005
0200a400000000
01009800000301
01009c00000000
0100a000000005
0200a400000000
01009800000002
01009c00000000
0100a000000005
0200a400000000
01009800000102
01009c00000000
0100a000000005
0200a400000000
01009800000202
01009c00000000
0100a000000005
0200a400000000
01009800000302
01009c00000000
0100a000000005
0200a400000000
01009800000003
01009c00000000
0100a000000005
0200a400000000
01009800000103
01009c00000000
0100a000000005
0200a400000000
01009800000203
01009c00000000
0100a000000005
0200a400000000
01009800000303
01009c00000000
0100a000000005
0200a400000000
01009800000004
01009c0000019f
0100a000000005
0200a40000019f
01009800000104
01009c000001bf
0100a000000005
0200a4000001bf
01009800000204
01009c0000015f
0100a000000005
0200a40000015f
01009800000304
01009c000001cf
0100a000000005
0200a4000001cf
01009800000005
01009c000001df
0100a000000005
0200a4000001df
01009800000105
01009c000001f7
0100a000000005
0200a4000001f7
01009800000205
01009c000001ef
0100a000000005
0200a4000001ef
01009800000305
01009c00000187
0100a000000005
0200a400000187
01007400000102
02007400000102
01007800000000
01007c00000107
01008000000003
02008400000001
01007800000001
01007c00000007
01008000000003
02008400000000
01007800000002
01007c00000107
01008000000003
02008400000001
01007800000003
01007c00000107
01008000000003
02008400000001
01007800000100
01007c00000107
01008000000003
02008400000001
01007800000101
01007c00000107
01008000000003
02008400000001
01007800000102
01007c00000007
01008000000003
02008400000000
01007800000103
01007c00000107
01008000000003
02008400000001
01008800000000
01008c195e3fe7
01009000000003
020094195e3fe7
01008800000001
01008c19955e9a
01009000000003
02009419955e9a
01008800000002
01008c19983cc8
01009000000003
02009419983cc8
01008800000003
01008c19a6db34
01009000000003
02009419a6db34
01009800000000
01009c00000000
0100a000000005
0200a400000000
01009800000100
01009c00000000
0100a000000005
0200a400000000
01009800000200
01009c00000000
0100a000000005
0200a400000000
01009800000300
01009c00000000
0100a000000005
0200a400000000
01009800000001
01009c00000000
0100a000000005
0200a400000000
01009800000101
01009c00000000
0100a000000005
0200a400000000
01009800000201
01009c00000000
0100a000000005
0200a400000000
01009800000301
01009c00000000
0100a000000005
0200a400000000
01009800000002
01009c00000000
0100a000000005
0200a400000000
01009800000102
01009c00000000
0100a000000005
0200a400000000
01009800000202
01009c00000000
0100a000000005
0200a400000000
01009800000302
01009c00000000
0100a000000005
0200a400000000
01009800000003
01009c00000000
0100a000000005
0200a400000000
01009800000103
01009c00000000
0100a000000005
0200a400000000
01009800000203
01009c00000000
0100a000000005
0200a400000000
01009800000303
01009c00000000
0100a000000005
0200a400000000
01009800000004
01009c0000019f
0100a000000005
0200a40000019f
01009800000104
01009c000001bf
0100a000000005
0200a4000001bf
01009800000204
01009c0000015f
0100a000000005
0200a40000015f
01009800000304
01009c000001cf
0100a000000005
0200a4000001cf
01009800000005
01009c000001ff
0100a000000005
0200a4000001ff
01009800000105
01009c000001af
0100a000000005
0200a4000001af
01009800000205
01009c0000018f
0100a000000005
0200a40000018f
01009800000305
01009c000001cf
0100a000000005
0200a4000001cf
01007400000202
02007400000202
01007800000000
01007c00000007
01008000000003
02008400000000
01007800000001
01007c00000007
01008000000003
02008400000000
01007800000002
01007c00000107
01008000000003
02008400000001
01007800000003
01007c00000107
01008000000003
02008400000001
01007800000100
01007c00000007
01008000000003
02008400000000
01007800000101
01007c00000107
01008000000003
02008400000001
01007800000102
01007c00000007
01008000000003
02008400000000
01007800000103
01007c00000007
01008000000003
02008400000000
01008800000000
01008c19e1100b
01009000000003
02009419e1100b
01008800000001
01008c1a1d265b
01009000000003
0200941a1d265b
01008800000002
01008c1a78b2a2
01009000000003
0200941a78b2a2
01008800000003
01008c1a81e1e6
01009000000003
0200941a81e1e6
01009800000000
01009c0000019f
0100a000000005
0200a40000019f
01009800000100
01009c00000029
0100a000000005
0200a400000029
01009800000200
01009c00000031
0100a000000005
0200a400000031
01009800000300
01009c0000000d
0100a000000005
0200a40000000d
01009800000001
01009c00000000
0100a000000005
0200a400000000
01009800000101
01009c000001bf
0100a000000005
0200a4000001bf
01009800000201
01009c00000011
0100a000000005
0200a400000011
01009800000301
01009c00000015
0100a000000005
0200a400000015
01009800000002
01009c00000000
0100a000000005
0200a400000000
01009800000102
01009c00000000
0100a000000005
0200a400000000
01009800000202
01009c0000015f
0100a000000005
0200a40000015f
01009800000302
01009c00000011
0100a000000005
0200a400000011
01009800000003
01009c00000000
0100a000000005
0200a400000000
01009800000103
01009c00000000
0100a000000005
0200a400000000
01009800000203
01009c00000000
0100a000000005
0200a400000000
01009800000303
01009c000001cf
0100a000000005
0200a4000001cf
01009800000004
01009c0000019f
0100a000000005
0200a40000019f
01009800000104
01009c000001bf
0100a000000005
0200a4000001bf
01009800000204
01009c0000015f
0100a000000005
0200a40000015f
01009800000304
01009c000001cf
0100a000000005
0200a4000001cf
01009800000005
01009c0000019f
0100a000000005
0200a40000019f
01009800000105
01009c000001bf
0100a000000005
0200a4000001bf
01009800000205
01009c0000015f
0100a000000005
0200a40000015f
01009800000305
01009c000001cf
0100a000000005
0200a4000001cf
01007400000302
02007400000302
01007800000000
01007c00000107
01008000000003
02008400000001
01007800000001
01007c00000007
01008000000003
02008400000000
01007800000002
01007c00000107
01008000000003
02008400000001
01007800000003
01007c00000007
01008000000003
02008400000000
01007800000100
01007c00000007
01008000000003
02008400000000
01007800000101
01007c00000007
01008000000003
02008400000000
01007800000102
01007c00000107
01008000000003
02008400000001
01007800000103
01007c00000107
01008000000003
02008400000001
01008800000000
01008c1a8452ab
01009000000003
0200941a8452ab
01008800000001
01008c1a9adaa6
01009000000003
0200941a9adaa6
01008800000002
01008c1ad2142e
01009000000003
0200941ad2142e
01008800000003
01008c1ad732de
01009000000003
0200941ad732de
01009800000000
01009c00000015
0100a000000005
0200a400000015
01009800000100
01009c00000009
0100a000000005
0200a400000009
01009800000200
01009c0000000d
0100a000000005
0200a40000000d
01009800000300
01009c00000019
0100a000000005
0200a400000019
01009800000001
01009c00000009
0100a000000005
0200a400000009
01009800000101
01009c00000011
0100a000000005
0200a400000011
01009800000201
01009c00000019
0100a000000005
0200a400000019
01009800000301
01009c00000011
0100a000000005
0200a400000011
01009800000002
01009c00000021
0100a000000005
0200a400000021
01009800000102
01009c0000000d
0100a000000005
0200a40000000d
01009800000202
01009c00000009
0100a000000005
0200a400000009
01009800000302
01009c00000011
0100a000000005
0200a400000011
01009800000003
01009c00000025
0100a000000005
0200a400000025
01009800000103
01009c0000000d
0100a000000005
0200a40000000d
01009800000203
01009c00000009
0100a000000005
0200a400000009
01009800000303
01009c00000015
0100a000000005
0200a400000015
01009800000004
01009c0000019f
0100a000000005
0200a40000019f
01009800000104
01009c000001bf
0100a000000005
0200a4000001bf
01009800000204
01009c0000015f
0100a000000005
0200a40000015f
01009800000304
01009c000001cf
0100a000000005
0200a4000001cf
01009800000005
01009c00000167
0100a000000005
0200a400000167
01009800000105
01009c0000018f
0100a000000005
0200a40000018f
01009800000205
01009c0000015f
0100a000000005
0200a40000015f
01009800000305
01009c000001a7
0100a000000005
0200a4000001a7
01007400000402
02007400000402
01007800000000
01007c00000107
01008000000003
02008400000001
01007800000001
01007c00000107
01008000000003
02008400000001
01007800000002
01007c00000007
01008000000003
02008400000000
01007800000003
01007c00000007
01008000000003
02008400000000
01007800000100
01007c00000007
01008000000003
02008400000000
01007800000101
01007c00000107
01008000000003
02008400000001
01007800000102
01007c00000007
01008000000003
02008400000000
01007800000103
01007c00000107
01008000000003
02008400000001
01008800000000
01008c1b2c3f18
01009000000003
0200941b2c3f18
01008800000001
01008c1b7bbb92
01009000000003
0200941b7bbb92
01008800000002
01008c1ba50691
01009000000003
0200941ba50691
01008800000003
01008c1bb09bc4
01009000000003
0200941bb09bc4
01009800000000
01009c0000000d
0100a000000005
0200a40000000d
01009800000100
01009c00000039
0100a000000005
0200a400000039
01009800000200
01009c00000015
0100a000000005
0200a400000015
01009800000300
01009c0000000d
0100a000000005
0200a40000000d
01009800000001
01009c0000000d
0100a000000005
0200a40000000d
01009800000101
01009c00000029
0100a000000005
0200a400000029
01009800000201
01009c00000025
0100a000000005
0200a400000025
01009800000301
01009c00000009
0100a000000005
0200a400000009
01009800000002
01009c00000019
0100a000000005
0200a400000019
01009800000102
01009c00000005
0100a000000005
0200a400000005
01009800000202
01009c00000005
0100a000000005
0200a400000005
01009800000302
01009c00000015
0100a000000005
0200a400000015
01009800000003
01009c0000000d
0100a000000005
0200a40000000d
01009800000103
01009c00000025
0100a000000005
0200a400000025
01009800000203
01009c0000000d
0100a000000005
0200a40000000d
01009800000303
01009c00000011
0100a000000005
0200a400000011
01009800000004
01009c0000019f
0100a000000005
0200a40000019f
01009800000104
01009c000001bf
0100a000000005
0200a4000001bf
01009800000204
01009c0000015f
0100a000000005
0200a40000015f
01009800000304
01009c000001cf
0100a000000005
0200a4000001cf
01009800000005
01009c000001a7
0100a000000005
0200a4000001a7
01009800000105
01009c000001a7
0100a000000005
0200a4000001a7
01009800000205
01009c0000013b
0100a000000005
0200a40000013b
01009800000305
01009c00000177
0100a000000005
0200a400000177
01007400000502
02007400000502
01007800000000
01007c00000107
01008000000003
02008400000001
01007800000001
01007c00000107
01008000000003
02008400000001
01007800000002
01007c00000107
01008000000003
02008400000001
01007800000003
01007c00000007
01008000000003
02008400000000
01007800000100
01007c00000007
01008000000003
02008400000000
01007800000101
01007c00000107
01008000000003
02008400000001
01007800000102
01007c00000007
01008000000003
02008400000000
01007800000103
01007c00000007
01008000000003
02008400000000
01008800000000
01008c1bcede06
01009000000003
0200941bcede06
01008800000001
01008c1be2dcb9
01009000000003
0200941be2dcb9
01008800000002
01008c1c0cece4
01009000000003
0200941c0cece4
01008800000003
01008c1c1ffe7a
01009000000003
0200941c1ffe7a
01009800000000
01009c00000009
0100a000000005
0200a400000009
01009800000100
01009c00000021
0100a000000005
0200a400000021
01009800000200
01009c00000011
0100a000000005
0200a400000011
01009800000300
01009c0000001d
0100a000000005
0200a40000001d
01009800000001
01009c0000000d
0100a000000005
0200a40000000d
01009800000101
01009c00000005
0100a000000005
0200a400000005
01009800000201
01009c00000005
0100a000000005
0200a400000005
01009800000301
01009c00000011
0100a000000005
0200a400000011
01009800000002
01009c00000009
0100a000000005
0200a400000009
01009800000102
01009c0000000d
0100a000000005
0200a40000000d
01009800000202
01009c00000015
0100a000000005
0200a400000015
01009800000302
01009c00000011
0100a000000005
0200a400000011
01009800000003
01009c00000000
0100a000000005
0200a400000000
01009800000103
01009c00000000
0100a000000005
0200a400000000
01009800000203
01009c00000000
0100a000000005
0200a400000000
01009800000303
01009c00000000
0100a000000005
0200a400000000
01009800000004
01009c00000000
0100a000000005
0200a400000000
01009800000104
01009c00000000
0100a000000005
0200a400000000
01009800000204
01009c00000000
0100a000000005
0200a400000000
01009800000304
01009c00000000
0100a000000005
0200a400000000
01009800000005
01009c000001b7
0100a000000005
0200a4000001b7
01009800000105
01009c00000153
0100a000000005
0200a400000153
01009800000205
01009c000001a7
0100a000000005
0200a4000001a7
01009800000305
01009c00000000
0100a000000005
0200a400000000
01007400000602
02007400000602
01007800000000
01007c00000107
01008000000003
02008400000001
01007800000001
01007c00000107
01008000000003
02008400000001
01007800000002
01007c00000107
01008000000003
02008400000001
01007800000003
01007c00000107
01008000000003
02008400000001
01007800000100
01007c00000107
01008000000003
02008400000001
01007800000101
01007c00000007
01008000000003
02008400000000
01007800000102
01007c00000007
01008000000003
02008400000000
01007800000103
01007c00000107
01008000000003
02008400000001
01008800000000
01008c1c6665ba
01009000000003
0200941c6665ba
01008800000001
01008c1c925bf9
01009000000003
0200941c925bf9
01008800000002
01008c1cd3aa84
01009000000003
0200941cd3aa84
01008800000003
01008c1d0557df
01009000000003
0200941d0557df
01009800000000
01009c00000000
0100a000000005
0200a400000000
01009800000100
01009c00000000
0100a000000005
0200a400000000
01009800000200
01009c00000000
0100a000000005
0200a400000000
01009800000300
01009c00000000
0100a000000005
0200a400000000
01009800000001
01009c00000000
0100a000000005
0200a400000000
01009800000101
01009c00000000
0100a000000005
0200a400000000
01009800000201
01009c00000000
0100a000000005
0200a400000000
01009800000301
01009c00000000
0100a000000005
0200a400000000
01009800000002
01009c00000000
0100a000000005
0200a400000000
01009800000102
01009c00000000
0100a000000005
0200a400000000
01009800000202
01009c00000000
0100a000000005
0200a400000000
01009800000302
01009c00000000
0100a000000005
0200a400000000
01009800000003
01009c00000000
0100a000000005
0200a400000000
01009800000103
01009c00000000
0100a000000005
0200a400000000
01009800000203
01009c00000000
0100a000000005
0200a400000000
01009800000303
01009c00000000
0100a000000005
0200a400000000
01009800000004
01009c00000000
0100a000000005
0200a400000000
01009800000104
01009c00000000
0100a000000005
0200a400000000
01009800000204
01009c00000000
0100a000000005
0200a400000000
01009800000304
01009c00000000
0100a000000005
0200a400000000
01009800000005
01009c00000000
0100a000000005
0200a400000000
01009800000105
01009c00000000
0100a000000005
0200a400000000
01009800000205
01009c00000000
0100a000000005
0200a400000000
01009800000305
01009c00000000
0100a000000005
0200a400000000
01007400000702
02007400000702
01007800000000
01007c00000007
01008000000003
02008400000000
01007800000001
01007c00000107
01008000000003
02008400000001
01007800000002
01007c00000007
01008000000003
02008400000000
01007800000003
01007c00000007
01008000000003
02008400000000
01007800000100
01007c00000007
01008000000003
02008400000000
01007800000101
01007c00000107
01008000000003
02008400000001
01007800000102
01007c00000107
01008000000003
02008400000001
01007800000103
01007c00000007
01008000000003
02008400000000
01008800000000
01008c1d248791
01009000000003
0200941d248791
01008800000001
01008c1d460280
01009000000003
0200941d460280
01008800000002
01008c1d628224
01009000000003
0200941d628224
01008800000003
01008c1d755d1f
01009000000003
0200941d755d1f
01009800000000
01009c00000000
0100a000000005
0200a400000000
01009800000100
01009c00000000
0100a000000005
0200a400000000
01009800000200
01009c00000000
0100a000000005
0200a400000000
01009800000300
01009c00000000
0100a000000005
0200a400000000
01009800000001
01009c00000000
0100a000000005
0200a400000000
01009800000101
01009c00000000
0100a000000005
0200a400000000
01009800000201
01009c00000000
0100a000000005
0200a400000000
01009800000301
01009c00000000
0100a000000005
0200a400000000
01009800000002
01009c00000000
0100a000000005
0200a400000000
01009800000102
01009c00000000
0100a000000005
0200a400000000
01009800000202
01009c00000000
0100a000000005
0200a400000000
01009800000302
01009c00000000
0100a000000005
0200a400000000
01009800000003
01009c00000000
0100a000000005
0200a400000000
01009800000103
01009c00000000
0100a000000005
0200a400000000
01009800000203
01009c00000000
0100a000000005
0200a400000000
01009800000303
01009c00000000
0100a000000005
0200a400000000
01009800000004
01009c00000000
0100a000000005
0200a400000000
01009800000104
01009c00000000
0100a000000005
0200a400000000
01009800000204
01009c00000000
0100a000000005
0200a400000000
01009800000304
01009c00000000
0100a000000005
0200a400000000
01009800000005
01009c00000000
0100a000000005
0200a400000000
01009800000105
01009c00000000
0100a000000005
0200a400000000
01009800000205
01009c00000000
0100a000000005
0200a400000000
01009800000305
01009c00000000
0100a000000005
0200a400000000
01007400000802
02007400000802
01007800000000
01007c00000107
01008000000003
02008400000001
01007800000001
01007c00000007
01008000000003
02008400000000
01007800000002
01007c00000107
01008000000003
02008400000001
01007800000003
01007c00000007
01008000000003
02008400000000
01007800000100
01007c00000107
01008000000003
02008400000001
01007800000101
01007c00000007
01008000000003
02008400000000
01007800000102
01007c00000007
01008000000003
02008400000000
01007800000103
01007c00000007
01008000000003
02008400000000
01008800000000
01008c1d7b57d0
01009000000003
0200941d7b57d0
01008800000001
01008c1d851154
01009000000003
0200941d851154
01008800000002
01008c1dc407fa
01009000000003
0200941dc407fa
01008800000003
01008c1dcd85f6
01009000000003
0200941dcd85f6
01009800000000
01009c00000000
0100a000000005
0200a400000000
01009800000100
01009c00000000
0100a000000005
0200a400000000
01009800000200
01009c00000000
0100a000000005
0200a400000000
01009800000300
01009c00000000
0100a000000005
0200a400000000
01009800000001
01009c00000000
0100a000000005
0200a400000000
01009800000101
01009c00000000
0100a000000005
0200a400000000
01009800000201
01009c00000000
0100a000000005
0200a400000000
01009800000301
01009c00000000
0100a000000005
0200a400000000
01009800000002
01009c00000000
0100a000000005
0200a400000000
01009800000102
01009c00000000
0100a000000005
0200a400000000
01009800000202
01009c00000000
0100a000000005
0200a400000000
01009800000302
01009c00000000
0100a000000005
0200a400000000
01009800000003
01009c00000000
0100a000000005
0200a400000000
01009800000103
01009c00000000
0100a000000005
0200a400000000
01009800000203
01009c00000000
0100a000000005
0200a400000000
01009800000303
01009c00000000
0100a000000005
0200a400000000
01009800000004
01009c00000000
0100a000000005
0200a400000000
01009800000104
01009c00000000
0100a000000005
0200a400000000
01009800000204
01009c00000000
0100a000000005
0200a400000000
01009800000304
01009c00000000
0100a000000005
0200a400000000
01009800000005
01009c00000000
0100a000000005
0200a400000000
01009800000105
01009c00000000
0100a000000005
0200a400000000
01009800000205
01009c00000000
0100a000000005
0200a400000000
01009800000305
01009c00000000
0100a000000005
0200a400000000
01007400000902
02007400000902
01007800000000
01007c00000007
01008000000003
02008400000000
01007800000001
01007c00000007
01008000000003
02008400000000
01007800000002
01007c00000007
01008000000003
02008400000000
01007800000003
01007c00000007
01008000000003
02008400000000
01007800000100
01007c00000007
01008000000003
02008400000000
01007800000101
01007c00000007
01008000000003
02008400000000
01007800000102
01007c00000007
01008000000003
02008400000000
01007800000103
01007c00000107
01008000000003
02008400000001
01008800000000
01008c1de9a43c
01009000000003
0200941de9a43c
01008800000001
01008c1dfcc51a
01009000000003
0200941dfcc51a
01008800000002
01008c1e20fcda
01009000000003
0200941e20fcda
01008800000003
01008c1e291f68
01009000000003
0200941e291f68
01009800000000
01009c00000000
0100a000000005
0200a400000000
01009800000100
01009c00000000
0100a000000005
0200a400000000
01009800000200
01009c00000000
0100a000000005
0200a400000000
01009800000300
01009c00000000
0100a000000005
0200a400000000
01009800000001
01009c00000000
0100a000000005
0200a400000000
01009800000101
01009c00000000
0100a000000005
0200a400000000
01009800000201
01009c00000000
0100a000000005
0200a400000000
01009800000301
01009c00000000
0100a000000005
0200a400000000
01009800000002
01009c00000000
0100a000000005
0200a400000000
01009800000102
01009c00000000
0100a000000005
0200a400000000
01009800000202
01009c00000000
0100a000000005
0200a400000000
01009800000302
01009c00000000
0100a000000005
0200a400000000
01009800000003
01009c00000000
0100a000000005
0200a400000000
01009800000103
01009c00000000
0100a000000005
0200a400000000
01009800000203
01009c00000000
0100a000000005
0200a400000000
01009800000303
01009c00000000
0100a000000005
0200a400000000
01009800000004
01009c00000000
0100a000000005
0200a400000000
01009800000104
01009c00000000
0100a000000005
0200a400000000
01009800000204
01009c00000000
0100a000000005
0200a400000000
01009800000304
01009c00000000
0100a000000005
0200a400000000
01009800000005
01009c00000000
0100a000000005
0200a400000000
01009800000105
01009c00000000
0100a000000005
0200a400000000
01009800000205
01009c00000000
0100a000000005
0200a400000000
01009800000305
01009c00000000
0100a000000005
0200a400000000
01007400000a02
02007400000a02
01007800000000
01007c00000007
01008000000003
02008400000000
01007800000001
01007c00000007
01008000000003
02008400000000
01007800000002
01007c00000107
01008000000003
02008400000001
01007800000003
01007c00000107
01008000000003
02008400000001
01007800000100
01007c00000007
01008000000003
02008400000000
01007800000101
01007c00000107
01008000000003
02008400000001
01007800000102
01007c00000007
01008000000003
02008400000000
01007800000103
01007c00000007
01008000000003
02008400000000
01008800000000
01008c1e3e7a36
01009000000003
0200941e3e7a36
01008800000001
01008c1e536515
01009000000003
0200941e536515
01008800000002
01008c1ed1e035
01009000000003
0200941ed1e035
01008800000003
01008c1ef6af93
01009000000003
0200941ef6af93
01009800000000
01009c00000000
0100a000000005
0200a400000000
01009800000100
01009c00000000
0100a000000005
0200a400000000
01009800000200
01009c00000000
0100a000000005
0200a400000000
01009800000300
01009c00000000
0100a000000005
0200a400000000
01009800000001
01009c00000000
0100a000000005
0200a400000000
01009800000101
01009c00000000
0100a000000005
0200a400000000
01009800000201
01009c00000000
0100a000000005
0200a400000000
01009800000301
01009c00000000
0100a000000005
0200a400000000
01009800000002
01009c00000000
0100a000000005
0200a400000000
01009800000102
01009c00000000
0100a000000005
0200a400000000
01009800000202
01009c00000000
0100a000000005
0200a400000000
01009800000302
01009c00000000
0100a000000005
0200a400000000
01009800000003
01009c00000000
0100a000000005
0200a400000000
01009800000103
01009c00000000
0100a000000005
0200a400000000
01009800000203
01009c00000000
0100a000000005
0200a400000000
01009800000303
01009c00000000
0100a000000005
0200a400000000
01009800000004
01009c00000000
0100a000000005
0200a400000000
01009800000104
01009c00000000
0100a000000005
0200a400000000
01009800000204
01009c00000000
0100a000000005
0200a400000000
01009800000304
01009c00000000
0100a000000005
0200a400000000
01009800000005
01009c00000000
0100a000000005
0200a400000000
01009800000105
01009c00000000
0100a000000005
0200a400000000
01009800000205
01009c00000000
0100a000000005
0200a400000000
01009800000305
01009c00000000
0100a000000005
0200a400000000
01007400000b02
02007400000b02
01007800000000
01007c00000107
01008000000003
02008400000001
01007800000001
01007c00000007
01008000000003
02008400000000
01007800000002
01007c00000007
01008000000003
02008400000000
01007800000003
01007c00000007
01008000000003
02008400000000
01007800000100
01007c00000007
01008000000003
02008400000000
01007800000101
01007c00000107
01008000000003
02008400000001
01007800000102
01007c00000007
01008000000003
02008400000000
01007800000103
01007c00000107
01008000000003
02008400000001
01008800000000
01008c1f23695f
01009000000003
0200941f23695f
01008800000001
01008c1f73adae
01009000000003
0200941f73adae
01008800000002
01008c1f9a4d65
01009000000003
0200941f9a4d65
01008800000003
01008c1fdb07d8
01009000000003
0200941fdb07d8
01009800000000
01009c00000000
0100a000000005
0200a400000000
01009800000100
01009c00000000
0100a000000005
0200a400000000
01009800000200
01009c00000000
0100a000000005
0200a400000000
01009800000300
01009c00000000
0100a000000005
0200a400000000
01009800000001
01009c00000000
0100a000000005
0200a400000000
01009800000101
01009c00000000
0100a000000005
0200a400000000
01009800000201
01009c00000000
0100a000000005
0200a400000000
01009800000301
01009c00000000
0100a000000005
0200a400000000
01009800000002
01009c00000000
0100a000000005
0200a400000000
01009800000102
01009c00000000
0100a000000005
0200a400000000
01009800000202
01009c00000000
0100a000000005
0200a400000000
01009800000302
01009c00000000
0100a000000005
0200a400000000
01009800000003
01009c00000000
0100a000000005
0200a400000000
01009800000103
01009c00000000
0100a000000005
0200a400000000
01009800000203
01009c00000000
0100a000000005
0200a400000000
01009800000303
01009c00000000
0100a000000005
0200a400000000
01009800000004
01009c00000000
0100a000000005
0200a400000000
01009800000104
01009c00000000
0100a000000005
0200a400000000
01009800000204
01009c00000000
0100a000000005
0200a400000000
01009800000304
01009c00000000
0100a000000005
0200a400000000
01009800000005
01009c00000000
0100a000000005
0200a400000000
01009800000105
01009c00000000
0100a000000005
0200a400000000
01009800000205
01009c00000000
0100a000000005
0200a400000000
01009800000305
01009c00000000
0100a000000005
0200a400000000
01007400000c02
02007400000c02
01007800000000
01007c00000007
01008000000003
02008400000000
01007800000001
01007c00000107
01008000000003
02008400000001
01007800000002
01007c00000007
01008000000003
02008400000000
01007800000003
01007c00000107
01008000000003
02008400000001
01007800000100
01007c00000007
01008000000003
02008400000000
01007800000101
01007c00000007
01008000000003
02008400000000
01007800000102
01007c00000007
01008000000003
02008400000000
01007800000103
01007c00000007
01008000000003
02008400000000
01008800000000
01008c1fddf094
01009000000003
0200941fddf094
01008800000001
01008c1fe2f6f7
01009000000003
0200941fe2f6f7
01008800000002
01008c1ff31606
01009000000003
0200941ff31606
01008800000003
01008c1ff7a5cb
01009000000003
0200941ff7a5cb
01009800000000
01009c00000000
0100a000000005
0200a400000000
01009800000100
01009c00000000
0100a000000005
0200a400000000
01009800000200
01009c00000000
0100a000000005
0200a400000000
01009800000300
01009c00000000
0100a000000005
0200a400000000
01009800000001
01009c00000000
0100a000000005
0200a400000000
01009800000101
01009c00000000
0100a000000005
0200a400000000
01009800000201
01009c00000000
0100a000000005
0200a400000000
01009800000301
01009c00000000
0100a000000005
0200a400000000
01009800000002
01009c00000000
0100a000000005
0200a400000000
01009800000102
01009c00000000
0100a000000005
0200a400000000
01009800000202
01009c00000000
0100a000000005
0200a400000000
01009800000302
01009c00000000
0100a000000005
0200a400000000
01009800000003
01009c00000000
0100a000000005
0200a400000000
01009800000103
01009c00000000
0100a000000005
0200a400000000
01009800000203
01009c00000000
0100a000000005
0200a400000000
01009800000303
01009c00000000
0100a000000005
0200a400000000
01009800000004
01009c00000000
0100a000000005
0200a400000000
01009800000104
01009c00000000
0100a000000005
0200a400000000
01009800000204
01009c00000000
0100a000000005
0200a400000000
01009800000304
01009c00000000
0100a000000005
0200a400000000
01009800000005
01009c00000000
0100a000000005
0200a400000000
01009800000105
01009c00000000
0100a000000005
0200a400000000
01009800000205
01009c00000000
0100a000000005
0200a400000000
01009800000305
01009c00000000
0100a000000005
0200a400000000
01007400000d02
02007400000d02
01007800000000
01007c00000107
01008000000003
02008400000001
01007800000001
01007c00000007
01008000000003
02008400000000
01007800000002
01007c00000107
01008000000003
02008400000001
01007800000003
01007c00000007
01008000000003
02008400000000
01007800000100
01007c00000107
01008000000003
02008400000001
01007800000101
01007c00000107
01008000000003
02008400000001
01007800000102
01007c00000107
01008000000003
02008400000001
01007800000103
01007c00000107
01008000000003
02008400000001
01008800000000
01008c20010e74
01009000000003
02009420010e74
01008800000001
01008c202660bf
01009000000003
020094202660bf
01008800000002
01008c20b1d49b
01009000000003
02009420b1d49b
01008800000003
01008c20c4f2fb
01009000000003
02009420c4f2fb
01009800000000
01009c00000000
0100a000000005
0200a400000000
01009800000100
01009c00000000
0100a000000005
0200a400000000
01009800000200
01009c00000000
0100a000000005
0200a400000000
01009800000300
01009c00000000
0100a000000005
0200a400000000
01009800000001
01009c00000000
0100a000000005
0200a400000000
01009800000101
01009c00000000
0100a000000005
0200a400000000
01009800000201
01009c00000000
0100a000000005
0200a400000000
01009800000301
01009c00000000
0100a000000005
0200a400000000
01009800000002
01009c00000000
0100a000000005
0200a400000000
01009800000102
01009c00000000
0100a000000005
0200a400000000
01009800000202
01009c00000000
0100a000000005
0200a400000000
01009800000302
01009c00000000
0100a000000005
0200a400000000
01009800000003
01009c00000000
0100a000000005
0200a400000000
01009800000103
01009c00000000
0100a000000005
0200a400000000
01009800000203
01009c00000000
0100a000000005
0200a400000000
01009800000303
01009c00000000
0100a000000005
0200a400000000
01009800000004
01009c00000000
0100a000000005
0200a400000000
01009800000104
01009c00000000
0100a000000005
0200a400000000
01009800000204
01009c00000000
0100a000000005
0200a400000000
01009800000304
01009c00000000
0100a000000005
0200a400000000
01009800000005
01009c00000000
0100a000000005
0200a400000000
01009800000105
01009c00000000
0100a000000005
0200a400000000
01009800000205
01009c00000000
0100a000000005
0200a400000000
01009800000305
01009c00000000
0100a000000005
0200a400000000
01007400000e02
02007400000e02
01007800000000
01007c00000007
01008000000003
02008400000000
01007800000001
01007c00000107
01008000000003
02008400000001
01007800000002
01007c00000007
01008000000003
02008400000000
01007800000003
01007c00000107
01008000000003
02008400000001
01007800000100
01007c00000107
01008000000003
02008400000001
01007800000101
01007c00000007
01008000000003
02008400000000
01007800000102
01007c00000107
01008000000003
02008400000001
01007800000103
01007c00000007
01008000000003
02008400000000
01008800000000
01008c20da796a
01009000000003
02009420da796a
01008800000001
01008c2107d6e2
01009000000003
0200942107d6e2
01008800000002
01008c212528bc
01009000000003
020094212528bc
01008800000003
01008c212fa9d2
01009000000003
020094212fa9d2
01009800000000
01009c00000000
0100a000000005
0200a400000000
01009800000100
01009c00000000
0100a000000005
0200a400000000
01009800000200
01009c00000000
0100a000000005
0200a400000000
01009800000300
01009c00000000
0100a000000005
0200a400000000
01009800000001
01009c00000000
0100a000000005
0200a400000000
01009800000101
01009c00000000
0100a000000005
0200a400000000
01009800000201
01009c00000000
0100a000000005
0200a400000000
01009800000301
01009c00000000
0100a000000005
0200a400000000
01009800000002
01009c00000000
0100a000000005
0200a400000000
01009800000102
01009c00000000
0100a000000005
0200a400000000
01009800000202
01009c00000000
0100a000000005
0200a400000000
01009800000302
01009c00000000
0100a000000005
0200a400000000
01009800000003
01009c00000000
0100a000000005
0200a400000000
01009800000103
01009c00000000
0100a000000005
0200a400000000
01009800000203
01009c00000000
0100a000000005
0200a400000000
01009800000303
01009c00000000
0100a000000005
0200a400000000
01009800000004
01009c00000000
0100a000000005
0200a400000000
01009800000104
01009c00000000
0100a000000005
0200a400000000
01009800000204
01009c00000000
0100a000000005
0200a400000000
01009800000304
01009c00000000
0100a000000005
0200a400000000
01009800000005
01009c00000000
0100a000000005
0200a400000000
01009800000105
01009c00000000
0100a000000005
0200a400000000
01009800000205
01009c00000000
0100a000000005
0200a400000000
01009800000305
01009c00000000
0100a000000005
0200a400000000
01007400000f02
02007400000f02
01007800000000
01007c00000007
01008000000003
02008400000000
01007800000001
01007c00000107
01008000000003
02008400000001
01007800000002
01007c00000107
01008000000003
02008400000001
01007800000003
01007c00000007
01008000000003
02008400000000
01007800000100
01007c00000107
01008000000003
02008400000001
01007800000101
01007c00000007
01008000000003
02008400000000
01007800000102
01007c00000007
01008000000003
02008400000000
01007800000103
01007c00000107
01008000000003
02008400000001
01008800000000
01008c2149f753
01009000000003
0200942149f753
01008800000001
01008c2162356d
01009000000003
0200942162356d
01008800000002
01008c217c4b09
01009000000003
020094217c4b09
01008800000003
01008c21a229b3
01009000000003
02009421a229b3
01009800000000
01009c00000000
0100a000000005
0200a400000000
01009800000100
01009c00000000
0100a000000005
0200a400000000
01009800000200
01009c00000000
0100a000000005
0200a400000000
01009800000300
01009c00000000
0100a000000005
0200a400000000
01009800000001
01009c00000000
0100a000000005
0200a400000000
01009800000101
01009c00000000
0100a000000005
0200a400000000
01009800000201
01009c00000000
0100a000000005
0200a400000000
01009800000301
01009c00000000
0100a000000005
0200a400000000
01009800000002
01009c00000000
0100a000000005
0200a400000000
01009800000102
01009c00000000
0100a000000005
0200a400000000
01009800000202
01009c00000000
0100a000000005
0200a400000000
01009800000302
01009c00000000
0100a000000005
0200a400000000
01009800000003
01009c00000000
0100a000000005
0200a400000000
01009800000103
01009c00000000
0100a000000005
0200a400000000
01009800000203
01009c00000000
0100a000000005
0200a400000000
01009800000303
01009c00000000
0100a000000005
0200a400000000
01009800000004
01009c00000000
0100a000000005
0200a400000000
01009800000104
01009c00000000
0100a000000005
0200a400000000
01009800000204
01009c00000000
0100a000000005
0200a400000000
01009800000304
01009c00000000
0100a000000005
0200a400000000
01009800000005
01009c00000000
0100a000000005
0200a400000000
01009800000105
01009c00000000
0100a000000005
0200a400000000
01009800000205
01009c00000000
0100a000000005
0200a400000000
01009800000305
01009c00000000
0100a000000005
0200a400000000
01007400001002
02007400001002
01007800000000
01007c00000007
01008000000003
02008400000000
01007800000001
01007c00000007
01008000000003
02008400000000
01007800000002
01007c00000107
01008000000003
02008400000001
01007800000003
01007c00000107
01008000000003
02008400000001
01007800000100
01007c00000107
01008000000003
02008400000001
01007800000101
01007c00000107
01008000000003
02008400000001
01007800000102
01007c00000007
01008000000003
02008400000000
01007800000103
01007c00000007
01008000000003
02008400000000
01008800000000
01008c21ab003f
01009000000003
02009421ab003f
01008800000001
01008c21f65d74
01009000000003
02009421f65d74
01008800000002
01008c221120f1
01009000000003
020094221120f1
01008800000003
01008c221bf565
01009000000003
020094221bf565
01009800000000
01009c00000000
0100a000000005
0200a400000000
01009800000100
01009c00000000
0100a000000005
0200a400000000
01009800000200
01009c00000000
0100a000000005
0200a400000000
01009800000300
01009c00000000
0100a000000005
0200a400000000
01009800000001
01009c00000000
0100a000000005
0200a400000000
01009800000101
01009c00000000
0100a000000005
0200a400000000
01009800000201
01009c00000000
0100a000000005
0200a400000000
01009800000301
01009c00000000
0100a000000005
0200a400000000
01009800000002
01009c00000000
0100a000000005
0200a400000000
01009800000102
01009c00000000
0100a000000005
0200a400000000
01009800000202
01009c00000000
0100a000000005
0200a400000000
01009800000302
01009c00000000
0100a000000005
0200a400000000
01009800000003
01009c00000000
0100a000000005
0200a400000000
01009800000103
01009c00000000
0100a000000005
0200a400000000
01009800000203
01009c00000000
0100a000000005
0200a400000000
01009800000303
01009c00000000
0100a000000005
0200a400000000
01009800000004
01009c00000000
0100a000000005
0200a400000000
01009800000104
01009c00000000
0100a000000005
0200a400000000
01009800000204
01009c00000000
0100a000000005
0200a400000000
01009800000304
01009c00000000
0100a000000005
0200a400000000
01009800000005
01009c00000000
0100a000000005
0200a400000000
01009800000105
01009c00000000
0100a000000005
0200a400000000
01009800000205
01009c00000000
0100a000000005
0200a400000000
01009800000305
01009c00000000
0100a000000005
0200a400000000
01007400001102
02007400001102
01007800000000
01007c00000107
01008000000003
02008400000001
01007800000001
01007c00000007
01008000000003
02008400000000
01007800000002
01007c00000107
01008000000003
02008400000001
01007800000003
01007c00000107
01008000000003
02008400000001
01007800000100
01007c00000007
01008000000003
02008400000000
01007800000101
01007c00000007
01008000000003
02008400000000
01007800000102
01007c00000107
01008000000003
02008400000001
01007800000103
01007c00000107
01008000000003
02008400000001
01008800000000
01008c223af2fc
01009000000003
020094223af2fc
01008800000001
01008c229b3904
01009000000003
020094229b3904
01008800000002
01008c22a37eb2
01009000000003
02009422a37eb2
01008800000003
01008c22a5b9e8
01009000000003
02009422a5b9e8
01009800000000
01009c00000000
0100a000000005
0200a400000000
01009800000100
01009c00000000
0100a000000005
0200a400000000
01009800000200
01009c00000000
0100a000000005
0200a400000000
01009800000300
01009c00000000
0100a000000005
0200a400000000
01009800000001
01009c00000000
0100a000000005
0200a400000000
01009800000101
01009c00000000
0100a000000005
0200a400000000
01009800000201
01009c00000000
0100a000000005
0200a400000000
01009800000301
01009c00000000
0100a000000005
0200a400000000
01009800000002
01009c00000000
0100a000000005
0200a400000000
01009800000102
01009c00000000
0100a000000005
0200a400000000
01009800000202
01009c00000000
0100a000000005
0200a400000000
01009800000302
01009c00000000
0100a000000005
0200a400000000
01009800000003
01009c00000000
0100a000000005
0200a400000000
01009800000103
01009c00000000
0100a000000005
0200a400000000
01009800000203
01009c00000000
0100a000000005
0200a400000000
01009800000303
01009c00000000
0100a000000005
0200a400000000
01009800000004
01009c00000000
0100a000000005
0200a400000000
01009800000104
01009c00000000
0100a000000005
0200a400000000
01009800000204
01009c00000000
0100a000000005
0200a400000000
01009800000304
01009c00000000
0100a000000005
0200a400000000
01009800000005
01009c00000000
0100a000000005
0200a400000000
01009800000105
01009c00000000
0100a000000005
0200a400000000
01009800000205
01009c00000000
0100a000000005
0200a400000000
01009800000305
01009c00000000
0100a000000005
0200a400000000
01007400001202
02007400001202
01007800000000
01007c00000107
01008000000003
02008400000001
01007800000001
01007c00000107
01008000000003
02008400000001
01007800000002
01007c00000107
01008000000003
02008400000001
01007800000003
01007c00000107
01008000000003
02008400000001
01007800000100
01007c00000107
01008000000003
02008400000001
01007800000101
01007c00000107
01008000000003
02008400000001
01007800000102
01007c00000107
01008000000003
02008400000001
01007800000103
01007c00000007
01008000000003
02008400000000
01008800000000
01008c22b7971a
01009000000003
02009422b7971a
01008800000001
01008c22c50d50
01009000000003
02009422c50d50
01008800000002
01008c22cdf0c4
01009000000003
02009422cdf0c4
01008800000003
01008c22d23253
01009000000003
02009422d23253
01009800000000
01009c00000000
0100a000000005
0200a400000000
01009800000100
01009c00000000
0100a000000005
0200a400000000
01009800000200
01009c00000000
0100a000000005
0200a400000000
01009800000300
01009c00000000
0100a000000005
0200a400000000
01009800000001
01009c00000000
0100a000000005
0200a400000000
01009800000101
01009c00000000
0100a000000005
0200a400000000
01009800000201
01009c00000000
0100a000000005
0200a400000000
01009800000301
01009c00000000
0100a000000005
0200a400000000
01009800000002
01009c00000000
0100a000000005
0200a400000000
01009800000102
01009c00000000
0100a000000005
0200a400000000
01009800000202
01009c00000000
0100a000000005
0200a400000000
01009800000302
01009c00000000
0100a000000005
0200a400000000
01009800000003
01009c00000000
0100a000000005
0200a400000000
01009800000103
01009c00000000
0100a000000005
0200a400000000
01009800000203
01009c00000000
0100a000000005
0200a400000000
01009800000303
01009c00000000
0100a000000005
0200a400000000
01009800000004
01009c00000000
0100a000000005
0200a400000000
01009800000104
01009c00000000
0100a000000005
0200a400000000
01009800000204
01009c00000000
0100a000000005
0200a400000000
01009800000304
01009c00000000
0100a000000005
0200a400000000
01009800000005
01009c00000000
0100a000000005
0200a400000000
01009800000105
01009c00000000
0100a000000005
0200a400000000
01009800000205
01009c00000000
0100a000000005
0200a400000000
01009800000305
01009c00000000
0100a000000005
0200a400000000
01007400001302
02007400001302
01007800000000
01007c00000007
01008000000003
02008400000000
01007800000001
01007c00000007
01008000000003
02008400000000
01007800000002
01007c00000007
01008000000003
02008400000000
01007800000003
01007c00000107
01008000000003
02008400000001
01007800000100
01007c00000007
01008000000003
02008400000000
01007800000101
01007c00000107
01008000000003
02008400000001
01007800000102
01007c00000007
01008000000003
02008400000000
01007800000103
01007c00000007
01008000000003
02008400000000
01008800000000
01008c22f3a1a8
01009000000003
02009422f3a1a8
01008800000001
01008c235c6d17
01009000000003
020094235c6d17
01008800000002
01008c23abb0dc
01009000000003
02009423abb0dc
01008800000003
01008c23ac6459
01009000000003
02009423ac6459
01009800000000
01009c00000000
0100a000000005
0200a400000000
01009800000100
01009c00000000
0100a000000005
0200a400000000
01009800000200
01009c00000000
0100a000000005
0200a400000000
01009800000300
01009c00000000
0100a000000005
0200a400000000
01009800000001
01009c00000000
0100a000000005
0200a400000000
01009800000101
01009c00000000
0100a000000005
0200a400000000
01009800000201
01009c00000000
0100a000000005
0200a400000000
01009800000301
01009c00000000
0100a000000005
0200a400000000
01009800000002
01009c00000000
0100a000000005
0200a400000000
01009800000102
01009c00000000
0100a000000005
0200a400000000
01009800000202
01009c00000000
0100a000000005
0200a400000000
01009800000302
01009c00000000
0100a000000005
0200a400000000
01009800000003
01009c00000000
0100a000000005
0200a400000000
01009800000103
01009c00000000
0100a000000005
0200a400000000
01009800000203
01009c00000000
0100a000000005
0200a400000000
01009800000303
01009c00000000
0100a000000005
0200a400000000
01009800000005
01009c00000000
0100a000000005
0200a400000000
01009800000105
01009c00000000
0100a000000005
0200a400000000
01009800000205
01009c00000000
0100a000000005
0200a400000000
01009800000305
01009c00000000
0100a000000005
0200a400000000
01007400000003
02007400000003
01007800000000
01007c00000107
01008000000003
02008400000001
01007800000001
01007c00000007
01008000000003
02008400000000
01007800000002
01007c00000007
01008000000003
02008400000000
01007800000003
01007c00000107
01008000000003
02008400000001
01007800000100
01007c00000107
01008000000003
02008400000001
01007800000101
01007c00000007
01008000000003
02008400000000
01007800000102
01007c00000007
01008000000003
02008400000000
01007800000103
01007c00000107
01008000000003
02008400000001
01008800000000
01008c23d0b74b
01009000000003
02009423d0b74b
01008800000001
01008c23e6fafa
01009000000003
02009423e6fafa
01008800000002
01008c23e76b4a
01009000000003
02009423e76b4a
01008800000003
01008c23ed2a1b
01009000000003
02009423ed2a1b
01009800000000
01009c00000000
0100a000000005
0200a400000000
01009800000100
01009c00000000
0100a000000005
0200a400000000
01009800000200
01009c00000000
0100a000000005
0200a400000000
01009800000300
01009c00000000
0100a000000005
0200a400000000
01009800000001
01009c00000000
0100a000000005
0200a400000000
01009800000101
01009c00000000
0100a000000005
0200a400000000
01009800000201
01009c00000000
0100a000000005
0200a400000000
01009800000301
01009c00000000
0100a000000005
0200a400000000
01009800000002
01009c00000000
0100a000000005
0200a400000000
01009800000102
01009c00000000
0100a000000005
0200a400000000
01009800000202
01009c00000000
0100a000000005
0200a400000000
01009800000302
01009c00000000
0100a000000005
0200a400000000
01009800000003
01009c00000000
0100a000000005
0200a400000000
01009800000103
01009c00000000
0100a000000005
0200a400000000
01009800000203
01009c00000000
0100a000000005
0200a400000000
01009800000303
01009c00000000
0100a000000005
0200a400000000
01009800000004
01009c00000167
0100a000000005
0200a400000167
01009800000104
01009c0000018f
0100a000000005
0200a40000018f
01009800000204
01009c0000015f
0100a000000005
0200a40000015f
01009800000304
01009c000001a7
0100a000000005
0200a4000001a7
01009800000005
01009c000001df
0100a000000005
0200a4000001df
01009800000105
01009c000001f7
0100a000000005
0200a4000001f7
01009800000205
01009c000001ef
0100a000000005
0200a4000001ef
01009800000305
01009c00000187
0100a000000005
0200a400000187
01007400000103
02007400000103
01007800000000
01007c00000107
01008000000003
02008400000001
01007800000001
01007c00000107
01008000000003
02008400000001
01007800000002
01007c00000007
01008000000003
02008400000000
01007800000003
01007c00000107
01008000000003
02008400000001
01007800000100
01007c00000007
01008000000003
02008400000000
01007800000101
01007c00000107
01008000000003
02008400000001
01007800000102
01007c00000007
01008000000003
02008400000000
01007800000103
01007c00000007
01008000000003
02008400000000
01008800000000
01008c24426015
01009000000003
02009424426015
01008800000001
01008c244e14ee
01009000000003
020094244e14ee
01008800000002
01008c2460359b
01009000000003
0200942460359b
01008800000003
01008c2462d410
01009000000003
0200942462d410
01009800000000
01009c00000000
0100a000000005
0200a400000000
01009800000100
01009c00000000
0100a000000005
0200a400000000
01009800000200
01009c00000000
0100a000000005
0200a400000000
01009800000300
01009c00000000
0100a000000005
0200a400000000
01009800000001
01009c00000000
0100a000000005
0200a400000000
01009800000101
01009c00000000
0100a000000005
0200a400000000
01009800000201
01009c00000000
0100a000000005
0200a400000000
01009800000301
01009c00000000
0100a000000005
0200a400000000
01009800000002
01009c00000000
0100a000000005
0200a400000000
01009800000102
01009c00000000
0100a000000005
0200a400000000
01009800000202
01009c00000000
0100a000000005
0200a400000000
01009800000302
01009c00000000
0100a000000005
0200a400000000
01009800000003
01009c00000000
0100a000000005
0200a400000000
01009800000103
01009c00000000
0100a000000005
0200a400000000
01009800000203
01009c00000000
0100a000000005
0200a400000000
01009800000303
01009c00000000
0100a000000005
0200a400000000
01009800000004
01009c00000167
0100a000000005
0200a400000167
01009800000104
01009c0000018f
0100a000000005
0200a40000018f
01009800000204
01009c0000015f
0100a000000005
0200a40000015f
01009800000304
01009c000001a7
0100a000000005
0200a4000001a7
01009800000005
01009c000001ff
0100a000000005
0200a4000001ff
01009800000105
01009c000001af
0100a000000005
0200a4000001af
01009800000205
01009c0000018f
0100a000000005
0200a40000018f
01009800000305
01009c000001cf
0100a000000005
0200a4000001cf
01007400000203
02007400000203
01007800000000
01007c00000107
01008000000003
02008400000001
01007800000001
01007c00000107
01008000000003
02008400000001
01007800000002
01007c00000107
01008000000003
02008400000001
01007800000003
01007c00000007
01008000000003
02008400000000
01007800000100
01007c00000007
01008000000003
02008400000000
01007800000101
01007c00000107
01008000000003
02008400000001
01007800000102
01007c00000107
01008000000003
02008400000001
01007800000103
01007c00000007
01008000000003
02008400000000
01008800000000
01008c2477f6e1
01009000000003
0200942477f6e1
01008800000001
01008c24904c57
01009000000003
02009424904c57
01008800000002
01008c24a3cac6
01009000000003
02009424a3cac6
01008800000003
01008c252e4cf9
01009000000003
020094252e4cf9
01009800000000
01009c00000000
0100a000000005
0200a400000000
01009800000100
01009c00000000
0100a000000005
0200a400000000
01009800000200
01009c00000000
0100a000000005
0200a400000000
01009800000300
01009c00000000
0100a000000005
0200a400000000
01009800000001
01009c00000000
0100a000000005
0200a400000000
01009800000101
01009c00000000
0100a000000005
0200a400000000
01009800000201
01009c00000000
0100a000000005
0200a400000000
01009800000301
01009c00000000
0100a000000005
0200a400000000
01009800000002
01009c00000000
0100a000000005
0200a400000000
01009800000102
01009c00000000
0100a000000005
0200a400000000
01009800000202
01009c00000000
0100a000000005
0200a400000000
01009800000302
01009c00000000
0100a000000005
0200a400000000
01009800000003
01009c00000000
0100a000000005
0200a400000000
01009800000103
01009c00000000
0100a000000005
0200a400000000
01009800000203
01009c00000000
0100a000000005
0200a400000000
01009800000303
01009c00000000
0100a000000005
0200a400000000
01009800000004
01009c00000167
0100a000000005
0200a400000167
01009800000104
01009c0000018f
0100a000000005
0200a40000018f
01009800000204
01009c0000015f
0100a000000005
0200a40000015f
01009800000304
01009c000001a7
0100a000000005
0200a4000001a7
01009800000005
01009c0000019f
0100a000000005
0200a40000019f
01009800000105
01009c000001bf
0100a000000005
0200a4000001bf
01009800000205
01009c0000015f
0100a000000005
0200a40000015f
01009800000305
01009c000001cf
0100a000000005
0200a4000001cf
01007400000303
02007400000303
01007800000000
01007c00000107
01008000000003
02008400000001
01007800000001
01007c00000007
01008000000003
02008400000000
01007800000002
01007c00000007
01008000000003
02008400000000
01007800000003
01007c00000107
01008000000003
02008400000001
01007800000100
01007c00000107
01008000000003
02008400000001
01007800000101
01007c00000007
01008000000003
02008400000000
01007800000102
01007c00000007
01008000000003
02008400000000
01007800000103
01007c00000107
01008000000003
02008400000001
01008800000000
01008c2537d6b3
01009000000003
0200942537d6b3
01008800000001
01008c256a8989
01009000000003
020094256a8989
01008800000002
01008c25c462d6
01009000000003
02009425c462d6
01008800000003
01008c25c72cb0
01009000000003
02009425c72cb0
01009800000000
01009c00000167
0100a000000005
0200a400000167
01009800000100
01009c00000011
0100a000000005
0200a400000011
01009800000200
01009c00000005
0100a000000005
0200a400000005
01009800000300
01009c00000011
0100a000000005
0200a400000011
01009800000001
01009c00000000
0100a000000005
0200a400000000
01009800000101
01009c0000018f
0100a000000005
0200a40000018f
01009800000201
01009c00000011
0100a000000005
0200a400000011
01009800000301
01009c00000025
0100a000000005
0200a400000025
01009800000002
01009c00000000
0100a000000005
0200a400000000
01009800000102
01009c00000000
0100a000000005
0200a400000000
01009800000202
01009c0000015f
0100a000000005
0200a40000015f
01009800000302
01009c00000011
0100a000000005
0200a400000011
01009800000003
01009c00000000
0100a000000005
0200a400000000
01009800000103
01009c00000000
0100a000000005
0200a400000000
01009800000203
01009c00000000
0100a000000005
0200a400000000
01009800000303
01009c000001a7
0100a000000005
0200a4000001a7
01009800000004
01009c00000167
0100a000000005
0200a400000167
01009800000104
01009c0000018f
0100a000000005
0200a40000018f
01009800000204
01009c0000015f
0100a000000005
0200a40000015f
01009800000304
01009c000001a7
0100a000000005
0200a4000001a7
01009800000005
01009c00000167
0100a000000005
0200a400000167
01009800000105
01009c0000018f
0100a000000005
0200a40000018f
01009800000205
01009c0000015f
0100a000000005
0200a40000015f
01009800000305
01009c000001a7
0100a000000005
0200a4000001a7
01007400000403
02007400000403
01007800000000
01007c00000007
01008000000003
02008400000000
01007800000001
01007c00000007
01008000000003
02008400000000
01007800000002
01007c00000007
01008000000003
02008400000000
01007800000003
01007c00000007
01008000000003
02008400000000
01007800000100
01007c00000107
01008000000003
02008400000001
01007800000101
01007c00000107
01008000000003
02008400000001
01007800000102
01007c00000107
01008000000003
02008400000001
01007800000103
01007c00000007
01008000000003
02008400000000
01008800000000
01008c25eb8dda
01009000000003
02009425eb8dda
01008800000001
01008c263e1f90
01009000000003
020094263e1f90
01008800000002
01008c26737fb1
01009000000003
02009426737fb1
01008800000003
01008c267d22d9
01009000000003
020094267d22d9
01009800000000
01009c00000015
0100a000000005
0200a400000015
01009800000100
01009c00000005
0100a000000005
0200a400000005
01009800000200
01009c00000009
0100a000000005
0200a400000009
01009800000300
01009c0000000d
0100a000000005
0200a40000000d
01009800000001
01009c0000001d
0100a000000005
0200a40000001d
01009800000101
01009c0000000d
0100a000000005
0200a40000000d
01009800000201
01009c00000005
0100a000000005
0200a400000005
01009800000301
01009c00000011
0100a000000005
0200a400000011
01009800000002
01009c00000009
0100a000000005
0200a400000009
01009800000102
01009c00000005
0100a000000005
0200a400000005
01009800000202
01009c00000005
0100a000000005
0200a400000005
01009800000302
01009c00000009
0100a000000005
0200a400000009
01009800000003
01009c0000000d
0100a000000005
0200a40000000d
01009800000103
01009c0000000d
0100a000000005
0200a40000000d
01009800000203
01009c00000009
0100a000000005
0200a400000009
01009800000303
01009c0000001d
0100a000000005
0200a40000001d
01009800000004
01009c00000167
0100a000000005
0200a400000167
01009800000104
01009c0000018f
0100a000000005
0200a40000018f
01009800000204
01009c0000015f
0100a000000005
0200a40000015f
01009800000304
01009c000001a7
0100a000000005
0200a4000001a7
01009800000005
01009c000001a7
0100a000000005
0200a4000001a7
01009800000105
01009c000001a7
0100a000000005
0200a4000001a7
01009800000205
01009c0000013b
0100a000000005
0200a40000013b
01009800000305
01009c00000177
0100a000000005
0200a400000177
01007400000503
02007400000503
01007800000000
01007c00000107
01008000000003
02008400000001
01007800000001
01007c00000007
01008000000003
02008400000000
01007800000002
01007c00000107
01008000000003
02008400000001
01007800000003
01007c00000107
01008000000003
02008400000001
01007800000100
01007c00000107
01008000000003
02008400000001
01007800000101
01007c00000107
01008000000003
02008400000001
01007800000102
01007c00000107
01008000000003
02008400000001
01007800000103
01007c00000007
01008000000003
02008400000000
01008800000000
01008c26800b6f
01009000000003
02009426800b6f
01008800000001
01008c26b19dab
01009000000003
02009426b19dab
01008800000002
01008c26d3471d
01009000000003
02009426d3471d
01008800000003
01008c270dee5e
01009000000003
020094270dee5e
01009800000000
01009c0000000d
0100a000000005
0200a40000000d
01009800000100
01009c00000021
0100a000000005
0200a400000021
01009800000200
01009c00000005
0100a000000005
0200a400000005
01009800000300
01009c0000000d
0100a000000005
0200a40000000d
01009800000001
01009c00000015
0100a000000005
0200a400000015
01009800000101
01009c0000001d
0100a000000005
0200a40000001d
01009800000201
01009c00000009
0100a000000005
0200a400000009
01009800000301
01009c00000005
0100a000000005
0200a400000005
01009800000002
01009c00000025
0100a000000005
0200a400000025
01009800000102
01009c00000015
0100a000000005
0200a400000015
01009800000202
01009c00000005
0100a000000005
0200a400000005
01009800000302
01009c0000002d
0100a000000005
0200a40000002d
01009800000003
01009c00000000
0100a000000005
0200a400000000
01009800000103
01009c00000000
0100a000000005
0200a400000000
01009800000203
01009c00000000
0100a000000005
0200a400000000
01009800000303
01009c00000000
0100a000000005
0200a400000000
01009800000004
01009c00000000
0100a000000005
0200a400000000
01009800000104
01009c00000000
0100a000000005
0200a400000000
01009800000204
01009c00000000
0100a000000005
0200a400000000
01009800000304
01009c00000000
0100a000000005
0200a400000000
01009800000005
01009c000001b7
0100a000000005
0200a4000001b7
01009800000105
01009c00000153
0100a000000005
0200a400000153
01009800000205
01009c000001a7
0100a000000005
0200a4000001a7
01009800000305
01009c00000000
0100a000000005
0200a400000000
01007400000603
02007400000603
01007800000000
01007c00000007
01008000000003
02008400000000
01007800000001
01007c00000007
01008000000003
02008400000000
01007800000002
01007c00000007
01008000000003
02008400000000
01007800000003
01007c00000007
01008000000003
02008400000000
01007800000100
01007c00000007
01008000000003
02008400000000
01007800000101
01007c00000007
01008000000003
02008400000000
01007800000102
01007c00000107
01008000000003
02008400000001
01007800000103
01007c00000107
01008000000003
02008400000001
01008800000000
01008c27314645
01009000000003
02009427314645
01008800000001
01008c27412b33
01009000000003
02009427412b33
01008800000002
01008c2754ecf1
01009000000003
0200942754ecf1
01008800000003
01008c27602270
01009000000003
02009427602270
01009800000000
01009c00000000
0100a000000005
0200a400000000
01009800000100
01009c00000000
0100a000000005
0200a400000000
01009800000200
01009c00000000
0100a000000005
0200a400000000
01009800000300
01009c00000000
0100a000000005
0200a400000000
01009800000001
01009c00000000
0100a000000005
0200a400000000
01009800000101
01009c00000000
0100a000000005
0200a400000000
01009800000201
01009c00000000
0100a000000005
0200a400000000
01009800000301
01009c00000000
0100a000000005
0200a400000000
01009800000002
01009c00000000
0100a000000005
0200a400000000
01009800000102
01009c00000000
0100a000000005
0200a400000000
01009800000202
01009c00000000
0100a000000005
0200a400000000
01009800000302
01009c00000000
0100a000000005
0200a400000000
01009800000003
01009c00000000
0100a000000005
0200a400000000
01009800000103
01009c00000000
0100a000000005
0200a400000000
01009800000203
01009c00000000
0100a000000005
0200a400000000
01009800000303
01009c00000000
0100a000000005
0200a400000000
01009800000004
01009c00000000
0100a000000005
0200a400000000
01009800000104
01009c00000000
0100a000000005
0200a400000000
01009800000204
01009c00000000
0100a000000005
0200a400000000
01009800000304
01009c00000000
0100a000000005
0200a400000000
01009800000005
01009c00000000
0100a000000005
0200a400000000
01009800000105
01009c00000000
0100a000000005
0200a400000000
01009800000205
01009c00000000
0100a000000005
0200a400000000
01009800000305
01009c00000000
0100a000000005
0200a400000000
01007400000703
02007400000703
01007800000000
01007c00000107
01008000000003
02008400000001
01007800000001
01007c00000007
01008000000003
02008400000000
01007800000002
01007c00000007
01008000000003
02008400000000
01007800000003
01007c00000007
01008000000003
02008400000000
01007800000100
01007c00000007
01008000000003
02008400000000
01007800000101
01007c00000007
01008000000003
02008400000000
01007800000102
01007c00000107
01008000000003
02008400000001
01007800000103
01007c00000007
01008000000003
02008400000000
01008800000000
01008c2770e1fd
01009000000003
0200942770e1fd
01008800000001
01008c27833100
01009000000003
02009427833100
01008800000002
01008c279282b9
01009000000003
020094279282b9
01008800000003
01008c27941fc8
01009000000003
02009427941fc8
01009800000000
01009c00000000
0100a000000005
0200a400000000
01009800000100
01009c00000000
0100a000000005
0200a400000000
01009800000200
01009c00000000
0100a000000005
0200a400000000
01009800000300
01009c00000000
0100a000000005
0200a400000000
01009800000001
01009c00000000
0100a000000005
0200a400000000
01009800000101
01009c00000000
0100a000000005
0200a400000000
01009800000201
01009c00000000
0100a000000005
0200a400000000
01009800000301
01009c00000000
0100a000000005
0200a400000000
01009800000002
01009c00000000
0100a000000005
0200a400000000
01009800000102
01009c00000000
0100a000000005
0200a400000000
01009800000202
01009c00000000
0100a000000005
0200a400000000
01009800000302
01009c00000000
0100a000000005
0200a400000000
01009800000003
01009c00000000
0100a000000005
0200a400000000
01009800000103
01009c00000000
0100a000000005
0200a400000000
01009800000203
01009c00000000
0100a000000005
0200a400000000
01009800000303
01009c00000000
0100a000000005
0200a400000000
01009800000004
01009c00000000
0100a000000005
0200a400000000
01009800000104
01009c00000000
0100a000000005
0200a400000000
01009800000204
01009c00000000
0100a000000005
0200a400000000
01009800000304
01009c00000000
0100a000000005
0200a400000000
01009800000005
01009c00000000
0100a000000005
0200a400000000
01009800000105
01009c00000000
0100a000000005
0200a400000000
01009800000205
01009c00000000
0100a000000005
0200a400000000
01009800000305
01009c00000000
0100a000000005
0200a400000000
01007400000803
02007400000803
01007800000000
01007c00000007
01008000000003
02008400000000
01007800000001
01007c00000107
01008000000003
02008400000001
01007800000002
01007c00000007
01008000000003
02008400000000
01007800000003
01007c00000007
01008000000003
02008400000000
01007800000100
01007c00000007
01008000000003
02008400000000
01007800000101
01007c00000107
01008000000003
02008400000001
01007800000102
01007c00000007
01008000000003
02008400000000
01007800000103
01007c00000107
01008000000003
02008400000001
01008800000000
01008c27b0c20f
01009000000003
02009427b0c20f
01008800000001
01008c2843ada4
01009000000003
0200942843ada4
01008800000002
01008c284b24eb
01009000000003
020094284b24eb
01008800000003
01008c286ad732
01009000000003
020094286ad732
01009800000000
01009c00000000
0100a000000005
0200a400000000
01009800000100
01009c00000000
0100a000000005
0200a400000000
01009800000200
01009c00000000
0100a000000005
0200a400000000
01009800000300
01009c00000000
0100a000000005
0200a400000000
01009800000001
01009c00000000
0100a000000005
0200a400000000
01009800000101
01009c00000000
0100a000000005
0200a400000000
01009800000201
01009c00000000
0100a000000005
0200a400000000
01009800000301
01009c00000000
0100a000000005
0200a400000000
01009800000002
01009c00000000
0100a000000005
0200a400000000
01009800000102
01009c00000000
0100a000000005
0200a400000000
01009800000202
01009c00000000
0100a000000005
0200a400000000
01009800000302
01009c00000000
0100a000000005
0200a400000000
01009800000003
01009c00000000
0100a000000005
0200a400000000
01009800000103
01009c00000000
0100a000000005
0200a400000000
01009800000203
01009c00000000
0100a000000005
0200a400000000
01009800000303
01009c00000000
0100a000000005
0200a400000000
01009800000004
01009c00000000
0100a000000005
0200a400000000
01009800000104
01009c00000000
0100a000000005
0200a400000000
01009800000204
01009c00000000
0100a000000005
0200a400000000
01009800000304
01009c00000000
0100a000000005
0200a400000000
01009800000005
01009c00000000
0100a000000005
0200a400000000
01009800000105
01009c00000000
0100a000000005
0200a400000000
01009800000205
01009c00000000
0100a000000005
0200a400000000
01009800000305
01009c00000000
0100a000000005
0200a400000000
01007400000903
02007400000903
01007800000000
01007c00000007
01008000000003
02008400000000
01007800000001
01007c00000107
01008000000003
02008400000001
01007800000002
01007c00000007
01008000000003
02008400000000
01007800000003
01007c00000007
01008000000003
02008400000000
01007800000100
01007c00000007
01008000000003
02008400000000
01007800000101
01007c00000007
01008000000003
02008400000000
01007800000102
01007c00000007
01008000000003
02008400000000
01007800000103
01007c00000007
01008000000003
02008400000000
01008800000000
01008c28747ec2
01009000000003
02009428747ec2
01008800000001
01008c2887644d
01009000000003
0200942887644d
01008800000002
01008c28ad4964
01009000000003
02009428ad4964
01008800000003
01008c28de654a
01009000000003
02009428de654a
01009800000000
01009c00000000
0100a000000005
0200a400000000
01009800000100
01009c00000000
0100a000000005
0200a400000000
01009800000200
01009c00000000
0100a000000005
0200a400000000
01009800000300
01009c00000000
0100a000000005
0200a400000000
01009800000001
01009c00000000
0100a000000005
0200a400000000
01009800000101
01009c00000000
0100a000000005
0200a400000000
01009800000201
01009c00000000
0100a000000005
0200a400000000
01009800000301
01009c00000000
0100a000000005
0200a400000000
01009800000002
01009c00000000
0100a000000005
0200a400000000
01009800000102
01009c00000000
0100a000000005
0200a400000000
01009800000202
01009c00000000
0100a000000005
0200a400000000
01009800000302
01009c00000000
0100a000000005
0200a400000000
01009800000003
01009c00000000
0100a000000005
0200a400000000
01009800000103
01009c00000000
0100a000000005
0200a400000000
01009800000203
01009c00000000
0100a000000005
0200a400000000
01009800000303
01009c00000000
0100a000000005
0200a400000000
01009800000004
01009c00000000
0100a000000005
0200a400000000
01009800000104
01009c00000000
0100a000000005
0200a400000000
01009800000204
01009c00000000
0100a000000005
0200a400000000
01009800000304
01009c00000000
0100a000000005
0200a400000000
01009800000005
01009c00000000
0100a000000005
0200a400000000
01009800000105
01009c00000000
0100a000000005
0200a400000000
01009800000205
01009c00000000
0100a000000005
0200a400000000
01009800000305
01009c00000000
0100a000000005
0200a400000000
01007400000a03
02007400000a03
01007800000000
01007c00000007
01008000000003
02008400000000
01007800000001
01007c00000007
01008000000003
02008400000000
01007800000002
01007c00000007
01008000000003
02008400000000
01007800000003
01007c00000007
01008000000003
02008400000000
01007800000100
01007c00000107
01008000000003
02008400000001
01007800000101
01007c00000107
01008000000003
02008400000001
01007800000102
01007c00000107
01008000000003
02008400000001
01007800000103
01007c00000007
01008000000003
02008400000000
01008800000000
01008c2921e651
01009000000003
0200942921e651
01008800000001
01008c2946e4b6
01009000000003
0200942946e4b6
01008800000002
01008c2979780c
01009000000003
0200942979780c
01008800000003
01008c298bca77
01009000000003
020094298bca77
01009800000000
01009c00000000
0100a000000005
0200a400000000
01009800000100
01009c00000000
0100a000000005
0200a400000000
01009800000200
01009c00000000
0100a000000005
0200a400000000
01009800000300
01009c00000000
0100a000000005
0200a400000000
01009800000001
01009c00000000
0100a000000005
0200a400000000
01009800000101
01009c00000000
0100a000000005
0200a400000000
01009800000201
01009c00000000
0100a000000005
0200a400000000
01009800000301
01009c00000000
0100a000000005
0200a400000000
01009800000002
01009c00000000
0100a000000005
0200a400000000
01009800000102
01009c00000000
0100a000000005
0200a400000000
01009800000202
01009c00000000
0100a000000005
0200a400000000
01009800000302
01009c00000000
0100a000000005
0200a400000000
01009800000003
01009c00000000
0100a000000005
0200a400000000
01009800000103
01009c00000000
0100a000000005
0200a400000000
01009800000203
01009c00000000
0100a000000005
0200a400000000
01009800000303
01009c00000000
0100a000000005
0200a400000000
01009800000004
01009c00000000
0100a000000005
0200a400000000
01009800000104
01009c00000000
0100a000000005
0200a400000000
01009800000204
01009c00000000
0100a000000005
0200a400000000
01009800000304
01009c00000000
0100a000000005
0200a400000000
01009800000005
01009c00000000
0100a000000005
0200a400000000
01009800000105
01009c00000000
0100a000000005
0200a400000000
01009800000205
01009c00000000
0100a000000005
0200a400000000
01009800000305
01009c00000000
0100a000000005
0200a400000000
01007400000b03
02007400000b03
01007800000000
01007c00000007
01008000000003
02008400000000
01007800000001
01007c00000007
01008000000003
02008400000000
01007800000002
01007c00000007
01008000000003
02008400000000
01007800000003
01007c00000107
01008000000003
02008400000001
01007800000100
01007c00000107
01008000000003
02008400000001
01007800000101
01007c00000107
01008000000003
02008400000001
01007800000102
01007c00000107
01008000000003
02008400000001
01007800000103
01007c00000107
01008000000003
02008400000001
01008800000000
01008c298e8d16
01009000000003
020094298e8d16
01008800000001
01008c29ab6c80
01009000000003
02009429ab6c80
01008800000002
01008c29b7373f
01009000000003
02009429b7373f
01008800000003
01008c29d0e8f4
01009000000003
02009429d0e8f4
01009800000000
01009c00000000
0100a000000005
0200a400000000
01009800000100
01009c00000000
0100a000000005
0200a400000000
01009800000200
01009c00000000
0100a000000005
0200a400000000
01009800000300
01009c00000000
0100a000000005
0200a400000000
01009800000001
01009c00000000
0100a000000005
0200a400000000
01009800000101
01009c00000000
0100a000000005
0200a400000000
01009800000201
01009c00000000
0100a000000005
0200a400000000
01009800000301
01009c00000000
0100a000000005
0200a400000000
01009800000002
01009c00000000
0100a000000005
0200a400000000
01009800000102
01009c00000000
0100a000000005
0200a400000000
01009800000202
01009c00000000
0100a000000005
0200a400000000
01009800000302
01009c00000000
0100a000000005
0200a400000000
01009800000003
01009c00000000
0100a000000005
0200a400000000
01009800000103
01009c00000000
0100a000000005
0200a400000000
01009800000203
01009c00000000
0100a000000005
0200a400000000
01009800000303
01009c00000000
0100a000000005
0200a400000000
01009800000004
01009c00000000
0100a000000005
0200a400000000
01009800000104
01009c00000000
0100a000000005
0200a400000000
01009800000204
01009c00000000
0100a000000005
0200a400000000
01009800000304
01009c00000000
0100a000000005
0200a400000000
01009800000005
01009c00000000
0100a000000005
0200a400000000
01009800000105
01009c00000000
0100a000000005
0200a400000000
01009800000205
01009c00000000
0100a000000005
0200a400000000
01009800000305
01009c00000000
0100a000000005
0200a400000000
01007400000c03
02007400000c03
01007800000000
01007c00000007
01008000000003
02008400000000
01007800000001
01007c00000007
01008000000003
02008400000000
01007800000002
01007c00000007
01008000000003
02008400000000
01007800000003
01007c00000007
01008000000003
02008400000000
01007800000100
01007c00000007
01008000000003
02008400000000
01007800000101
01007c00000107
01008000000003
02008400000001
01007800000102
01007c00000107
01008000000003
02008400000001
01007800000103
01007c00000107
01008000000003
02008400000001
01008800000000
01008c29d967ab
01009000000003
02009429d967ab
01008800000001
01008c2a1e6f6d
01009000000003
0200942a1e6f6d
01008800000002
01008c2a36d373
01009000000003
0200942a36d373
01008800000003
01008c2a39f52f
01009000000003
0200942a39f52f
01009800000000
01009c00000000
0100a000000005
0200a400000000
01009800000100
01009c00000000
0100a000000005
0200a400000000
01009800000200
01009c00000000
0100a000000005
0200a400000000
01009800000300
01009c00000000
0100a000000005
0200a400000000
01009800000001
01009c00000000
0100a000000005
0200a400000000
01009800000101
01009c00000000
0100a000000005
0200a400000000
01009800000201
01009c00000000
0100a000000005
0200a400000000
01009800000301
01009c00000000
0100a000000005
0200a400000000
01009800000002
01009c00000000
0100a000000005
0200a400000000
01009800000102
01009c00000000
0100a000000005
0200a400000000
01009800000202
01009c00000000
0100a000000005
0200a400000000
01009800000302
01009c00000000
0100a000000005
0200a400000000
01009800000003
01009c00000000
0100a000000005
0200a400000000
01009800000103
01009c00000000
0100a000000005
0200a400000000
01009800000203
01009c00000000
0100a000000005
0200a400000000
01009800000303
01009c00000000
0100a000000005
0200a400000000
01009800000004
01009c00000000
0100a000000005
0200a400000000
01009800000104
01009c00000000
0100a000000005
0200a400000000
01009800000204
01009c00000000
0100a000000005
0200a400000000
01009800000304
01009c00000000
0100a000000005
0200a400000000
01009800000005
01009c00000000
0100a000000005
0200a400000000
01009800000105
01009c00000000
0100a000000005
0200a400000000
01009800000205
01009c00000000
0100a000000005
0200a400000000
01009800000305
01009c00000000
0100a000000005
0200a400000000
01007400000d03
02007400000d03
01007800000000
01007c00000007
01008000000003
02008400000000
01007800000001
01007c00000007
01008000000003
02008400000000
01007800000002
01007c00000107
01008000000003
02008400000001
01007800000003
01007c00000007
01008000000003
02008400000000
01007800000100
01007c00000007
01008000000003
02008400000000
01007800000101
01007c00000007
01008000000003
02008400000000
01007800000102
01007c00000007
01008000000003
02008400000000
01007800000103
01007c00000007
01008000000003
02008400000000
01008800000000
01008c2a4453ba
01009000000003
0200942a4453ba
01008800000001
01008c2a768242
01009000000003
0200942a768242
01008800000002
01008c2a7892c9
01009000000003
0200942a7892c9
01008800000003
01008c2a9336a9
01009000000003
0200942a9336a9
01009800000000
01009c00000000
0100a000000005
0200a400000000
01009800000100
01009c00000000
0100a000000005
0200a400000000
01009800000200
01009c00000000
0100a000000005
0200a400000000
01009800000300
01009c00000000
0100a000000005
0200a400000000
01009800000001
01009c00000000
0100a000000005
0200a400000000
01009800000101
01009c00000000
0100a000000005
0200a400000000
01009800000201
01009c00000000
0100a000000005
0200a400000000
01009800000301
01009c00000000
0100a000000005
0200a400000000
01009800000002
01009c00000000
0100a000000005
0200a400000000
01009800000102
01009c00000000
0100a000000005
0200a400000000
01009800000202
01009c00000000
0100a000000005
0200a400000000
01009800000302
01009c00000000
0100a000000005
0200a400000000
01009800000003
01009c00000000
0100a000000005
0200a400000000
01009800000103
01009c00000000
0100a000000005
0200a400000000
01009800000203
01009c00000000
0100a000000005
0200a400000000
01009800000303
01009c00000000
0100a000000005
0200a400000000
01009800000004
01009c00000000
0100a000000005
0200a400000000
01009800000104
01009c00000000
0100a000000005
0200a400000000
01009800000204
01009c00000000
0100a000000005
0200a400000000
01009800000304
01009c00000000
0100a000000005
0200a400000000
01009800000005
01009c00000000
0100a000000005
0200a400000000
01009800000105
01009c00000000
0100a000000005
0200a400000000
01009800000205
01009c00000000
0100a000000005
0200a400000000
01009800000305
01009c00000000
0100a000000005
0200a400000000
01007400000e03
02007400000e03
01007800000000
01007c00000007
01008000000003
02008400000000
01007800000001
01007c00000107
01008000000003
02008400000001
01007800000002
01007c00000007
01008000000003
02008400000000
01007800000003
01007c00000007
01008000000003
02008400000000
01007800000100
01007c00000007
01008000000003
02008400000000
01007800000101
01007c00000007
01008000000003
02008400000000
01007800000102
01007c00000107
01008000000003
02008400000001
01007800000103
01007c00000107
01008000000003
02008400000001
01008800000000
01008c2aa53e84
01009000000003
0200942aa53e84
01008800000001
01008c2ae32f3f
01009000000003
0200942ae32f3f
01008800000002
01008c2ae3cf94
01009000000003
0200942ae3cf94
01008800000003
01008c2aeac8a0
01009000000003
0200942aeac8a0
01009800000000
01009c00000000
0100a000000005
0200a400000000
01009800000100
01009c00000000
0100a000000005
0200a400000000
01009800000200
01009c00000000
0100a000000005
0200a400000000
01009800000300
01009c00000000
0100a000000005
0200a400000000
01009800000001
01009c00000000
0100a000000005
0200a400000000
01009800000101
01009c00000000
0100a000000005
0200a400000000
01009800000201
01009c00000000
0100a000000005
0200a400000000
01009800000301
01009c00000000
0100a000000005
0200a400000000
01009800000002
01009c00000000
0100a000000005
0200a400000000
01009800000102
01009c00000000
0100a000000005
0200a400000000
01009800000202
01009c00000000
0100a000000005
0200a400000000
01009800000302
01009c00000000
0100a000000005
0200a400000000
01009800000003
01009c00000000
0100a000000005
0200a400000000
01009800000103
01009c00000000
0100a000000005
0200a400000000
01009800000203
01009c00000000
0100a000000005
0200a400000000
01009800000303
01009c00000000
0100a000000005
0200a400000000
01009800000004
01009c00000000
0100a000000005
0200a400000000
01009800000104
01009c00000000
0100a000000005
0200a400000000
01009800000204
01009c00000000
0100a000000005
0200a400000000
01009800000304
01009c00000000
0100a000000005
0200a400000000
01009800000005
01009c00000000
0100a000000005
0200a400000000
01009800000105
01009c00000000
0100a000000005
0200a400000000
01009800000205
01009c00000000
0100a000000005
0200a400000000
01009800000305
01009c00000000
0100a000000005
0200a400000000
01007400000f03
02007400000f03
01007800000000
01007c00000007
01008000000003
02008400000000
01007800000001
01007c00000107
01008000000003
02008400000001
01007800000002
01007c00000107
01008000000003
02008400000001
01007800000003
01007c00000007
01008000000003
02008400000000
01007800000100
01007c00000107
01008000000003
02008400000001
01007800000101
01007c00000107
01008000000003
02008400000001
01007800000102
01007c00000107
01008000000003
02008400000001
01007800000103
01007c00000107
01008000000003
02008400000001
01008800000000
01008c2b64b37f
01009000000003
0200942b64b37f
01008800000001
01008c2b679e7f
01009000000003
0200942b679e7f
01008800000002
01008c2b6a74d1
01009000000003
0200942b6a74d1
01008800000003
01008c2b87b63a
01009000000003
0200942b87b63a
01009800000000
01009c00000000
0100a000000005
0200a400000000
01009800000100
01009c00000000
0100a000000005
0200a400000000
01009800000200
01009c00000000
0100a000000005
0200a400000000
01009800000300
01009c00000000
0100a000000005
0200a400000000
01009800000001
01009c00000000
0100a000000005
0200a400000000
01009800000101
01009c00000000
0100a000000005
0200a400000000
01009800000201
01009c00000000
0100a000000005
0200a400000000
01009800000301
01009c00000000
0100a000000005
0200a400000000
01009800000002
01009c00000000
0100a000000005
0200a400000000
01009800000102
01009c00000000
0100a000000005
0200a400000000
01009800000202
01009c00000000
0100a000000005
0200a400000000
01009800000302
01009c00000000
0100a000000005
0200a400000000
01009800000003
01009c00000000
0100a000000005
0200a400000000
01009800000103
01009c00000000
0100a000000005
0200a400000000
01009800000203
01009c00000000
0100a000000005
0200a400000000
01009800000303
01009c00000000
0100a000000005
0200a400000000
01009800000004
01009c00000000
0100a000000005
0200a400000000
01009800000104
01009c00000000
0100a000000005
0200a400000000
01009800000204
01009c00000000
0100a000000005
0200a400000000
01009800000304
01009c00000000
0100a000000005
0200a400000000
01009800000005
01009c00000000
0100a000000005
0200a400000000
01009800000105
01009c00000000
0100a000000005
0200a400000000
01009800000205
01009c00000000
0100a000000005
0200a400000000
01009800000305
01009c00000000
0100a000000005
0200a400000000
01007400001003
02007400001003
01007800000000
01007c00000107
01008000000003
02008400000001
01007800000001
01007c00000007
01008000000003
02008400000000
01007800000002
01007c00000107
01008000000003
02008400000001
01007800000003
01007c00000107
01008000000003
02008400000001
01007800000100
01007c00000007
01008000000003
02008400000000
01007800000101
01007c00000007
01008000000003
02008400000000
01007800000102
01007c00000107
01008000000003
02008400000001
01007800000103
01007c00000107
01008000000003
02008400000001
01008800000000
01008c2bf75228
01009000000003
0200942bf75228
01008800000001
01008c2c270144
01009000000003
0200942c270144
01008800000002
01008c2c41f764
01009000000003
0200942c41f764
01008800000003
01008c2c637a6d
01009000000003
0200942c637a6d
01009800000000
01009c00000000
0100a000000005
0200a400000000
01009800000100
01009c00000000
0100a000000005
0200a400000000
01009800000200
01009c00000000
0100a000000005
0200a400000000
01009800000300
01009c00000000
0100a000000005
0200a400000000
01009800000001
01009c00000000
0100a000000005
0200a400000000
01009800000101
01009c00000000
0100a000000005
0200a400000000
01009800000201
01009c00000000
0100a000000005
0200a400000000
01009800000301
01009c00000000
0100a000000005
0200a400000000
01009800000002
01009c00000000
0100a000000005
0200a400000000
01009800000102
01009c00000000
0100a000000005
0200a400000000
01009800000202
01009c00000000
0100a000000005
0200a400000000
01009800000302
01009c00000000
0100a000000005
0200a400000000
01009800000003
01009c00000000
0100a000000005
0200a400000000
01009800000103
01009c00000000
0100a000000005
0200a400000000
01009800000203
01009c00000000
0100a000000005
0200a400000000
01009800000303
01009c00000000
0100a000000005
0200a400000000
01009800000004
01009c00000000
0100a000000005
0200a400000000
01009800000104
01009c00000000
0100a000000005
0200a400000000
01009800000204
01009c00000000
0100a000000005
0200a400000000
01009800000304
01009c00000000
0100a000000005
0200a400000000
01009800000005
01009c00000000
0100a000000005
0200a400000000
01009800000105
01009c00000000
0100a000000005
0200a400000000
01009800000205
01009c00000000
0100a000000005
0200a400000000
01009800000305
01009c00000000
0100a000000005
0200a400000000
01007400001103
02007400001103
01007800000000
01007c00000007
01008000000003
02008400000000
01007800000001
01007c00000107
01008000000003
02008400000001
01007800000002
01007c00000007
01008000000003
02008400000000
01007800000003
01007c00000107
01008000000003
02008400000001
01007800000100
01007c00000007
01008000000003
02008400000000
01007800000101
01007c00000007
01008000000003
02008400000000
01007800000102
01007c00000007
01008000000003
02008400000000
01007800000103
01007c00000107
01008000000003
02008400000001
01008800000000
01008c2cc844d4
01009000000003
0200942cc844d4
01008800000001
01008c2cd909b8
01009000000003
0200942cd909b8
01008800000002
01008c2d38a730
01009000000003
0200942d38a730
01008800000003
01008c2d6ac7ae
01009000000003
0200942d6ac7ae
01009800000000
01009c00000000
0100a000000005
0200a400000000
01009800000100
01009c00000000
0100a000000005
0200a400000000
01009800000200
01009c00000000
0100a000000005
0200a400000000
01009800000300
01009c00000000
0100a000000005
0200a400000000
01009800000001
01009c00000000
0100a000000005
0200a400000000
01009800000101
01009c00000000
0100a000000005
0200a400000000
01009800000201
01009c00000000
0100a000000005
0200a400000000
01009800000301
01009c00000000
0100a000000005
0200a400000000
01009800000002
01009c00000000
0100a000000005
0200a400000000
01009800000102
01009c00000000
0100a000000005
0200a400000000
01009800000202
01009c00000000
0100a000000005
0200a400000000
01009800000302
01009c00000000
0100a000000005
0200a400000000
01009800000003
01009c00000000
0100a000000005
0200a400000000
01009800000103
01009c00000000
0100a000000005
0200a400000000
01009800000203
01009c00000000
0100a000000005
0200a400000000
01009800000303
01009c00000000
0100a000000005
0200a400000000
01009800000004
01009c00000000
0100a000000005
0200a400000000
01009800000104
01009c00000000
0100a000000005
0200a400000000
01009800000204
01009c00000000
0100a000000005
0200a400000000
01009800000304
01009c00000000
0100a000000005
0200a400000000
01009800000005
01009c00000000
0100a000000005
0200a400000000
01009800000105
01009c00000000
0100a000000005
0200a400000000
01009800000205
01009c00000000
0100a000000005
0200a400000000
01009800000305
01009c00000000
0100a000000005
0200a400000000
01007400001203
02007400001203
01007800000000
01007c00000007
01008000000003
02008400000000
01007800000001
01007c00000007
01008000000003
02008400000000
01007800000002
01007c00000107
01008000000003
02008400000001
01007800000003
01007c00000007
01008000000003
02008400000000
01007800000100
01007c00000007
01008000000003
02008400000000
01007800000101
01007c00000107
01008000000003
02008400000001
01007800000102
01007c00000107
01008000000003
02008400000001
01007800000103
01007c00000107
01008000000003
02008400000001
01008800000000
01008c2db28968
01009000000003
0200942db28968
01008800000001
01008c2de98cb6
01009000000003
0200942de98cb6
01008800000002
01008c2df268e9
01009000000003
0200942df268e9
01008800000003
01008c2e382ce9
01009000000003
0200942e382ce9
01009800000000
01009c00000000
0100a000000005
0200a400000000
01009800000100
01009c00000000
0100a000000005
0200a400000000
01009800000200
01009c00000000
0100a000000005
0200a400000000
01009800000300
01009c00000000
0100a000000005
0200a400000000
01009800000001
01009c00000000
0100a000000005
0200a400000000
01009800000101
01009c00000000
0100a000000005
0200a400000000
01009800000201
01009c00000000
0100a000000005
0200a400000000
01009800000301
01009c00000000
0100a000000005
0200a400000000
01009800000002
01009c00000000
0100a000000005
0200a400000000
01009800000102
01009c00000000
0100a000000005
0200a400000000
01009800000202
01009c00000000
0100a000000005
0200a400000000
01009800000302
01009c00000000
0100a000000005
0200a400000000
01009800000003
01009c00000000
0100a000000005
0200a400000000
01009800000103
01009c00000000
0100a000000005
0200a400000000
01009800000203
01009c00000000
0100a000000005
0200a400000000
01009800000303
01009c00000000
0100a000000005
0200a400000000
01009800000004
01009c00000000
0100a000000005
0200a400000000
01009800000104
01009c00000000
0100a000000005
0200a400000000
01009800000204
01009c00000000
0100a000000005
0200a400000000
01009800000304
01009c00000000
0100a000000005
0200a400000000
01009800000005
01009c00000000
0100a000000005
0200a400000000
01009800000105
01009c00000000
0100a000000005
0200a400000000
01009800000205
01009c00000000
0100a000000005
0200a400000000
01009800000305
01009c00000000
0100a000000005
0200a400000000
01007400001303
02007400001303
01007800000000
01007c00000107
01008000000003
02008400000001
01007800000001
01007c00000007
01008000000003
02008400000000
01007800000002
01007c00000007
01008000000003
02008400000000
01007800000003
01007c00000007
01008000000003
02008400000000
01007800000100
01007c00000007
01008000000003
02008400000000
01007800000101
01007c00000007
01008000000003
02008400000000
01007800000102
01007c00000107
01008000000003
02008400000001
01007800000103
01007c00000107
01008000000003
02008400000001
01008800000000
01008c2e69bad9
01009000000003
0200942e69bad9
01008800000001
01008c2e6c6d10
01009000000003
0200942e6c6d10
01008800000002
01008c2ebd62c7
01009000000003
0200942ebd62c7
01008800000003
01008c2ed698f0
01009000000003
0200942ed698f0
01009800000000
01009c00000000
0100a000000005
0200a400000000
01009800000100
01009c00000000
0100a000000005
0200a400000000
01009800000200
01009c00000000
0100a000000005
0200a400000000
01009800000300
01009c00000000
0100a000000005
0200a400000000
01009800000001
01009c00000000
0100a000000005
0200a400000000
01009800000101
01009c00000000
0100a000000005
0200a400000000
01009800000201
01009c00000000
0100a000000005
0200a400000000
01009800000301
01009c00000000
0100a000000005
0200a400000000
01009800000002
01009c00000000
0100a000000005
0200a400000000
01009800000102
01009c00000000
0100a000000005
0200a400000000
01009800000202
01009c00000000
0100a000000005
0200a400000000
01009800000302
01009c00000000
0100a000000005
0200a400000000
01009800000003
01009c00000000
0100a000000005
0200a400000000
01009800000103
01009c00000000
0100a000000005
0200a400000000
01009800000203
01009c00000000
0100a000000005
0200a400000000
01009800000303
01009c00000000
0100a000000005
0200a400000000
01009800000005
01009c00000000
0100a000000005
0200a400000000
01009800000105
01009c00000000
0100a000000005
0200a400000000
01009800000205
01009c00000000
0100a000000005
0200a400000000
01009800000305
01009c00000000
0100a000000005
0200a400000000
01007400000004
02007400000004
01007800000000
01007c00000107
01008000000003
02008400000001
01007800000001
01007c00000107
01008000000003
02008400000001
01007800000002
01007c00000107
01008000000003
02008400000001
01007800000003
01007c00000107
01008000000003
02008400000001
01007800000100
01007c00000007
01008000000003
02008400000000
01007800000101
01007c00000007
01008000000003
02008400000000
01007800000102
01007c00000107
01008000000003
02008400000001
01007800000103
01007c00000007
01008000000003
02008400000000
01008800000000
01008c2f05029a
01009000000003
0200942f05029a
01008800000001
01008c2f777365
01009000000003
0200942f777365
01008800000002
01008c2f905153
01009000000003
0200942f905153
01008800000003
01008c2fb049f4
01009000000003
0200942fb049f4
01009800000000
01009c00000000
0100a000000005
0200a400000000
01009800000100
01009c00000000
0100a000000005
0200a400000000
01009800000200
01009c00000000
0100a000000005
0200a400000000
01009800000300
01009c00000000
0100a000000005
0200a400000000
01009800000001
01009c00000000
0100a000000005
0200a400000000
01009800000101
01009c00000000
0100a000000005
0200a400000000
01009800000201
01009c00000000
0100a000000005
0200a400000000
01009800000301
01009c00000000
0100a000000005
0200a400000000
01009800000002
01009c00000000
0100a000000005
0200a400000000
01009800000102
01009c00000000
0100a000000005
0200a400000000
01009800000202
01009c00000000
0100a000000005
0200a400000000
01009800000302
01009c00000000
0100a000000005
0200a400000000
01009800000003
01009c00000000
0100a000000005
0200a400000000
01009800000103
01009c00000000
0100a000000005
0200a400000000
01009800000203
01009c00000000
0100a000000005
0200a400000000
01009800000303
01009c00000000
0100a000000005
0200a400000000
01009800000004
01009c000001a7
0100a000000005
0200a4000001a7
01009800000104
01009c000001a7
0100a000000005
0200a4000001a7
01009800000204
01009c0000013b
0100a000000005
0200a40000013b
01009800000304
01009c00000177
0100a000000005
0200a400000177
01009800000005
01009c000001df
0100a000000005
0200a4000001df
01009800000105
01009c000001f7
0100a000000005
0200a4000001f7
01009800000205
01009c000001ef
0100a000000005
0200a4000001ef
01009800000305
01009c00000187
0100a000000005
0200a400000187
01007400000104
02007400000104
01007800000000
01007c00000007
01008000000003
02008400000000
01007800000001
01007c00000107
01008000000003
02008400000001
01007800000002
01007c00000107
01008000000003
02008400000001
01007800000003
01007c00000007
01008000000003
02008400000000
01007800000100
01007c00000007
01008000000003
02008400000000
01007800000101
01007c00000107
01008000000003
02008400000001
01007800000102
01007c00000007
01008000000003
02008400000000
01007800000103
01007c00000007
01008000000003
02008400000000
01008800000000
01008c2fc906f1
01009000000003
0200942fc906f1
01008800000001
01008c2fef691f
01009000000003
0200942fef691f
01008800000002
01008c3022a2a4
01009000000003
0200943022a2a4
01008800000003
01008c304016b6
01009000000003
020094304016b6
01009800000000
01009c00000000
0100a000000005
0200a400000000
01009800000100
01009c00000000
0100a000000005
0200a400000000
01009800000200
01009c00000000
0100a000000005
0200a400000000
01009800000300
01009c00000000
0100a000000005
0200a400000000
01009800000001
01009c00000000
0100a000000005
0200a400000000
01009800000101
01009c00000000
0100a000000005
0200a400000000
01009800000201
01009c00000000
0100a000000005
0200a400000000
01009800000301
01009c00000000
0100a000000005
0200a400000000
01009800000002
01009c00000000
0100a000000005
0200a400000000
01009800000102
01009c00000000
0100a000000005
0200a400000000
01009800000202
01009c00000000
0100a000000005
0200a400000000
01009800000302
01009c00000000
0100a000000005
0200a400000000
01009800000003
01009c00000000
0100a000000005
0200a400000000
01009800000103
01009c00000000
0100a000000005
0200a400000000
01009800000203
01009c00000000
0100a000000005
0200a400000000
01009800000303
01009c00000000
0100a000000005
0200a400000000
01009800000004
01009c000001a7
0100a000000005
0200a4000001a7
01009800000104
01009c000001a7
0100a000000005
0200a4000001a7
01009800000204
01009c0000013b
0100a000000005
0200a40000013b
01009800000304
01009c00000177
0100a000000005
0200a400000177
01009800000005
01009c000001ff
0100a000000005
0200a4000001ff
01009800000105
01009c000001af
0100a000000005
0200a4000001af
01009800000205
01009c0000018f
0100a000000005
0200a40000018f
01009800000305
01009c000001cf
0100a000000005
0200a4000001cf
01007400000204
02007400000204
01007800000000
01007c00000007
01008000000003
02008400000000
01007800000001
01007c00000007
01008000000003
02008400000000
01007800000002
01007c00000107
01008000000003
02008400000001
01007800000003
01007c00000107
01008000000003
02008400000001
01007800000100
01007c00000107
01008000000003
02008400000001
01007800000101
01007c00000007
01008000000003
02008400000000
01007800000102
01007c00000107
01008000000003
02008400000001
01007800000103
01007c00000107
01008000000003
02008400000001
01008800000000
01008c3049530b
01009000000003
0200943049530b
01008800000001
01008c308ded0a
01009000000003
020094308ded0a
01008800000002
01008c30a3ac1e
01009000000003
02009430a3ac1e
01008800000003
01008c30eac877
01009000000003
02009430eac877
01009800000000
01009c00000000
0100a000000005
0200a400000000
01009800000100
01009c00000000
0100a000000005
0200a400000000
01009800000200
01009c00000000
0100a000000005
0200a400000000
01009800000300
01009c00000000
0100a000000005
0200a400000000
01009800000001
01009c00000000
0100a000000005
0200a400000000
01009800000101
01009c00000000
0100a000000005
0200a400000000
01009800000201
01009c00000000
0100a000000005
0200a400000000
01009800000301
01009c00000000
0100a000000005
0200a400000000
01009800000002
01009c00000000
0100a000000005
0200a400000000
01009800000102
01009c00000000
0100a000000005
0200a400000000
01009800000202
01009c00000000
0100a000000005
0200a400000000
01009800000302
01009c00000000
0100a000000005
0200a400000000
01009800000003
01009c00000000
0100a000000005
0200a400000000
01009800000103
01009c00000000
0100a000000005
0200a400000000
01009800000203
01009c00000000
0100a000000005
0200a400000000
01009800000303
01009c00000000
0100a000000005
0200a400000000
01009800000004
01009c000001a7
0100a000000005
0200a4000001a7
01009800000104
01009c000001a7
0100a000000005
0200a4000001a7
01009800000204
01009c0000013b
0100a000000005
0200a40000013b
01009800000304
01009c00000177
0100a000000005
0200a400000177
01009800000005
01009c0000019f
0100a000000005
0200a40000019f
01009800000105
01009c000001bf
0100a000000005
0200a4000001bf
01009800000205
01009c0000015f
0100a000000005
0200a40000015f
01009800000305
01009c000001cf
0100a000000005
0200a4000001cf
01007400000304
02007400000304
01007800000000
01007c00000007
01008000000003
02008400000000
01007800000001
01007c00000007
01008000000003
02008400000000
01007800000002
01007c00000007
01008000000003
02008400000000
01007800000003
01007c00000007
01008000000003
02008400000000
01007800000100
01007c00000107
01008000000003
02008400000001
01007800000101
01007c00000107
01008000000003
02008400000001
01007800000102
01007c00000107
01008000000003
02008400000001
01007800000103
01007c00000007
01008000000003
02008400000000
01008800000000
01008c3108c44e
01009000000003
0200943108c44e
01008800000001
01008c31411bb3
01009000000003
02009431411bb3
01008800000002
01008c31a9c1f5
01009000000003
02009431a9c1f5
01008800000003
01008c321b94dc
01009000000003
020094321b94dc
01009800000000
01009c00000000
0100a000000005
0200a400000000
01009800000100
01009c00000000
0100a000000005
0200a400000000
01009800000200
01009c00000000
0100a000000005
0200a400000000
01009800000300
01009c00000000
0100a000000005
0200a400000000
01009800000001
01009c00000000
0100a000000005
0200a400000000
01009800000101
01009c00000000
0100a000000005
0200a400000000
01009800000201
01009c00000000
0100a000000005
0200a400000000
01009800000301
01009c00000000
0100a000000005
0200a400000000
01009800000002
01009c00000000
0100a000000005
0200a400000000
01009800000102
01009c00000000
0100a000000005
0200a400000000
01009800000202
01009c00000000
0100a000000005
0200a400000000
01009800000302
01009c00000000
0100a000000005
0200a400000000
01009800000003
01009c00000000
0100a000000005
0200a400000000
01009800000103
01009c00000000
0100a000000005
0200a400000000
01009800000203
01009c00000000
0100a000000005
0200a400000000
01009800000303
01009c00000000
0100a000000005
0200a400000000
01009800000004
01009c000001a7
0100a000000005
0200a4000001a7
01009800000104
01009c000001a7
0100a000000005
0200a4000001a7
01009800000204
01009c0000013b
0100a000000005
0200a40000013b
01009800000304
01009c00000177
0100a000000005
0200a400000177
01009800000005
01009c00000167
0100a000000005
0200a400000167
01009800000105
01009c0000018f
0100a000000005
0200a40000018f
01009800000205
01009c0000015f
0100a000000005
0200a40000015f
01009800000305
01009c000001a7
0100a000000005
0200a4000001a7
01007400000404
02007400000404
01007800000000
01007c00000107
01008000000003
02008400000001
01007800000001
01007c00000007
01008000000003
02008400000000
01007800000002
01007c00000007
01008000000003
02008400000000
01007800000003
01007c00000007
01008000000003
02008400000000
01007800000100
01007c00000007
01008000000003
02008400000000
01007800000101
01007c00000007
01008000000003
02008400000000
01007800000102
01007c00000107
01008000000003
02008400000001
01007800000103
01007c00000107
01008000000003
02008400000001
01008800000000
01008c3247f9d9
01009000000003
0200943247f9d9
01008800000001
01008c3293ab9c
01009000000003
0200943293ab9c
01008800000002
01008c329ae8dc
01009000000003
020094329ae8dc
01008800000003
01008c32ab4743
01009000000003
02009432ab4743
01009800000000
01009c000001a7
0100a000000005
0200a4000001a7
01009800000100
01009c00000011
0100a000000005
0200a400000011
01009800000200
01009c00000015
0100a000000005
0200a400000015
01009800000300
01009c00000021
0100a000000005
0200a400000021
01009800000001
01009c00000000
0100a000000005
0200a400000000
01009800000101
01009c000001a7
0100a000000005
0200a4000001a7
01009800000201
01009c00000019
0100a000000005
0200a400000019
01009800000301
01009c00000015
0100a000000005
0200a400000015
01009800000002
01009c00000000
0100a000000005
0200a400000000
01009800000102
01009c00000000
0100a000000005
0200a400000000
01009800000202
01009c0000013b
0100a000000005
0200a40000013b
01009800000302
01009c00000011
0100a000000005
0200a400000011
01009800000003
01009c00000000
0100a000000005
0200a400000000
01009800000103
01009c00000000
0100a000000005
0200a400000000
01009800000203
01009c00000000
0100a000000005
0200a400000000
01009800000303
01009c00000177
0100a000000005
0200a400000177
01009800000004
01009c000001a7
0100a000000005
0200a4000001a7
01009800000104
01009c000001a7
0100a000000005
0200a4000001a7
01009800000204
01009c0000013b
0100a000000005
0200a40000013b
01009800000304
01009c00000177
0100a000000005
0200a400000177
01009800000005
01009c000001a7
0100a000000005
0200a4000001a7
01009800000105
01009c000001a7
0100a000000005
0200a4000001a7
01009800000205
01009c0000013b
0100a000000005
0200a40000013b
01009800000305
01009c00000177
0100a000000005
0200a400000177
01007400000504
02007400000504
01007800000000
01007c00000107
01008000000003
02008400000001
01007800000001
01007c00000007
01008000000003
02008400000000
01007800000002
01007c00000107
01008000000003
02008400000001
01007800000003
01007c00000107
01008000000003
02008400000001
01007800000100
01007c00000107
01008000000003
02008400000001
01007800000101
01007c00000007
01008000000003
02008400000000
01007800000102
01007c00000107
01008000000003
02008400000001
01007800000103
01007c00000107
01008000000003
02008400000001
01008800000000
01008c32ae335c
01009000000003
02009432ae335c
01008800000001
01008c3300043f
01009000000003
0200943300043f
01008800000002
01008c3340d537
01009000000003
0200943340d537
01008800000003
01008c3373e20b
01009000000003
0200943373e20b
01009800000000
01009c00000009
0100a000000005
0200a400000009
01009800000100
01009c0000000d
0100a000000005
0200a40000000d
01009800000200
01009c0000000d
0100a000000005
0200a40000000d
01009800000300
01009c00000021
0100a000000005
0200a400000021
01009800000001
01009c0000000d
0100a000000005
0200a40000000d
01009800000101
01009c00000005
0100a000000005
0200a400000005
01009800000201
01009c00000009
0100a000000005
0200a400000009
01009800000301
01009c00000009
0100a000000005
0200a400000009
01009800000002
01009c00000009
0100a000000005
0200a400000009
01009800000102
01009c00000005
0100a000000005
0200a400000005
01009800000202
01009c00000009
0100a000000005
0200a400000009
01009800000302
01009c00000009
0100a000000005
0200a400000009
01009800000003
01009c00000000
0100a000000005
0200a400000000
01009800000103
01009c00000000
0100a000000005
0200a400000000
01009800000203
01009c00000000
0100a000000005
0200a400000000
01009800000303
01009c00000000
0100a000000005
0200a400000000
01009800000004
01009c00000000
0100a000000005
0200a400000000
01009800000104
01009c00000000
0100a000000005
0200a400000000
01009800000204
01009c00000000
0100a000000005
0200a400000000
01009800000304
01009c00000000
0100a000000005
0200a400000000
01009800000005
01009c000001b7
0100a000000005
0200a4000001b7
01009800000105
01009c00000153
0100a000000005
0200a400000153
01009800000205
01009c000001a7
0100a000000005
0200a4000001a7
01009800000305
01009c00000000
0100a000000005
0200a400000000
01007400000604
02007400000604
01007800000000
01007c00000007
01008000000003
02008400000000
01007800000001
01007c00000107
01008000000003
02008400000001
01007800000002
01007c00000107
01008000000003
02008400000001
01007800000003
01007c00000007
01008000000003
02008400000000
01007800000100
01007c00000107
01008000000003
02008400000001
01007800000101
01007c00000107
01008000000003
02008400000001
01007800000102
01007c00000007
01008000000003
02008400000000
01007800000103
01007c00000007
01008000000003
02008400000000
01008800000000
01008c3379ce9e
01009000000003
0200943379ce9e
01008800000001
01008c338314c4
01009000000003
020094338314c4
01008800000002
01008c33cfbeb1
01009000000003
02009433cfbeb1
01008800000003
01008c33ee522d
01009000000003
02009433ee522d
01009800000000
01009c00000000
0100a000000005
0200a400000000
01009800000100
01009c00000000
0100a000000005
0200a400000000
01009800000200
01009c00000000
0100a000000005
0200a400000000
01009800000300
01009c00000000
0100a000000005
0200a400000000
01009800000001
01009c00000000
0100a000000005
0200a400000000
01009800000101
01009c00000000
0100a000000005
0200a400000000
01009800000201
01009c00000000
0100a000000005
0200a400000000
01009800000301
01009c00000000
0100a000000005
0200a400000000
01009800000002
01009c00000000
0100a000000005
0200a400000000
01009800000102
01009c00000000
0100a000000005
0200a400000000
01009800000202
01009c00000000
0100a000000005
0200a400000000
01009800000302
01009c00000000
0100a000000005
0200a400000000
01009800000003
01009c00000000
0100a000000005
0200a400000000
01009800000103
01009c00000000
0100a000000005
0200a400000000
01009800000203
01009c00000000
0100a000000005
0200a400000000
01009800000303
01009c00000000
0100a000000005
0200a400000000
01009800000004
01009c00000000
0100a000000005
0200a400000000
01009800000104
01009c00000000
0100a000000005
0200a400000000
01009800000204
01009c00000000
0100a000000005
0200a400000000
01009800000304
01009c00000000
0100a000000005
0200a400000000
01009800000005
01009c00000000
0100a000000005
0200a400000000
01009800000105
01009c00000000
0100a000000005
0200a400000000
01009800000205
01009c00000000
0100a000000005
0200a400000000
01009800000305
01009c00000000
0100a000000005
0200a400000000
01007400000704
02007400000704
01007800000000
01007c00000007
01008000000003
02008400000000
01007800000001
01007c00000007
01008000000003
02008400000000
01007800000002
01007c00000007
01008000000003
02008400000000
01007800000003
01007c00000007
01008000000003
02008400000000
01007800000100
01007c00000007
01008000000003
02008400000000
01007800000101
01007c00000007
01008000000003
02008400000000
01007800000102
01007c00000007
01008000000003
02008400000000
01007800000103
01007c00000007
01008000000003
02008400000000
01008800000000
01008c346820b4
01009000000003
020094346820b4
01008800000001
01008c34697b2e
01009000000003
02009434697b2e
01008800000002
01008c34b355fb
01009000000003
02009434b355fb
01008800000003
01008c34f97efc
01009000000003
02009434f97efc
01009800000000
01009c00000000
0100a000000005
0200a400000000
01009800000100
01009c00000000
0100a000000005
0200a400000000
01009800000200
01009c00000000
0100a000000005
0200a400000000
01009800000300
01009c00000000
0100a000000005
0200a400000000
01009800000001
01009c00000000
0100a000000005
0200a400000000
01009800000101
01009c00000000
0100a000000005
0200a400000000
01009800000201
01009c00000000
0100a000000005
0200a400000000
01009800000301
01009c00000000
0100a000000005
0200a400000000
01009800000002
01009c00000000
0100a000000005
0200a400000000
01009800000102
01009c00000000
0100a000000005
0200a400000000
01009800000202
01009c00000000
0100a000000005
0200a400000000
01009800000302
01009c00000000
0100a000000005
0200a400000000
01009800000003
01009c00000000
0100a000000005
0200a400000000
01009800000103
01009c00000000
0100a000000005
0200a400000000
01009800000203
01009c00000000
0100a000000005
0200a400000000
01009800000303
01009c00000000
0100a000000005
0200a400000000
01009800000004
01009c00000000
0100a000000005
0200a400000000
01009800000104
01009c00000000
0100a000000005
0200a400000000
01009800000204
01009c00000000
0100a000000005
0200a400000000
01009800000304
01009c00000000
0100a000000005
0200a400000000
01009800000005
01009c00000000
0100a000000005
0200a400000000
01009800000105
01009c00000000
0100a000000005
0200a400000000
01009800000205
01009c00000000
0100a000000005
0200a400000000
01009800000305
01009c00000000
0100a000000005
0200a400000000
01007400000804
02007400000804
01007800000000
01007c00000007
01008000000003
02008400000000
01007800000001
01007c00000107
01008000000003
02008400000001
01007800000002
01007c00000007
01008000000003
02008400000000
01007800000003
01007c00000107
01008000000003
02008400000001
01007800000100
01007c00000007
01008000000003
02008400000000
01007800000101
01007c00000007
01008000000003
02008400000000
01007800000102
01007c00000107
01008000000003
02008400000001
01007800000103
01007c00000107
01008000000003
02008400000001
01008800000000
01008c35440016
01009000000003
02009435440016
01008800000001
01008c356f01d1
01009000000003
020094356f01d1
01008800000002
01008c35822307
01009000000003
02009435822307
01008800000003
01008c3587129a
01009000000003
0200943587129a
01009800000000
01009c00000000
0100a000000005
0200a400000000
01009800000100
01009c00000000
0100a000000005
0200a400000000
01009800000200
01009c00000000
0100a000000005
0200a400000000
01009800000300
01009c00000000
0100a000000005
0200a400000000
01009800000001
01009c00000000
0100a000000005
0200a400000000
01009800000101
01009c00000000
0100a000000005
0200a400000000
01009800000201
01009c00000000
0100a000000005
0200a400000000
01009800000301
01009c00000000
0100a000000005
0200a400000000
01009800000002
01009c00000000
0100a000000005
0200a400000000
01009800000102
01009c00000000
0100a000000005
0200a400000000
01009800000202
01009c00000000
0100a000000005
0200a400000000
01009800000302
01009c00000000
0100a000000005
0200a400000000
01009800000003
01009c00000000
0100a000000005
0200a400000000
01009800000103
01009c00000000
0100a000000005
0200a400000000
01009800000203
01009c00000000
0100a000000005
0200a400000000
01009800000303
01009c00000000
0100a000000005
0200a400000000
01009800000004
01009c00000000
0100a000000005
0200a400000000
01009800000104
01009c00000000
0100a000000005
0200a400000000
01009800000204
01009c00000000
0100a000000005
0200a400000000
01009800000304
01009c00000000
0100a000000005
0200a400000000
01009800000005
01009c00000000
0100a000000005
0200a400000000
01009800000105
01009c00000000
0100a000000005
0200a400000000
01009800000205
01009c00000000
0100a000000005
0200a400000000
01009800000305
01009c00000000
0100a000000005
0200a400000000
01007400000904
02007400000904
01007800000000
01007c00000007
01008000000003
02008400000000
01007800000001
01007c00000107
01008000000003
02008400000001
01007800000002
01007c00000107
01008000000003
02008400000001
01007800000003
01007c00000007
01008000000003
02008400000000
01007800000100
01007c00000007
01008000000003
02008400000000
01007800000101
01007c00000007
01008000000003
02008400000000
01007800000102
01007c00000107
01008000000003
02008400000001
01007800000103
01007c00000007
01008000000003
02008400000000
01008800000000
01008c3597db5f
01009000000003
0200943597db5f
01008800000001
01008c35d536d3
01009000000003
02009435d536d3
01008800000002
01008c35dc1277
01009000000003
02009435dc1277
01008800000003
01008c35e91b37
01009000000003
02009435e91b37
01009800000000
01009c00000000
0100a000000005
0200a400000000
01009800000100
01009c00000000
0100a000000005
0200a400000000
01009800000200
01009c00000000
0100a000000005
0200a400000000
01009800000300
01009c00000000
0100a000000005
0200a400000000
01009800000001
01009c00000000
0100a000000005
0200a400000000
01009800000101
01009c00000000
0100a000000005
0200a400000000
01009800000201
01009c00000000
0100a000000005
0200a400000000
01009800000301
01009c00000000
0100a000000005
0200a400000000
01009800000002
01009c00000000
0100a000000005
0200a400000000
01009800000102
01009c00000000
0100a000000005
0200a400000000
01009800000202
01009c00000000
0100a000000005
0200a400000000
01009800000302
01009c00000000
0100a000000005
0200a400000000
01009800000003
01009c00000000
0100a000000005
0200a400000000
01009800000103
01009c00000000
0100a000000005
0200a400000000
01009800000203
01009c00000000
0100a000000005
0200a400000000
01009800000303
01009c00000000
0100a000000005
0200a400000000
01009800000004
01009c00000000
0100a000000005
0200a400000000
01009800000104
01009c00000000
0100a000000005
0200a400000000
01009800000204
01009c00000000
0100a000000005
0200a400000000
01009800000304
01009c00000000
0100a000000005
0200a400000000
01009800000005
01009c00000000
0100a000000005
0200a400000000
01009800000105
01009c00000000
0100a000000005
0200a400000000
01009800000205
01009c00000000
0100a000000005
0200a400000000
01009800000305
01009c00000000
0100a000000005
0200a400000000
01007400000a04
02007400000a04
01007800000000
01007c00000107
01008000000003
02008400000001
01007800000001
01007c00000007
01008000000003
02008400000000
01007800000002
01007c00000007
01008000000003
02008400000000
01007800000003
01007c00000007
01008000000003
02008400000000
01007800000100
01007c00000107
01008000000003
02008400000001
01007800000101
01007c00000007
01008000000003
02008400000000
01007800000102
01007c00000107
01008000000003
02008400000001
01007800000103
01007c00000007
01008000000003
02008400000000
01008800000000
01008c35fe2131
01009000000003
02009435fe2131
01008800000001
01008c36108a0a
01009000000003
02009436108a0a
01008800000002
01008c364b56fe
01009000000003
020094364b56fe
01008800000003
01008c36600ecc
01009000000003
02009436600ecc
01009800000000
01009c00000000
0100a000000005
0200a400000000
01009800000100
01009c00000000
0100a000000005
0200a400000000
01009800000200
01009c00000000
0100a000000005
0200a400000000
01009800000300
01009c00000000
0100a000000005
0200a400000000
01009800000001
01009c00000000
0100a000000005
0200a400000000
01009800000101
01009c00000000
0100a000000005
0200a400000000
01009800000201
01009c00000000
0100a000000005
0200a400000000
01009800000301
01009c00000000
0100a000000005
0200a400000000
01009800000002
01009c00000000
0100a000000005
0200a400000000
01009800000102
01009c00000000
0100a000000005
0200a400000000
01009800000202
01009c00000000
0100a000000005
0200a400000000
01009800000302
01009c00000000
0100a000000005
0200a400000000
01009800000003
01009c00000000
0100a000000005
0200a400000000
01009800000103
01009c00000000
0100a000000005
0200a400000000
01009800000203
01009c00000000
0100a000000005
0200a400000000
01009800000303
01009c00000000
0100a000000005
0200a400000000
01009800000004
01009c00000000
0100a000000005
0200a400000000
01009800000104
01009c00000000
0100a000000005
0200a400000000
01009800000204
01009c00000000
0100a000000005
0200a400000000
01009800000304
01009c00000000
0100a000000005
0200a400000000
01009800000005
01009c00000000
0100a000000005
0200a400000000
01009800000105
01009c00000000
0100a000000005
0200a400000000
01009800000205
01009c00000000
0100a000000005
0200a400000000
01009800000305
01009c00000000
0100a000000005
0200a400000000
01007400000b04
02007400000b04
01007800000000
01007c00000107
01008000000003
02008400000001
01007800000001
01007c00000007
01008000000003
02008400000000
01007800000002
01007c00000107
01008000000003
02008400000001
01007800000003
01007c00000107
01008000000003
02008400000001
01007800000100
01007c00000107
01008000000003
02008400000001
01007800000101
01007c00000107
01008000000003
02008400000001
01007800000102
01007c00000007
01008000000003
02008400000000
01007800000103
01007c00000007
01008000000003
02008400000000
01008800000000
01008c366add3d
01009000000003
020094366add3d
01008800000001
01008c36754b84
01009000000003
02009436754b84
01008800000002
01008c3676298f
01009000000003
0200943676298f
01008800000003
01008c369b2b28
01009000000003
020094369b2b28
01009800000000
01009c00000000
0100a000000005
0200a400000000
01009800000100
01009c00000000
0100a000000005
0200a400000000
01009800000200
01009c00000000
0100a000000005
0200a400000000
01009800000300
01009c00000000
0100a000000005
0200a400000000
01009800000001
01009c00000000
0100a000000005
0200a400000000
01009800000101
01009c00000000
0100a000000005
0200a400000000
01009800000201
01009c00000000
0100a000000005
0200a400000000
01009800000301
01009c00000000
0100a000000005
0200a400000000
01009800000002
01009c00000000
0100a000000005
0200a400000000
01009800000102
01009c00000000
0100a000000005
0200a400000000
01009800000202
01009c00000000
0100a000000005
0200a400000000
01009800000302
01009c00000000
0100a000000005
0200a400000000
01009800000003
01009c00000000
0100a000000005
0200a400000000
01009800000103
01009c00000000
0100a000000005
0200a400000000
01009800000203
01009c00000000
0100a000000005
0200a400000000
01009800000303
01009c00000000
0100a000000005
0200a400000000
01009800000004
01009c00000000
0100a000000005
0200a400000000
01009800000104
01009c00000000
0100a000000005
0200a400000000
01009800000204
01009c00000000
0100a000000005
0200a400000000
01009800000304
01009c00000000
0100a000000005
0200a400000000
01009800000005
01009c00000000
0100a000000005
0200a400000000
01009800000105
01009c00000000
0100a000000005
0200a400000000
01009800000205
01009c00000000
0100a000000005
0200a400000000
01009800000305
01009c00000000
0100a000000005
0200a400000000
01007400000c04
02007400000c04
01007800000000
01007c00000107
01008000000003
02008400000001
01007800000001
01007c00000007
01008000000003
02008400000000
01007800000002
01007c00000107
01008000000003
02008400000001
01007800000003
01007c00000007
01008000000003
02008400000000
01007800000100
01007c00000007
01008000000003
02008400000000
01007800000101
01007c00000007
01008000000003
02008400000000
01007800000102
01007c00000007
01008000000003
02008400000000
01007800000103
01007c00000107
01008000000003
02008400000001
01008800000000
01008c36d9d2ff
01009000000003
02009436d9d2ff
01008800000001
01008c36d9e232
01009000000003
02009436d9e232
01008800000002
01008c370adf82
01009000000003
020094370adf82
01008800000003
01008c375a4679
01009000000003
020094375a4679
01009800000000
01009c00000000
0100a000000005
0200a400000000
01009800000100
01009c00000000
0100a000000005
0200a400000000
01009800000200
01009c00000000
0100a000000005
0200a400000000
01009800000300
01009c00000000
0100a000000005
0200a400000000
01009800000001
01009c00000000
0100a000000005
0200a400000000
01009800000101
01009c00000000
0100a000000005
0200a400000000
01009800000201
01009c00000000
0100a000000005
0200a400000000
01009800000301
01009c00000000
0100a000000005
0200a400000000
01009800000002
01009c00000000
0100a000000005
0200a400000000
01009800000102
01009c00000000
0100a000000005
0200a400000000
01009800000202
01009c00000000
0100a000000005
0200a400000000
01009800000302
01009c00000000
0100a000000005
0200a400000000
01009800000003
01009c00000000
0100a000000005
0200a400000000
01009800000103
01009c00000000
0100a000000005
0200a400000000
01009800000203
01009c00000000
0100a000000005
0200a400000000
01009800000303
01009c00000000
0100a000000005
0200a400000000
01009800000004
01009c00000000
0100a000000005
0200a400000000
01009800000104
01009c00000000
0100a000000005
0200a400000000
01009800000204
01009c00000000
0100a000000005
0200a400000000
01009800000304
01009c00000000
0100a000000005
0200a400000000
01009800000005
01009c00000000
0100a000000005
0200a400000000
01009800000105
01009c00000000
0100a000000005
0200a400000000
01009800000205
01009c00000000
0100a000000005
0200a400000000
01009800000305
01009c00000000
0100a000000005
0200a400000000
01007400000d04
02007400000d04
01007800000000
01007c00000107
01008000000003
02008400000001
01007800000001
01007c00000107
01008000000003
02008400000001
01007800000002
01007c00000007
01008000000003
02008400000000
01007800000003
01007c00000107
01008000000003
02008400000001
01007800000100
01007c00000007
01008000000003
02008400000000
01007800000101
01007c00000107
01008000000003
02008400000001
01007800000102
01007c00000107
01008000000003
02008400000001
01007800000103
01007c00000007
01008000000003
02008400000000
01008800000000
01008c37aee72d
01009000000003
02009437aee72d
01008800000001
01008c37b21d09
01009000000003
02009437b21d09
01008800000002
01008c37cb60a8
01009000000003
02009437cb60a8
01008800000003
01008c381061a3
01009000000003
020094381061a3
01009800000000
01009c00000000
0100a000000005
0200a400000000
01009800000100
01009c00000000
0100a000000005
0200a400000000
01009800000200
01009c00000000
0100a000000005
0200a400000000
01009800000300
01009c00000000
0100a000000005
0200a400000000
01009800000001
01009c00000000
0100a000000005
0200a400000000
01009800000101
01009c00000000
0100a000000005
0200a400000000
01009800000201
01009c00000000
0100a000000005
0200a400000000
01009800000301
01009c00000000
0100a000000005
0200a400000000
01009800000002
01009c00000000
0100a000000005
0200a400000000
01009800000102
01009c00000000
0100a000000005
0200a400000000
01009800000202
01009c00000000
0100a000000005
0200a400000000
01009800000302
01009c00000000
0100a000000005
0200a400000000
01009800000003
01009c00000000
0100a000000005
0200a400000000
01009800000103
01009c00000000
0100a000000005
0200a400000000
01009800000203
01009c00000000
0100a000000005
0200a400000000
01009800000303
01009c00000000
0100a000000005
0200a400000000
01009800000004
01009c00000000
0100a000000005
0200a400000000
01009800000104
01009c00000000
0100a000000005
0200a400000000
01009800000204
01009c00000000
0100a000000005
0200a400000000
01009800000304
01009c00000000
0100a000000005
0200a400000000
01009800000005
01009c00000000
0100a000000005
0200a400000000
01009800000105
01009c00000000
0100a000000005
0200a400000000
01009800000205
01009c00000000
0100a000000005
0200a400000000
01009800000305
01009c00000000
0100a000000005
0200a400000000
01007400000e04
02007400000e04
01007800000000
01007c00000107
01008000000003
02008400000001
01007800000001
01007c00000007
01008000000003
02008400000000
01007800000002
01007c00000007
01008000000003
02008400000000
01007800000003
01007c00000107
01008000000003
02008400000001
01007800000100
01007c00000007
01008000000003
02008400000000
01007800000101
01007c00000107
01008000000003
02008400000001
01007800000102
01007c00000107
01008000000003
02008400000001
01007800000103
01007c00000007
01008000000003
02008400000000
01008800000000
01008c382983e6
01009000000003
020094382983e6
01008800000001
01008c3840591e
01009000000003
0200943840591e
01008800000002
01008c384ef53b
01009000000003
020094384ef53b
01008800000003
01008c3856d4c3
01009000000003
0200943856d4c3
01009800000000
01009c00000000
0100a000000005
0200a400000000
01009800000100
01009c00000000
0100a000000005
0200a400000000
01009800000200
01009c00000000
0100a000000005
0200a400000000
01009800000300
01009c00000000
0100a000000005
0200a400000000
01009800000001
01009c00000000
0100a000000005
0200a400000000
01009800000101
01009c00000000
0100a000000005
0200a400000000
01009800000201
01009c00000000
0100a000000005
0200a400000000
01009800000301
01009c00000000
0100a000000005
0200a400000000
01009800000002
01009c00000000
0100a000000005
0200a400000000
01009800000102
01009c00000000
0100a000000005
0200a400000000
01009800000202
01009c00000000
0100a000000005
0200a400000000
01009800000302
01009c00000000
0100a000000005
0200a400000000
01009800000003
01009c00000000
0100a000000005
0200a400000000
01009800000103
01009c00000000
0100a000000005
0200a400000000
01009800000203
01009c00000000
0100a000000005
0200a400000000
01009800000303
01009c00000000
0100a000000005
0200a400000000
01009800000004
01009c00000000
0100a000000005
0200a400000000
01009800000104
01009c00000000
0100a000000005
0200a400000000
01009800000204
01009c00000000
0100a000000005
0200a400000000
01009800000304
01009c00000000
0100a000000005
0200a400000000
01009800000005
01009c00000000
0100a000000005
0200a400000000
01009800000105
01009c00000000
0100a000000005
0200a400000000
01009800000205
01009c00000000
0100a000000005
0200a400000000
01009800000305
01009c00000000
0100a000000005
0200a400000000
01007400000f04
02007400000f04
01007800000000
01007c00000107
01008000000003
02008400000001
01007800000001
01007c00000107
01008000000003
02008400000001
01007800000002
01007c00000107
01008000000003
02008400000001
01007800000003
01007c00000107
01008000000003
02008400000001
01007800000100
01007c00000107
01008000000003
02008400000001
01007800000101
01007c00000007
01008000000003
02008400000000
01007800000102
01007c00000007
01008000000003
02008400000000
01007800000103
01007c00000107
01008000000003
02008400000001
01008800000000
01008c386937dc
01009000000003
020094386937dc
01008800000001
01008c3878e02a
01009000000003
0200943878e02a
01008800000002
01008c38838081
01009000000003
02009438838081
01008800000003
01008c38b1ba35
01009000000003
02009438b1ba35
01009800000000
01009c00000000
0100a000000005
0200a400000000
01009800000100
01009c00000000
0100a000000005
0200a400000000
01009800000200
01009c00000000
0100a000000005
0200a400000000
01009800000300
01009c00000000
0100a000000005
0200a400000000
01009800000001
01009c00000000
0100a000000005
0200a400000000
01009800000101
01009c00000000
0100a000000005
0200a400000000
01009800000201
01009c00000000
0100a000000005
0200a400000000
01009800000301
01009c00000000
0100a000000005
0200a400000000
01009800000002
01009c00000000
0100a000000005
0200a400000000
01009800000102
01009c00000000
0100a000000005
0200a400000000
01009800000202
01009c00000000
0100a000000005
0200a400000000
01009800000302
01009c00000000
0100a000000005
0200a400000000
01009800000003
01009c00000000
0100a000000005
0200a400000000
01009800000103
01009c00000000
0100a000000005
0200a400000000
01009800000203
01009c00000000
0100a000000005
0200a400000000
01009800000303
01009c00000000
0100a000000005
0200a400000000
01009800000004
01009c00000000
0100a000000005
0200a400000000
01009800000104
01009c00000000
0100a000000005
0200a400000000
01009800000204
01009c00000000
0100a000000005
0200a400000000
01009800000304
01009c00000000
0100a000000005
0200a400000000
01009800000005
01009c00000000
0100a000000005
0200a400000000
01009800000105
01009c00000000
0100a000000005
0200a400000000
01009800000205
01009c00000000
0100a000000005
0200a400000000
01009800000305
01009c00000000
0100a000000005
0200a400000000
01007400001004
02007400001004
01007800000000
01007c00000007
01008000000003
02008400000000
01007800000001
01007c00000007
01008000000003
02008400000000
01007800000002
01007c00000107
01008000000003
02008400000001
01007800000003
01007c00000007
01008000000003
02008400000000
01007800000100
01007c00000007
01008000000003
02008400000000
01007800000101
01007c00000007
01008000000003
02008400000000
01007800000102
01007c00000107
01008000000003
02008400000001
01007800000103
01007c00000007
01008000000003
02008400000000
01008800000000
01008c38bd7ee7
01009000000003
02009438bd7ee7
01008800000001
01008c39080f09
01009000000003
02009439080f09
01008800000002
01008c39182018
01009000000003
02009439182018
01008800000003
01008c39193b7b
01009000000003
02009439193b7b
01009800000000
01009c00000000
0100a000000005
0200a400000000
01009800000100
01009c00000000
0100a000000005
0200a400000000
01009800000200
01009c00000000
0100a000000005
0200a400000000
01009800000300
01009c00000000
0100a000000005
0200a400000000
01009800000001
01009c00000000
0100a000000005
0200a400000000
01009800000101
01009c00000000
0100a000000005
0200a400000000
01009800000201
01009c00000000
0100a000000005
0200a400000000
01009800000301
01009c00000000
0100a000000005
0200a400000000
01009800000002
01009c00000000
0100a000000005
0200a400000000
01009800000102
01009c00000000
0100a000000005
0200a400000000
01009800000202
01009c00000000
0100a000000005
0200a400000000
01009800000302
01009c00000000
0100a000000005
0200a400000000
01009800000003
01009c00000000
0100a000000005
0200a400000000
01009800000103
01009c00000000
0100a000000005
0200a400000000
01009800000203
01009c00000000
0100a000000005
0200a400000000
01009800000303
01009c00000000
0100a000000005
0200a400000000
01009800000004
01009c00000000
0100a000000005
0200a400000000
01009800000104
01009c00000000
0100a000000005
0200a400000000
01009800000204
01009c00000000
0100a000000005
0200a400000000
01009800000304
01009c00000000
0100a000000005
0200a400000000
01009800000005
01009c00000000
0100a000000005
0200a400000000
01009800000105
01009c00000000
0100a000000005
0200a400000000
01009800000205
01009c00000000
0100a000000005
0200a400000000
01009800000305
01009c00000000
0100a000000005
0200a400000000
01007400001104
02007400001104
01007800000000
01007c00000007
01008000000003
02008400000000
01007800000001
01007c00000007
01008000000003
02008400000000
01007800000002
01007c00000007
01008000000003
02008400000000
01007800000003
01007c00000007
01008000000003
02008400000000
01007800000100
01007c00000107
01008000000003
02008400000001
01007800000101
01007c00000007
01008000000003
02008400000000
01007800000102
01007c00000107
01008000000003
02008400000001
01007800000103
01007c00000007
01008000000003
02008400000000
01008800000000
01008c393c7c6b
01009000000003
020094393c7c6b
01008800000001
01008c395c417f
01009000000003
020094395c417f
01008800000002
01008c3a256ba3
01009000000003
0200943a256ba3
01008800000003
01008c3a2c2e57
01009000000003
0200943a2c2e57
01009800000000
01009c00000000
0100a000000005
0200a400000000
01009800000100
01009c00000000
0100a000000005
0200a400000000
01009800000200
01009c00000000
0100a000000005
0200a400000000
01009800000300
01009c00000000
0100a000000005
0200a400000000
01009800000001
01009c00000000
0100a000000005
0200a400000000
01009800000101
01009c00000000
0100a000000005
0200a400000000
01009800000201
01009c00000000
0100a000000005
0200a400000000
01009800000301
01009c00000000
0100a000000005
0200a400000000
01009800000002
01009c00000000
0100a000000005
0200a400000000
01009800000102
01009c00000000
0100a000000005
0200a400000000
01009800000202
01009c00000000
0100a000000005
0200a400000000
01009800000302
01009c00000000
0100a000000005
0200a400000000
01009800000003
01009c00000000
0100a000000005
0200a400000000
01009800000103
01009c00000000
0100a000000005
0200a400000000
01009800000203
01009c00000000
0100a000000005
0200a400000000
01009800000303
01009c00000000
0100a000000005
0200a400000000
01009800000004
01009c00000000
0100a000000005
0200a400000000
01009800000104
01009c00000000
0100a000000005
0200a400000000
01009800000204
01009c00000000
0100a000000005
0200a400000000
01009800000304
01009c00000000
0100a000000005
0200a400000000
01009800000005
01009c00000000
0100a000000005
0200a400000000
01009800000105
01009c00000000
0100a000000005
0200a400000000
01009800000205
01009c00000000
0100a000000005
0200a400000000
01009800000305
01009c00000000
0100a000000005
0200a400000000
01007400001204
02007400001204
01007800000000
01007c00000107
01008000000003
02008400000001
01007800000001
01007c00000007
01008000000003
02008400000000
01007800000002
01007c00000007
01008000000003
02008400000000
01007800000003
01007c00000107
01008000000003
02008400000001
01007800000100
01007c00000107
01008000000003
02008400000001
01007800000101
01007c00000007
01008000000003
02008400000000
01007800000102
01007c00000007
01008000000003
02008400000000
01007800000103
01007c00000007
01008000000003
02008400000000
01008800000000
01008c3a32403a
01009000000003
0200943a32403a
01008800000001
01008c3a7f0184
01009000000003
0200943a7f0184
01008800000002
01008c3a80ce31
01009000000003
0200943a80ce31
01008800000003
01008c3a8e3680
01009000000003
0200943a8e3680
01009800000000
01009c00000000
0100a000000005
0200a400000000
01009800000100
01009c00000000
0100a000000005
0200a400000000
01009800000200
01009c00000000
0100a000000005
0200a400000000
01009800000300
01009c00000000
0100a000000005
0200a400000000
01009800000001
01009c00000000
0100a000000005
0200a400000000
01009800000101
01009c00000000
0100a000000005
0200a400000000
01009800000201
01009c00000000
0100a000000005
0200a400000000
01009800000301
01009c00000000
0100a000000005
0200a400000000
01009800000002
01009c00000000
0100a000000005
0200a400000000
01009800000102
01009c00000000
0100a000000005
0200a400000000
01009800000202
01009c00000000
0100a000000005
0200a400000000
01009800000302
01009c00000000
0100a000000005
0200a400000000
01009800000003
01009c00000000
0100a000000005
0200a400000000
01009800000103
01009c00000000
0100a000000005
0200a400000000
01009800000203
01009c00000000
0100a000000005
0200a400000000
01009800000303
01009c00000000
0100a000000005
0200a400000000
01009800000004
01009c00000000
0100a000000005
0200a400000000
01009800000104
01009c00000000
0100a000000005
0200a400000000
01009800000204
01009c00000000
0100a000000005
0200a400000000
01009800000304
01009c00000000
0100a000000005
0200a400000000
01009800000005
01009c00000000
0100a000000005
0200a400000000
01009800000105
01009c00000000
0100a000000005
0200a400000000
01009800000205
01009c00000000
0100a000000005
0200a400000000
01009800000305
01009c00000000
0100a000000005
0200a400000000
01007400001304
02007400001304
01007800000000
01007c00000007
01008000000003
02008400000000
01007800000001
01007c00000107
01008000000003
02008400000001
01007800000002
01007c00000007
01008000000003
02008400000000
01007800000003
01007c00000007
01008000000003
02008400000000
01007800000100
01007c00000007
01008000000003
02008400000000
01007800000101
01007c00000007
01008000000003
02008400000000
01007800000102
01007c00000007
01008000000003
02008400000000
01007800000103
01007c00000107
01008000000003
02008400000001
01008800000000
01008c3a91b426
01009000000003
0200943a91b426
01008800000001
01008c3aa3f848
01009000000003
0200943aa3f848
01008800000002
01008c3ac6ec3d
01009000000003
0200943ac6ec3d
01008800000003
01008c3aca9a2f
01009000000003
0200943aca9a2f
01009800000000
01009c00000000
0100a000000005
0200a400000000
01009800000100
01009c00000000
0100a000000005
0200a400000000
01009800000200
01009c00000000
0100a000000005
0200a400000000
01009800000300
01009c00000000
0100a000000005
0200a400000000
01009800000001
01009c00000000
0100a000000005
0200a400000000
01009800000101
01009c00000000
0100a000000005
0200a400000000
01009800000201
01009c00000000
0100a000000005
0200a400000000
01009800000301
01009c00000000
0100a000000005
0200a400000000
01009800000002
01009c00000000
0100a000000005
0200a400000000
01009800000102
01009c00000000
0100a000000005
0200a400000000
01009800000202
01009c00000000
0100a000000005
0200a400000000
01009800000302
01009c00000000
0100a000000005
0200a400000000
01009800000003
01009c00000000
0100a000000005
0200a400000000
01009800000103
01009c00000000
0100a000000005
0200a400000000
01009800000203
01009c00000000
0100a000000005
0200a400000000
01009800000303
01009c00000000
0100a000000005
0200a400000000
01009800000005
01009c00000000
0100a000000005
0200a400000000
01009800000105
01009c00000000
0100a000000005
0200a400000000
01009800000205
01009c00000000
0100a000000005
0200a400000000
01009800000305
01009c00000000
0100a000000005
0200a400000000
01007400000005
02007400000005
01007800000000
01007c00000107
01008000000003
02008400000001
01007800000001
01007c00000007
01008000000003
02008400000000
01007800000002
01007c00000107
01008000000003
02008400000001
01007800000003
01007c00000107
01008000000003
02008400000001
01007800000100
01007c00000107
01008000000003
02008400000001
01007800000101
01007c00000007
01008000000003
02008400000000
01007800000102
01007c00000107
01008000000003
02008400000001
01007800000103
01007c00000107
01008000000003
02008400000001
01008800000000
01008c3ad02d7e
01009000000003
0200943ad02d7e
01008800000001
01008c3ae80ecf
01009000000003
0200943ae80ecf
01008800000002
01008c3af6e749
01009000000003
0200943af6e749
01008800000003
01008c3b342825
01009000000003
0200943b342825
01009800000000
01009c00000000
0100a000000005
0200a400000000
01009800000100
01009c00000000
0100a000000005
0200a400000000
01009800000200
01009c00000000
0100a000000005
0200a400000000
01009800000300
01009c00000011
0100a000000005
0200a400000011
01009800000001
01009c00000000
0100a000000005
0200a400000000
01009800000101
01009c00000000
0100a000000005
0200a400000000
01009800000201
01009c00000000
0100a000000005
0200a400000000
01009800000301
01009c00000019
0100a000000005
0200a400000019
01009800000002
01009c00000000
0100a000000005
0200a400000000
01009800000102
01009c00000000
0100a000000005
0200a400000000
01009800000202
01009c00000000
0100a000000005
0200a400000000
01009800000302
01009c00000021
0100a000000005
0200a400000021
01009800000003
01009c00000000
0100a000000005
0200a400000000
01009800000103
01009c00000000
0100a000000005
0200a400000000
01009800000203
01009c00000000
0100a000000005
0200a400000000
01009800000303
01009c00000011
0100a000000005
0200a400000011
01009800000004
01009c000001b7
0100a000000005
0200a4000001b7
01009800000104
01009c00000153
0100a000000005
0200a400000153
01009800000204
01009c000001a7
0100a000000005
0200a4000001a7
01009800000304
01009c00000177
0100a000000005
0200a400000177
01009800000005
01009c00000000
0100a000000005
0200a400000000
01009800000105
01009c00000000
0100a000000005
0200a400000000
01009800000205
01009c00000000
0100a000000005
0200a400000000
01009800000305
01009c00000000
0100a000000005
0200a400000000
01007400000105
02007400000105
01007800000000
01007c00000007
01008000000003
02008400000000
01007800000001
01007c00000007
01008000000003
02008400000000
01007800000002
01007c00000107
01008000000003
02008400000001
01007800000003
01007c00000107
01008000000003
02008400000001
01007800000100
01007c00000107
01008000000003
02008400000001
01007800000101
01007c00000007
01008000000003
02008400000000
01007800000102
01007c00000007
01008000000003
02008400000000
01007800000103
01007c00000107
01008000000003
02008400000001
01008800000000
01008c3b4d38fc
01009000000003
0200943b4d38fc
01008800000001
01008c3b50e3cd
01009000000003
0200943b50e3cd
01008800000002
01008c3b84f9e9
01009000000003
0200943b84f9e9
01008800000003
01008c3b9234c3
01009000000003
0200943b9234c3
01009800000000
01009c00000000
0100a000000005
0200a400000000
01009800000100
01009c00000000
0100a000000005
0200a400000000
01009800000200
01009c00000000
0100a000000005
0200a400000000
01009800000300
01009c00000031
0100a000000005
0200a400000031
01009800000001
01009c00000000
0100a000000005
0200a400000000
01009800000101
01009c00000000
0100a000000005
0200a400000000
01009800000201
01009c00000000
0100a000000005
0200a400000000
01009800000301
01009c00000005
0100a000000005
0200a400000005
01009800000002
01009c00000000
0100a000000005
0200a400000000
01009800000102
01009c00000000
0100a000000005
0200a400000000
01009800000202
01009c00000000
0100a000000005
0200a400000000
01009800000302
01009c00000005
0100a000000005
0200a400000005
01009800000003
01009c00000000
0100a000000005
0200a400000000
01009800000103
01009c00000000
0100a000000005
0200a400000000
01009800000203
01009c00000000
0100a000000005
0200a400000000
01009800000303
01009c00000019
0100a000000005
0200a400000019
01009800000004
01009c000001b7
0100a000000005
0200a4000001b7
01009800000104
01009c00000153
0100a000000005
0200a400000153
01009800000204
01009c000001a7
0100a000000005
0200a4000001a7
01009800000304
01009c00000177
0100a000000005
0200a400000177
01009800000005
01009c00000000
0100a000000005
0200a400000000
01009800000105
01009c00000000
0100a000000005
0200a400000000
01009800000205
01009c00000000
0100a000000005
0200a400000000
01009800000305
01009c00000000
0100a000000005
0200a400000000
01007400000205
02007400000205
01007800000000
01007c00000007
01008000000003
02008400000000
01007800000001
01007c00000107
01008000000003
02008400000001
01007800000002
01007c00000107
01008000000003
02008400000001
01007800000003
01007c00000107
01008000000003
02008400000001
01007800000100
01007c00000107
01008000000003
02008400000001
01007800000101
01007c00000107
01008000000003
02008400000001
01007800000102
01007c00000107
01008000000003
02008400000001
01007800000103
01007c00000007
01008000000003
02008400000000
01008800000000
01008c3b9f4120
01009000000003
0200943b9f4120
01008800000001
01008c3bc4ec0b
01009000000003
0200943bc4ec0b
01008800000002
01008c3bda355e
01009000000003
0200943bda355e
01008800000003
01008c3bde1ff4
01009000000003
0200943bde1ff4
01009800000000
01009c00000000
0100a000000005
0200a400000000
01009800000100
01009c00000000
0100a000000005
0200a400000000
01009800000200
01009c00000000
0100a000000005
0200a400000000
01009800000300
01009c00000009
0100a000000005
0200a400000009
01009800000001
01009c00000000
0100a000000005
0200a400000000
01009800000101
01009c00000000
0100a000000005
0200a400000000
01009800000201
01009c00000000
0100a000000005
0200a400000000
01009800000301
01009c00000005
0100a000000005
0200a400000005
01009800000002
01009c00000000
0100a000000005
0200a400000000
01009800000102
01009c00000000
0100a000000005
0200a400000000
01009800000202
01009c00000000
0100a000000005
0200a400000000
01009800000302
01009c00000009
0100a000000005
0200a400000009
01009800000003
01009c00000000
0100a000000005
0200a400000000
01009800000103
01009c00000000
0100a000000005
0200a400000000
01009800000203
01009c00000000
0100a000000005
0200a400000000
01009800000303
01009c0000000d
0100a000000005
0200a40000000d
01009800000004
01009c000001b7
0100a000000005
0200a4000001b7
01009800000104
01009c00000153
0100a000000005
0200a400000153
01009800000204
01009c000001a7
0100a000000005
0200a4000001a7
01009800000304
01009c00000177
0100a000000005
0200a400000177
01009800000005
01009c00000000
0100a000000005
0200a400000000
01009800000105
01009c00000000
0100a000000005
0200a400000000
01009800000205
01009c00000000
0100a000000005
0200a400000000
01009800000305
01009c00000000
0100a000000005
0200a400000000
01007400000305
02007400000305
01007800000000
01007c00000007
01008000000003
02008400000000
01007800000001
01007c00000007
01008000000003
02008400000000
01007800000002
01007c00000107
01008000000003
02008400000001
01007800000003
01007c00000107
01008000000003
02008400000001
01007800000100
01007c00000107
01008000000003
02008400000001
01007800000101
01007c00000107
01008000000003
02008400000001
01007800000102
01007c00000007
01008000000003
02008400000000
01007800000103
01007c00000007
01008000000003
02008400000000
01008800000000
01008c3bdf0f19
01009000000003
0200943bdf0f19
01008800000001
01008c3c35effa
01009000000003
0200943c35effa
01008800000002
01008c3c637147
01009000000003
0200943c637147
01008800000003
01008c3c64cf44
01009000000003
0200943c64cf44
01009800000000
01009c00000000
0100a000000005
0200a400000000
01009800000100
01009c00000000
0100a000000005
0200a400000000
01009800000200
01009c00000000
0100a000000005
0200a400000000
01009800000300
01009c00000009
0100a000000005
0200a400000009
01009800000001
01009c00000000
0100a000000005
0200a400000000
01009800000101
01009c00000000
0100a000000005
0200a400000000
01009800000201
01009c00000000
0100a000000005
0200a400000000
01009800000301
01009c00000011
0100a000000005
0200a400000011
01009800000002
01009c00000000
0100a000000005
0200a400000000
01009800000102
01009c00000000
0100a000000005
0200a400000000
01009800000202
01009c00000000
0100a000000005
0200a400000000
01009800000302
01009c00000029
0100a000000005
0200a400000029
01009800000003
01009c00000000
0100a000000005
0200a400000000
01009800000103
01009c00000000
0100a000000005
0200a400000000
01009800000203
01009c00000000
0100a000000005
0200a400000000
01009800000303
01009c0000000d
0100a000000005
0200a40000000d
01009800000004
01009c000001b7
0100a000000005
0200a4000001b7
01009800000104
01009c00000153
0100a000000005
0200a400000153
01009800000204
01009c000001a7
0100a000000005
0200a4000001a7
01009800000304
01009c00000177
0100a000000005
0200a400000177
01009800000005
01009c00000000
0100a000000005
0200a400000000
01009800000105
01009c00000000
0100a000000005
0200a400000000
01009800000205
01009c00000000
0100a000000005
0200a400000000
01009800000305
01009c00000000
0100a000000005
0200a400000000
01007400000405
02007400000405
01007800000000
01007c00000007
01008000000003
02008400000000
01007800000001
01007c00000107
01008000000003
02008400000001
01007800000002
01007c00000107
01008000000003
02008400000001
01007800000003
01007c00000107
01008000000003
02008400000001
01007800000100
01007c00000107
01008000000003
02008400000001
01007800000101
01007c00000107
01008000000003
02008400000001
01007800000102
01007c00000107
01008000000003
02008400000001
01007800000103
01007c00000007
01008000000003
02008400000000
01008800000000
01008c3c6f22e4
01009000000003
0200943c6f22e4
01008800000001
01008c3c7b624c
01009000000003
0200943c7b624c
01008800000002
01008c3c83d9b4
01009000000003
0200943c83d9b4
01008800000003
01008c3cc7f581
01009000000003
0200943cc7f581
01009800000000
01009c00000000
0100a000000005
0200a400000000
01009800000100
01009c00000000
0100a000000005
0200a400000000
01009800000200
01009c00000000
0100a000000005
0200a400000000
01009800000300
01009c00000015
0100a000000005
0200a400000015
01009800000001
01009c00000000
0100a000000005
0200a400000000
01009800000101
01009c00000000
0100a000000005
0200a400000000
01009800000201
01009c00000000
0100a000000005
0200a400000000
01009800000301
01009c00000011
0100a000000005
0200a400000011
01009800000002
01009c00000000
0100a000000005
0200a400000000
01009800000102
01009c00000000
0100a000000005
0200a400000000
01009800000202
01009c00000000
0100a000000005
0200a400000000
01009800000302
01009c0000000d
0100a000000005
0200a40000000d
01009800000003
01009c00000000
0100a000000005
0200a400000000
01009800000103
01009c00000000
0100a000000005
0200a400000000
01009800000203
01009c00000000
0100a000000005
0200a400000000
01009800000303
01009c0000000d
0100a000000005
0200a40000000d
01009800000004
01009c000001b7
0100a000000005
0200a4000001b7
01009800000104
01009c00000153
0100a000000005
0200a400000153
01009800000204
01009c000001a7
0100a000000005
0200a4000001a7
01009800000304
01009c00000177
0100a000000005
0200a400000177
01009800000005
01009c00000000
0100a000000005
0200a400000000
01009800000105
01009c00000000
0100a000000005
0200a400000000
01009800000205
01009c00000000
0100a000000005
0200a400000000
01009800000305
01009c00000000
0100a000000005
0200a400000000
01007400000505
02007400000505
01007800000000
01007c00000007
01008000000003
02008400000000
01007800000001
01007c00000107
01008000000003
02008400000001
01007800000002
01007c00000107
01008000000003
02008400000001
01007800000003
01007c00000007
01008000000003
02008400000000
01007800000100
01007c00000107
01008000000003
02008400000001
01007800000101
01007c00000107
01008000000003
02008400000001
01007800000102
01007c00000007
01008000000003
02008400000000
01007800000103
01007c00000007
01008000000003
02008400000000
01008800000000
01008c3ce03494
01009000000003
0200943ce03494
01008800000001
01008c3cfd4465
01009000000003
0200943cfd4465
01008800000002
01008c3d1260c9
01009000000003
0200943d1260c9
01008800000003
01008c3d97e598
01009000000003
0200943d97e598
01009800000000
01009c000001b7
0100a000000005
0200a4000001b7
01009800000100
01009c00000009
0100a000000005
0200a400000009
01009800000200
01009c00000021
0100a000000005
0200a400000021
01009800000300
01009c00000015
0100a000000005
0200a400000015
01009800000001
01009c00000000
0100a000000005
0200a400000000
01009800000101
01009c00000153
0100a000000005
0200a400000153
01009800000201
01009c00000025
0100a000000005
0200a400000025
01009800000301
01009c0000000d
0100a000000005
0200a40000000d
01009800000002
01009c00000000
0100a000000005
0200a400000000
01009800000102
01009c00000000
0100a000000005
0200a400000000
01009800000202
01009c000001a7
0100a000000005
0200a4000001a7
01009800000302
01009c00000009
0100a000000005
0200a400000009
01009800000003
01009c00000000
0100a000000005
0200a400000000
01009800000103
01009c00000000
0100a000000005
0200a400000000
01009800000203
01009c00000000
0100a000000005
0200a400000000
01009800000303
01009c00000000
0100a000000005
0200a400000000
01009800000004
01009c00000000
0100a000000005
0200a400000000
01009800000104
01009c00000000
0100a000000005
0200a400000000
01009800000204
01009c00000000
0100a000000005
0200a400000000
01009800000304
01009c00000000
0100a000000005
0200a400000000
01009800000005
01009c00000000
0100a000000005
0200a400000000
01009800000105
01009c00000000
0100a000000005
0200a400000000
01009800000205
01009c00000000
0100a000000005
0200a400000000
01009800000305
01009c00000000
0100a000000005
0200a400000000
01007400000605
02007400000605
01007800000000
01007c00000107
01008000000003
02008400000001
01007800000001
01007c00000107
01008000000003
02008400000001
01007800000002
01007c00000007
01008000000003
02008400000000
01007800000003
01007c00000107
01008000000003
02008400000001
01007800000100
01007c00000007
01008000000003
02008400000000
01007800000101
01007c00000007
01008000000003
02008400000000
01007800000102
01007c00000107
01008000000003
02008400000001
01007800000103
01007c00000007
01008000000003
02008400000000
01008800000000
01008c3dd93ae9
01009000000003
0200943dd93ae9
01008800000001
01008c3e489a13
01009000000003
0200943e489a13
01008800000002
01008c3e5120c5
01009000000003
0200943e5120c5
01008800000003
01008c3e73ce84
01009000000003
0200943e73ce84
01009800000000
01009c00000000
0100a000000005
0200a400000000
01009800000100
01009c00000000
0100a000000005
0200a400000000
01009800000200
01009c00000000
0100a000000005
0200a400000000
01009800000300
01009c00000000
0100a000000005
0200a400000000
01009800000001
01009c00000000
0100a000000005
0200a400000000
01009800000101
01009c00000000
0100a000000005
0200a400000000
01009800000201
01009c00000000
0100a000000005
0200a400000000
01009800000301
01009c00000000
0100a000000005
0200a400000000
01009800000002
01009c00000000
0100a000000005
0200a400000000
01009800000102
01009c00000000
0100a000000005
0200a400000000
01009800000202
01009c00000000
0100a000000005
0200a400000000
01009800000302
01009c00000000
0100a000000005
0200a400000000
01009800000003
01009c00000000
0100a000000005
0200a400000000
01009800000103
01009c00000000
0100a000000005
0200a400000000
01009800000203
01009c00000000
0100a000000005
0200a400000000
01009800000303
01009c00000000
0100a000000005
0200a400000000
01009800000004
01009c00000000
0100a000000005
0200a400000000
01009800000104
01009c00000000
0100a000000005
0200a400000000
01009800000204
01009c00000000
0100a000000005
0200a400000000
01009800000304
01009c00000000
0100a000000005
0200a400000000
01009800000005
01009c00000000
0100a000000005
0200a400000000
01009800000105
01009c00000000
0100a000000005
0200a400000000
01009800000205
01009c00000000
0100a000000005
0200a400000000
01009800000305
01009c00000000
0100a000000005
0200a400000000
01007400000705
02007400000705
01007800000000
01007c00000007
01008000000003
02008400000000
01007800000001
01007c00000107
01008000000003
02008400000001
01007800000002
01007c00000107
01008000000003
02008400000001
01007800000003
01007c00000007
01008000000003
02008400000000
01007800000100
01007c00000107
01008000000003
02008400000001
01007800000101
01007c00000007
01008000000003
02008400000000
01007800000102
01007c00000107
01008000000003
02008400000001
01007800000103
01007c00000007
01008000000003
02008400000000
01008800000000
01008c3eb8480d
01009000000003
0200943eb8480d
01008800000001
01008c3ed03943
01009000000003
0200943ed03943
01008800000002
01008c3f6a40a0
01009000000003
0200943f6a40a0
01008800000003
01008c3f730861
01009000000003
0200943f730861
01009800000000
01009c00000000
0100a000000005
0200a400000000
01009800000100
01009c00000000
0100a000000005
0200a400000000
01009800000200
01009c00000000
0100a000000005
0200a400000000
01009800000300
01009c00000000
0100a000000005
0200a400000000
01009800000001
01009c00000000
0100a000000005
0200a400000000
01009800000101
01009c00000000
0100a000000005
0200a400000000
01009800000201
01009c00000000
0100a000000005
0200a400000000
01009800000301
01009c00000000
0100a000000005
0200a400000000
01009800000002
01009c00000000
0100a000000005
0200a400000000
01009800000102
01009c00000000
0100a000000005
0200a400000000
01009800000202
01009c00000000
0100a000000005
0200a400000000
01009800000302
01009c00000000
0100a000000005
0200a400000000
01009800000003
01009c00000000
0100a000000005
0200a400000000
01009800000103
01009c00000000
0100a000000005
0200a400000000
01009800000203
01009c00000000
0100a000000005
0200a400000000
01009800000303
01009c00000000
0100a000000005
0200a400000000
01009800000004
01009c00000000
0100a000000005
0200a400000000
01009800000104
01009c00000000
0100a000000005
0200a400000000
01009800000204
01009c00000000
0100a000000005
0200a400000000
01009800000304
01009c00000000
0100a000000005
0200a400000000
01009800000005
01009c00000000
0100a000000005
0200a400000000
01009800000105
01009c00000000
0100a000000005
0200a400000000
01009800000205
01009c00000000
0100a000000005
0200a400000000
01009800000305
01009c00000000
0100a000000005
0200a400000000
01007400000805
02007400000805
01007800000000
01007c00000007
01008000000003
02008400000000
01007800000001
01007c00000107
01008000000003
02008400000001
01007800000002
01007c00000107
01008000000003
02008400000001
01007800000003
01007c00000007
01008000000003
02008400000000
01007800000100
01007c00000007
01008000000003
02008400000000
01007800000101
01007c00000107
01008000000003
02008400000001
01007800000102
01007c00000107
01008000000003
02008400000001
01007800000103
01007c00000107
01008000000003
02008400000001
01008800000000
01008c3f869e5a
01009000000003
0200943f869e5a
01008800000001
01008c40251003
01009000000003
02009440251003
01008800000002
01008c4052d819
01009000000003
0200944052d819
01008800000003
01008c406840be
01009000000003
020094406840be
01009800000000
01009c00000000
0100a000000005
0200a400000000
01009800000100
01009c00000000
0100a000000005
0200a400000000
01009800000200
01009c00000000
0100a000000005
0200a400000000
01009800000300
01009c00000000
0100a000000005
0200a400000000
01009800000001
01009c00000000
0100a000000005
0200a400000000
01009800000101
01009c00000000
0100a000000005
0200a400000000
01009800000201
01009c00000000
0100a000000005
0200a400000000
01009800000301
01009c00000000
0100a000000005
0200a400000000
01009800000002
01009c00000000
0100a000000005
0200a400000000
01009800000102
01009c00000000
0100a000000005
0200a400000000
01009800000202
01009c00000000
0100a000000005
0200a400000000
01009800000302
01009c00000000
0100a000000005
0200a400000000
01009800000003
01009c00000000
0100a000000005
0200a400000000
01009800000103
01009c00000000
0100a000000005
0200a400000000
01009800000203
01009c00000000
0100a000000005
0200a400000000
01009800000303
01009c00000000
0100a000000005
0200a400000000
01009800000004
01009c00000000
0100a000000005
0200a400000000
01009800000104
01009c00000000
0100a000000005
0200a400000000
01009800000204
01009c00000000
0100a000000005
0200a400000000
01009800000304
01009c00000000
0100a000000005
0200a400000000
01009800000005
01009c00000000
0100a000000005
0200a400000000
01009800000105
01009c00000000
0100a000000005
0200a400000000
01009800000205
01009c00000000
0100a000000005
0200a400000000
01009800000305
01009c00000000
0100a000000005
0200a400000000
01007400000905
02007400000905
01007800000000
01007c00000007
01008000000003
02008400000000
01007800000001
01007c00000107
01008000000003
02008400000001
01007800000002
01007c00000007
01008000000003
02008400000000
01007800000003
01007c00000107
01008000000003
02008400000001
01007800000100
01007c00000107
01008000000003
02008400000001
01007800000101
01007c00000107
01008000000003
02008400000001
01007800000102
01007c00000007
01008000000003
02008400000000
01007800000103
01007c00000007
01008000000003
02008400000000
01008800000000
01008c40b74905
01009000000003
02009440b74905
01008800000001
01008c40bb4bb9
01009000000003
02009440bb4bb9
01008800000002
01008c412f5dd6
01009000000003
020094412f5dd6
01008800000003
01008c413146dd
01009000000003
020094413146dd
01009800000000
01009c00000000
0100a000000005
0200a400000000
01009800000100
01009c00000000
0100a000000005
0200a400000000
01009800000200
01009c00000000
0100a000000005
0200a400000000
01009800000300
01009c00000000
0100a000000005
0200a400000000
01009800000001
01009c00000000
0100a000000005
0200a400000000
01009800000101
01009c00000000
0100a000000005
0200a400000000
01009800000201
01009c00000000
0100a000000005
0200a400000000
01009800000301
01009c00000000
0100a000000005
0200a400000000
01009800000002
01009c00000000
0100a000000005
0200a400000000
01009800000102
01009c00000000
0100a000000005
0200a400000000
01009800000202
01009c00000000
0100a000000005
0200a400000000
01009800000302
01009c00000000
0100a000000005
0200a400000000
01009800000003
01009c00000000
0100a000000005
0200a400000000
01009800000103
01009c00000000
0100a000000005
0200a400000000
01009800000203
01009c00000000
0100a000000005
0200a400000000
01009800000303
01009c00000000
0100a000000005
0200a400000000
01009800000004
01009c00000000
0100a000000005
0200a400000000
01009800000104
01009c00000000
0100a000000005
0200a400000000
01009800000204
01009c00000000
0100a000000005
0200a400000000
01009800000304
01009c00000000
0100a000000005
0200a400000000
01009800000005
01009c00000000
0100a000000005
0200a400000000
01009800000105
01009c00000000
0100a000000005
0200a400000000
01009800000205
01009c00000000
0100a000000005
0200a400000000
01009800000305
01009c00000000
0100a000000005
0200a400000000
01007400000a05
02007400000a05
01007800000000
01007c00000007
01008000000003
02008400000000
01007800000001
01007c00000107
01008000000003
02008400000001
01007800000002
01007c00000007
01008000000003
02008400000000
01007800000003
01007c00000007
01008000000003
02008400000000
01007800000100
01007c00000107
01008000000003
02008400000001
01007800000101
01007c00000107
01008000000003
02008400000001
01007800000102
01007c00000107
01008000000003
02008400000001
01007800000103
01007c00000107
01008000000003
02008400000001
01008800000000
01008c41366b21
01009000000003
02009441366b21
01008800000001
01008c415946ab
01009000000003
020094415946ab
01008800000002
01008c41d9ebeb
01009000000003
02009441d9ebeb
01008800000003
01008c42455ccb
01009000000003
02009442455ccb
01009800000000
01009c00000000
0100a000000005
0200a400000000
01009800000100
01009c00000000
0100a000000005
0200a400000000
01009800000200
01009c00000000
0100a000000005
0200a400000000
01009800000300
01009c00000000
0100a000000005
0200a400000000
01009800000001
01009c00000000
0100a000000005
0200a400000000
01009800000101
01009c00000000
0100a000000005
0200a400000000
01009800000201
01009c00000000
0100a000000005
0200a400000000
01009800000301
01009c00000000
0100a000000005
0200a400000000
01009800000002
01009c00000000
0100a000000005
0200a400000000
01009800000102
01009c00000000
0100a000000005
0200a400000000
01009800000202
01009c00000000
0100a000000005
0200a400000000
01009800000302
01009c00000000
0100a000000005
0200a400000000
01009800000003
01009c00000000
0100a000000005
0200a400000000
01009800000103
01009c00000000
0100a000000005
0200a400000000
01009800000203
01009c00000000
0100a000000005
0200a400000000
01009800000303
01009c00000000
0100a000000005
0200a400000000
01009800000004
01009c00000000
0100a000000005
0200a400000000
01009800000104
01009c00000000
0100a000000005
0200a400000000
01009800000204
01009c00000000
0100a000000005
0200a400000000
01009800000304
01009c00000000
0100a000000005
0200a400000000
01009800000005
01009c00000000
0100a000000005
0200a400000000
01009800000105
01009c00000000
0100a000000005
0200a400000000
01009800000205
01009c00000000
0100a000000005
0200a400000000
01009800000305
01009c00000000
0100a000000005
0200a400000000
01007400000b05
02007400000b05
01007800000000
01007c00000107
01008000000003
02008400000001
01007800000001
01007c00000107
01008000000003
02008400000001
01007800000002
01007c00000107
01008000000003
02008400000001
01007800000003
01007c00000107
01008000000003
02008400000001
01007800000100
01007c00000007
01008000000003
02008400000000
01007800000101
01007c00000007
01008000000003
02008400000000
01007800000102
01007c00000107
01008000000003
02008400000001
01007800000103
01007c00000007
01008000000003
02008400000000
01008800000000
01008c42bf8fc3
01009000000003
02009442bf8fc3
01008800000001
01008c42ec6a92
01009000000003
02009442ec6a92
01008800000002
01008c43040df0
01009000000003
02009443040df0
01008800000003
01008c43dd46d1
01009000000003
02009443dd46d1
01009800000000
01009c00000000
0100a000000005
0200a400000000
01009800000100
01009c00000000
0100a000000005
0200a400000000
01009800000200
01009c00000000
0100a000000005
0200a400000000
01009800000300
01009c00000000
0100a000000005
0200a400000000
01009800000001
01009c00000000
0100a000000005
0200a400000000
01009800000101
01009c00000000
0100a000000005
0200a400000000
01009800000201
01009c00000000
0100a000000005
0200a400000000
01009800000301
01009c00000000
0100a000000005
0200a400000000
01009800000002
01009c00000000
0100a000000005
0200a400000000
01009800000102
01009c00000000
0100a000000005
0200a400000000
01009800000202
01009c00000000
0100a000000005
0200a400000000
01009800000302
01009c00000000
0100a000000005
0200a400000000
01009800000003
01009c00000000
0100a000000005
0200a400000000
01009800000103
01009c00000000
0100a000000005
0200a400000000
01009800000203
01009c00000000
0100a000000005
0200a400000000
01009800000303
01009c00000000
0100a000000005
0200a400000000
01009800000004
01009c00000000
0100a000000005
0200a400000000
01009800000104
01009c00000000
0100a000000005
0200a400000000
01009800000204
01009c00000000
0100a000000005
0200a400000000
01009800000304
01009c00000000
0100a000000005
0200a400000000
01009800000005
01009c00000000
0100a000000005
0200a400000000
01009800000105
01009c00000000
0100a000000005
0200a400000000
01009800000205
01009c00000000
0100a000000005
0200a400000000
01009800000305
01009c00000000
0100a000000005
0200a400000000
01007400000c05
02007400000c05
01007800000000
01007c00000107
01008000000003
02008400000001
01007800000001
01007c00000107
01008000000003
02008400000001
01007800000002
01007c00000007
01008000000003
02008400000000
01007800000003
01007c00000007
01008000000003
02008400000000
01007800000100
01007c00000007
01008000000003
02008400000000
01007800000101
01007c00000107
01008000000003
02008400000001
01007800000102
01007c00000007
01008000000003
02008400000000
01007800000103
01007c00000107
01008000000003
02008400000001
01008800000000
01008c4440a04c
01009000000003
0200944440a04c
01008800000001
01008c446503d1
01009000000003
020094446503d1
01008800000002
01008c446bd257
01009000000003
020094446bd257
01008800000003
01008c446dbe1c
01009000000003
020094446dbe1c
01009800000000
01009c00000000
0100a000000005
0200a400000000
01009800000100
01009c00000000
0100a000000005
0200a400000000
01009800000200
01009c00000000
0100a000000005
0200a400000000
01009800000300
01009c00000000
0100a000000005
0200a400000000
01009800000001
01009c00000000
0100a000000005
0200a400000000
01009800000101
01009c00000000
0100a000000005
0200a400000000
01009800000201
01009c00000000
0100a000000005
0200a400000000
01009800000301
01009c00000000
0100a000000005
0200a400000000
01009800000002
01009c00000000
0100a000000005
0200a400000000
01009800000102
01009c00000000
0100a000000005
0200a400000000
01009800000202
01009c00000000
0100a000000005
0200a400000000
01009800000302
01009c00000000
0100a000000005
0200a400000000
01009800000003
01009c00000000
0100a000000005
0200a400000000
01009800000103
01009c00000000
0100a000000005
0200a400000000
01009800000203
01009c00000000
0100a000000005
0200a400000000
01009800000303
01009c00000000
0100a000000005
0200a400000000
01009800000004
01009c00000000
0100a000000005
0200a400000000
01009800000104
01009c00000000
0100a000000005
0200a400000000
01009800000204
01009c00000000
0100a000000005
0200a400000000
01009800000304
01009c00000000
0100a000000005
0200a400000000
01009800000005
01009c00000000
0100a000000005
0200a400000000
01009800000105
01009c00000000
0100a000000005
0200a400000000
01009800000205
01009c00000000
0100a000000005
0200a400000000
01009800000305
01009c00000000
0100a000000005
0200a400000000
01007400000d05
02007400000d05
01007800000000
01007c00000107
01008000000003
02008400000001
01007800000001
01007c00000107
01008000000003
02008400000001
01007800000002
01007c00000107
01008000000003
02008400000001
01007800000003
01007c00000007
01008000000003
02008400000000
01007800000100
01007c00000107
01008000000003
02008400000001
01007800000101
01007c00000107
01008000000003
02008400000001
01007800000102
01007c00000107
01008000000003
02008400000001
01007800000103
01007c00000107
01008000000003
02008400000001
01008800000000
01008c447f4fc3
01009000000003
020094447f4fc3
01008800000001
01008c44a765d7
01009000000003
02009444a765d7
01008800000002
01008c44d918e4
01009000000003
02009444d918e4
01008800000003
01008c44f11fd8
01009000000003
02009444f11fd8
01009800000000
01009c00000000
0100a000000005
0200a400000000
01009800000100
01009c00000000
0100a000000005
0200a400000000
01009800000200
01009c00000000
0100a000000005
0200a400000000
01009800000300
01009c00000000
0100a000000005
0200a400000000
01009800000001
01009c00000000
0100a000000005
0200a400000000
01009800000101
01009c00000000
0100a000000005
0200a400000000
01009800000201
01009c00000000
0100a000000005
0200a400000000
01009800000301
01009c00000000
0100a000000005
0200a400000000
01009800000002
01009c00000000
0100a000000005
0200a400000000
01009800000102
01009c00000000
0100a000000005
0200a400000000
01009800000202
01009c00000000
0100a000000005
0200a400000000
01009800000302
01009c00000000
0100a000000005
0200a400000000
01009800000003
01009c00000000
0100a000000005
0200a400000000
01009800000103
01009c00000000
0100a000000005
0200a400000000
01009800000203
01009c00000000
0100a000000005
0200a400000000
01009800000303
01009c00000000
0100a000000005
0200a400000000
01009800000004
01009c00000000
0100a000000005
0200a400000000
01009800000104
01009c00000000
0100a000000005
0200a400000000
01009800000204
01009c00000000
0100a000000005
0200a400000000
01009800000304
01009c00000000
0100a000000005
0200a400000000
01009800000005
01009c00000000
0100a000000005
0200a400000000
01009800000105
01009c00000000
0100a000000005
0200a400000000
01009800000205
01009c00000000
0100a000000005
0200a400000000
01009800000305
01009c00000000
0100a000000005
0200a400000000
01007400000e05
02007400000e05
01007800000000
01007c00000107
01008000000003
02008400000001
01007800000001
01007c00000007
01008000000003
02008400000000
01007800000002
01007c00000107
01008000000003
02008400000001
01007800000003
01007c00000107
01008000000003
02008400000001
01007800000100
01007c00000007
01008000000003
02008400000000
01007800000101
01007c00000007
01008000000003
02008400000000
01007800000102
01007c00000007
01008000000003
02008400000000
01007800000103
01007c00000007
01008000000003
02008400000000
01008800000000
01008c45700406
01009000000003
02009445700406
01008800000001
01008c4585fc57
01009000000003
0200944585fc57
01008800000002
01008c458eab92
01009000000003
020094458eab92
01008800000003
01008c45ee5a34
01009000000003
02009445ee5a34
01009800000000
01009c00000000
0100a000000005
0200a400000000
01009800000100
01009c00000000
0100a000000005
0200a400000000
01009800000200
01009c00000000
0100a000000005
0200a400000000
01009800000300
01009c00000000
0100a000000005
0200a400000000
01009800000001
01009c00000000
0100a000000005
0200a400000000
01009800000101
01009c00000000
0100a000000005
0200a400000000
01009800000201
01009c00000000
0100a000000005
0200a400000000
01009800000301
01009c00000000
0100a000000005
0200a400000000
01009800000002
01009c00000000
0100a000000005
0200a400000000
01009800000102
01009c00000000
0100a000000005
0200a400000000
01009800000202
01009c00000000
0100a000000005
0200a400000000
01009800000302
01009c00000000
0100a000000005
0200a400000000
01009800000003
01009c00000000
0100a000000005
0200a400000000
01009800000103
01009c00000000
0100a000000005
0200a400000000
01009800000203
01009c00000000
0100a000000005
0200a400000000
01009800000303
01009c00000000
0100a000000005
0200a400000000
01009800000004
01009c00000000
0100a000000005
0200a400000000
01009800000104
01009c00000000
0100a000000005
0200a400000000
01009800000204
01009c00000000
0100a000000005
0200a400000000
01009800000304
01009c00000000
0100a000000005
0200a400000000
01009800000005
01009c00000000
0100a000000005
0200a400000000
01009800000105
01009c00000000
0100a000000005
0200a400000000
01009800000205
01009c00000000
0100a000000005
0200a400000000
01009800000305
01009c00000000
0100a000000005
0200a400000000
01007400000f05
02007400000f05
01007800000000
01007c00000107
01008000000003
02008400000001
01007800000001
01007c00000007
01008000000003
02008400000000
01007800000002
01007c00000007
01008000000003
02008400000000
01007800000003
01007c00000007
01008000000003
02008400000000
01007800000100
01007c00000007
01008000000003
02008400000000
01007800000101
01007c00000107
01008000000003
02008400000001
01007800000102
01007c00000107
01008000000003
02008400000001
01007800000103
01007c00000107
01008000000003
02008400000001
01008800000000
01008c46294169
01009000000003
02009446294169
01008800000001
01008c4645bb02
01009000000003
0200944645bb02
01008800000002
01008c465077cf
01009000000003
020094465077cf
01008800000003
01008c46cbf6a0
01009000000003
02009446cbf6a0
01009800000000
01009c00000000
0100a000000005
0200a400000000
01009800000100
01009c00000000
0100a000000005
0200a400000000
01009800000200
01009c00000000
0100a000000005
0200a400000000
01009800000300
01009c00000000
0100a000000005
0200a400000000
01009800000001
01009c00000000
0100a000000005
0200a400000000
01009800000101
01009c00000000
0100a000000005
0200a400000000
01009800000201
01009c00000000
0100a000000005
0200a400000000
01009800000301
01009c00000000
0100a000000005
0200a400000000
01009800000002
01009c00000000
0100a000000005
0200a400000000
01009800000102
01009c00000000
0100a000000005
0200a400000000
01009800000202
01009c00000000
0100a000000005
0200a400000000
01009800000302
01009c00000000
0100a000000005
0200a400000000
01009800000003
01009c00000000
0100a000000005
0200a400000000
01009800000103
01009c00000000
0100a000000005
0200a400000000
01009800000203
01009c00000000
0100a000000005
0200a400000000
01009800000303
01009c00000000
0100a000000005
0200a400000000
01009800000004
01009c00000000
0100a000000005
0200a400000000
01009800000104
01009c00000000
0100a000000005
0200a400000000
01009800000204
01009c00000000
0100a000000005
0200a400000000
01009800000304
01009c00000000
0100a000000005
0200a400000000
01009800000005
01009c00000000
0100a000000005
0200a400000000
01009800000105
01009c00000000
0100a000000005
0200a400000000
01009800000205
01009c00000000
0100a000000005
0200a400000000
01009800000305
01009c00000000
0100a000000005
0200a400000000
01007400001005
02007400001005
01007800000000
01007c00000007
01008000000003
02008400000000
01007800000001
01007c00000007
01008000000003
02008400000000
01007800000002
01007c00000107
01008000000003
02008400000001
01007800000003
01007c00000007
01008000000003
02008400000000
01007800000100
01007c00000007
01008000000003
02008400000000
01007800000101
01007c00000007
01008000000003
02008400000000
01007800000102
01007c00000107
01008000000003
02008400000001
01007800000103
01007c00000007
01008000000003
02008400000000
01008800000000
01008c46ea2edf
01009000000003
02009446ea2edf
01008800000001
01008c470779a5
01009000000003
020094470779a5
01008800000002
01008c472cc98c
01009000000003
020094472cc98c
01008800000003
01008c4779b2b1
01009000000003
0200944779b2b1
01009800000000
01009c00000000
0100a000000005
0200a400000000
01009800000100
01009c00000000
0100a000000005
0200a400000000
01009800000200
01009c00000000
0100a000000005
0200a400000000
01009800000300
01009c00000000
0100a000000005
0200a400000000
01009800000001
01009c00000000
0100a000000005
0200a400000000
01009800000101
01009c00000000
0100a000000005
0200a400000000
01009800000201
01009c00000000
0100a000000005
0200a400000000
01009800000301
01009c00000000
0100a000000005
0200a400000000
01009800000002
01009c00000000
0100a000000005
0200a400000000
01009800000102
01009c00000000
0100a000000005
0200a400000000
01009800000202
01009c00000000
0100a000000005
0200a400000000
01009800000302
01009c00000000
0100a000000005
0200a400000000
01009800000003
01009c00000000
0100a000000005
0200a400000000
01009800000103
01009c00000000
0100a000000005
0200a400000000
01009800000203
01009c00000000
0100a000000005
0200a400000000
01009800000303
01009c00000000
0100a000000005
0200a400000000
01009800000004
01009c00000000
0100a000000005
0200a400000000
01009800000104
01009c00000000
0100a000000005
0200a400000000
01009800000204
01009c00000000
0100a000000005
0200a400000000
01009800000304
01009c00000000
0100a000000005
0200a400000000
01009800000005
01009c00000000
0100a000000005
0200a400000000
01009800000105
01009c00000000
0100a000000005
0200a400000000
01009800000205
01009c00000000
0100a000000005
0200a400000000
01009800000305
01009c00000000
0100a000000005
0200a400000000
01007400001105
02007400001105
01007800000000
01007c00000107
01008000000003
02008400000001
01007800000001
01007c00000107
01008000000003
02008400000001
01007800000002
01007c00000107
01008000000003
02008400000001
01007800000003
01007c00000007
01008000000003
02008400000000
01007800000100
01007c00000007
01008000000003
02008400000000
01007800000101
01007c00000107
01008000000003
02008400000001
01007800000102
01007c00000107
01008000000003
02008400000001
01007800000103
01007c00000107
01008000000003
02008400000001
01008800000000
01008c479bff77
01009000000003
020094479bff77
01008800000001
01008c47b41c2f
01009000000003
02009447b41c2f
01008800000002
01008c48247590
01009000000003
02009448247590
01008800000003
01008c4868e035
01009000000003
0200944868e035
01009800000000
01009c00000000
0100a000000005
0200a400000000
01009800000100
01009c00000000
0100a000000005
0200a400000000
01009800000200
01009c00000000
0100a000000005
0200a400000000
01009800000300
01009c00000000
0100a000000005
0200a400000000
01009800000001
01009c00000000
0100a000000005
0200a400000000
01009800000101
01009c00000000
0100a000000005
0200a400000000
01009800000201
01009c00000000
0100a000000005
0200a400000000
01009800000301
01009c00000000
0100a000000005
0200a400000000
01009800000002
01009c00000000
0100a000000005
0200a400000000
01009800000102
01009c00000000
0100a000000005
0200a400000000
01009800000202
01009c00000000
0100a000000005
0200a400000000
01009800000302
01009c00000000
0100a000000005
0200a400000000
01009800000003
01009c00000000
0100a000000005
0200a400000000
01009800000103
01009c00000000
0100a000000005
0200a400000000
01009800000203
01009c00000000
0100a000000005
0200a400000000
01009800000303
01009c00000000
0100a000000005
0200a400000000
01009800000004
01009c00000000
0100a000000005
0200a400000000
01009800000104
01009c00000000
0100a000000005
0200a400000000
01009800000204
01009c00000000
0100a000000005
0200a400000000
01009800000304
01009c00000000
0100a000000005
0200a400000000
01009800000005
01009c00000000
0100a000000005
0200a400000000
01009800000105
01009c00000000
0100a000000005
0200a400000000
01009800000205
01009c00000000
0100a000000005
0200a400000000
01009800000305
01009c00000000
0100a000000005
0200a400000000
01007400001205
02007400001205
01007800000000
01007c00000107
01008000000003
02008400000001
01007800000001
01007c00000007
01008000000003
02008400000000
01007800000002
01007c00000007
01008000000003
02008400000000
01007800000003
01007c00000007
01008000000003
02008400000000
01007800000100
01007c00000107
01008000000003
02008400000001
01007800000101
01007c00000007
01008000000003
02008400000000
01007800000102
01007c00000107
01008000000003
02008400000001
01007800000103
01007c00000107
01008000000003
02008400000001
01008800000000
01008c4877708c
01009000000003
0200944877708c
01008800000001
01008c487dd19c
01009000000003
020094487dd19c
01008800000002
01008c48899244
01009000000003
02009448899244
01008800000003
01008c48958f54
01009000000003
02009448958f54
01009800000000
01009c00000000
0100a000000005
0200a400000000
01009800000100
01009c00000000
0100a000000005
0200a400000000
01009800000200
01009c00000000
0100a000000005
0200a400000000
01009800000300
01009c00000000
0100a000000005
0200a400000000
01009800000001
01009c00000000
0100a000000005
0200a400000000
01009800000101
01009c00000000
0100a000000005
0200a400000000
01009800000201
01009c00000000
0100a000000005
0200a400000000
01009800000301
01009c00000000
0100a000000005
0200a400000000
01009800000002
01009c00000000
0100a000000005
0200a400000000
01009800000102
01009c00000000
0100a000000005
0200a400000000
01009800000202
01009c00000000
0100a000000005
0200a400000000
01009800000302
01009c00000000
0100a000000005
0200a400000000
01009800000003
01009c00000000
0100a000000005
0200a400000000
01009800000103
01009c00000000
0100a000000005
0200a400000000
01009800000203
01009c00000000
0100a000000005
0200a400000000
01009800000303
01009c00000000
0100a000000005
0200a400000000
01009800000004
01009c00000000
0100a000000005
0200a400000000
01009800000104
01009c00000000
0100a000000005
0200a400000000
01009800000204
01009c00000000
0100a000000005
0200a400000000
01009800000304
01009c00000000
0100a000000005
0200a400000000
01009800000005
01009c00000000
0100a000000005
0200a400000000
01009800000105
01009c00000000
0100a000000005
0200a400000000
01009800000205
01009c00000000
0100a000000005
0200a400000000
01009800000305
01009c00000000
0100a000000005
0200a400000000
01007400001305
02007400001305
01007800000000
01007c00000007
01008000000003
02008400000000
01007800000001
01007c00000107
01008000000003
02008400000001
01007800000002
01007c00000107
01008000000003
02008400000001
01007800000003
01007c00000007
01008000000003
02008400000000
01007800000100
01007c00000007
01008000000003
02008400000000
01007800000101
01007c00000107
01008000000003
02008400000001
01007800000102
01007c00000107
01008000000003
02008400000001
01007800000103
01007c00000007
01008000000003
02008400000000
01008800000000
01008c4897b64c
01009000000003
0200944897b64c
01008800000001
01008c489a9596
01009000000003
020094489a9596
01008800000002
01008c48c1cba6
01009000000003
02009448c1cba6
01008800000003
01008c49033f0c
01009000000003
02009449033f0c
01009800000000
01009c00000000
0100a000000005
0200a400000000
01009800000100
01009c00000000
0100a000000005
0200a400000000
01009800000200
01009c00000000
0100a000000005
0200a400000000
01009800000300
01009c00000000
0100a000000005
0200a400000000
01009800000001
01009c00000000
0100a000000005
0200a400000000
01009800000101
01009c00000000
0100a000000005
0200a400000000
01009800000201
01009c00000000
0100a000000005
0200a400000000
01009800000301
01009c00000000
0100a000000005
0200a400000000
01009800000002
01009c00000000
0100a000000005
0200a400000000
01009800000102
01009c00000000
0100a000000005
0200a400000000
01009800000202
01009c00000000
0100a000000005
0200a400000000
01009800000302
01009c00000000
0100a000000005
0200a400000000
01009800000003
01009c00000000
0100a000000005
0200a400000000
01009800000103
01009c00000000
0100a000000005
0200a400000000
01009800000203
01009c00000000
0100a000000005
0200a400000000
01009800000303
01009c00000000
0100a000000005
0200a400000000
01009800000005
01009c00000000
0100a000000005
0200a400000000
01009800000105
01009c00000000
0100a000000005
0200a400000000
01009800000205
01009c00000000
0100a000000005
0200a400000000
01009800000305
01009c00000000
0100a000000005
0200a400000000
01007400000006
02007400000006
01007800000000
01007c00000007
01008000000003
02008400000000
01007800000001
01007c00000007
01008000000003
02008400000000
01007800000002
01007c00000107
01008000000003
02008400000001
01007800000003
01007c00000007
01008000000003
02008400000000
01007800000100
01007c00000007
01008000000003
02008400000000
01007800000101
01007c00000107
01008000000003
02008400000001
01007800000102
01007c00000107
01008000000003
02008400000001
01007800000103
01007c00000007
01008000000003
02008400000000
01008800000000
01008c490a7ee8
01009000000003
020094490a7ee8
01008800000001
01008c49103f6c
01009000000003
02009449103f6c
01008800000002
01008c4918baef
01009000000003
0200944918baef
01008800000003
01008c4943a901
01009000000003
0200944943a901
01009800000000
01009c00000000
0100a000000005
0200a400000000
01009800000100
01009c00000000
0100a000000005
0200a400000000
01009800000200
01009c00000000
0100a000000005
0200a400000000
01009800000300
01009c00000000
0100a000000005
0200a400000000
01009800000001
01009c00000000
0100a000000005
0200a400000000
01009800000101
01009c00000000
0100a000000005
0200a400000000
01009800000201
01009c00000000
0100a000000005
0200a400000000
01009800000301
01009c00000000
0100a000000005
0200a400000000
01009800000002
01009c00000000
0100a000000005
0200a400000000
01009800000102
01009c00000000
0100a000000005
0200a400000000
01009800000202
01009c00000000
0100a000000005
0200a400000000
01009800000302
01009c00000000
0100a000000005
0200a400000000
01009800000003
01009c00000000
0100a000000005
0200a400000000
01009800000103
01009c00000000
0100a000000005
0200a400000000
01009800000203
01009c00000000
0100a000000005
0200a400000000
01009800000303
01009c00000000
0100a000000005
0200a400000000
01009800000004
01009c00000000
0100a000000005
0200a400000000
01009800000104
01009c00000000
0100a000000005
0200a400000000
01009800000204
01009c00000000
0100a000000005
0200a400000000
01009800000304
01009c00000000
0100a000000005
0200a400000000
01009800000005
01009c00000000
0100a000000005
0200a400000000
01009800000105
01009c00000000
0100a000000005
0200a400000000
01009800000205
01009c00000000
0100a000000005
0200a400000000
01009800000305
01009c00000000
0100a000000005
0200a400000000
01007400000106
02007400000106
01007800000000
01007c00000007
01008000000003
02008400000000
01007800000001
01007c00000107
01008000000003
02008400000001
01007800000002
01007c00000107
01008000000003
02008400000001
01007800000003
01007c00000007
01008000000003
02008400000000
01007800000100
01007c00000007
01008000000003
02008400000000
01007800000101
01007c00000007
01008000000003
02008400000000
01007800000102
01007c00000107
01008000000003
02008400000001
01007800000103
01007c00000107
01008000000003
02008400000001
01008800000000
01008c495c19d6
01009000000003
020094495c19d6
01008800000001
01008c49709f4c
01009000000003
02009449709f4c
01008800000002
01008c49d2c755
01009000000003
02009449d2c755
01008800000003
01008c4a01f7ca
01009000000003
0200944a01f7ca
01009800000000
01009c00000000
0100a000000005
0200a400000000
01009800000100
01009c00000000
0100a000000005
0200a400000000
01009800000200
01009c00000000
0100a000000005
0200a400000000
01009800000300
01009c00000000
0100a000000005
0200a400000000
01009800000001
01009c00000000
0100a000000005
0200a400000000
01009800000101
01009c00000000
0100a000000005
0200a400000000
01009800000201
01009c00000000
0100a000000005
0200a400000000
01009800000301
01009c00000000
0100a000000005
0200a400000000
01009800000002
01009c00000000
0100a000000005
0200a400000000
01009800000102
01009c00000000
0100a000000005
0200a400000000
01009800000202
01009c00000000
0100a000000005
0200a400000000
01009800000302
01009c00000000
0100a000000005
0200a400000000
01009800000003
01009c00000000
0100a000000005
0200a400000000
01009800000103
01009c00000000
0100a000000005
0200a400000000
01009800000203
01009c00000000
0100a000000005
0200a400000000
01009800000303
01009c00000000
0100a000000005
0200a400000000
01009800000004
01009c00000000
0100a000000005
0200a400000000
01009800000104
01009c00000000
0100a000000005
0200a400000000
01009800000204
01009c00000000
0100a000000005
0200a400000000
01009800000304
01009c00000000
0100a000000005
0200a400000000
01009800000005
01009c00000000
0100a000000005
0200a400000000
01009800000105
01009c00000000
0100a000000005
0200a400000000
01009800000205
01009c00000000
0100a000000005
0200a400000000
01009800000305
01009c00000000
0100a000000005
0200a400000000
01007400000206
02007400000206
01007800000000
01007c00000007
01008000000003
02008400000000
01007800000001
01007c00000107
01008000000003
02008400000001
01007800000002
01007c00000107
01008000000003
02008400000001
01007800000003
01007c00000107
01008000000003
02008400000001
01007800000100
01007c00000007
01008000000003
02008400000000
01007800000101
01007c00000107
01008000000003
02008400000001
01007800000102
01007c00000007
01008000000003
02008400000000
01007800000103
01007c00000007
01008000000003
02008400000000
01008800000000
01008c4a0e9a9b
01009000000003
0200944a0e9a9b
01008800000001
01008c4a354da2
01009000000003
0200944a354da2
01008800000002
01008c4a529c17
01009000000003
0200944a529c17
01008800000003
01008c4a676fec
01009000000003
0200944a676fec
01009800000000
01009c00000000
0100a000000005
0200a400000000
01009800000100
01009c00000000
0100a000000005
0200a400000000
01009800000200
01009c00000000
0100a000000005
0200a400000000
01009800000300
01009c00000000
0100a000000005
0200a400000000
01009800000001
01009c00000000
0100a000000005
0200a400000000
01009800000101
01009c00000000
0100a000000005
0200a400000000
01009800000201
01009c00000000
0100a000000005
0200a400000000
01009800000301
01009c00000000
0100a000000005
0200a400000000
01009800000002
01009c00000000
0100a000000005
0200a400000000
01009800000102
01009c00000000
0100a000000005
0200a400000000
01009800000202
01009c00000000
0100a000000005
0200a400000000
01009800000302
01009c00000000
0100a000000005
0200a400000000
01009800000003
01009c00000000
0100a000000005
0200a400000000
01009800000103
01009c00000000
0100a000000005
0200a400000000
01009800000203
01009c00000000
0100a000000005
0200a400000000
01009800000303
01009c00000000
0100a000000005
0200a400000000
01009800000004
01009c00000000
0100a000000005
0200a400000000
01009800000104
01009c00000000
0100a000000005
0200a400000000
01009800000204
01009c00000000
0100a000000005
0200a400000000
01009800000304
01009c00000000
0100a000000005
0200a400000000
01009800000005
01009c00000000
0100a000000005
0200a400000000
01009800000105
01009c00000000
0100a000000005
0200a400000000
01009800000205
01009c00000000
0100a000000005
0200a400000000
01009800000305
01009c00000000
0100a000000005
0200a400000000
01007400000306
02007400000306
01007800000000
01007c00000107
01008000000003
02008400000001
01007800000001
01007c00000007
01008000000003
02008400000000
01007800000002
01007c00000007
01008000000003
02008400000000
01007800000003
01007c00000107
01008000000003
02008400000001
01007800000100
01007c00000007
01008000000003
02008400000000
01007800000101
01007c00000007
01008000000003
02008400000000
01007800000102
01007c00000107
01008000000003
02008400000001
01007800000103
01007c00000007
01008000000003
02008400000000
01008800000000
01008c4a7aff79
01009000000003
0200944a7aff79
01008800000001
01008c4a8d1749
01009000000003
0200944a8d1749
01008800000002
01008c4ab25c87
01009000000003
0200944ab25c87
01008800000003
01008c4ac95409
01009000000003
0200944ac95409
01009800000000
01009c00000000
0100a000000005
0200a400000000
01009800000100
01009c00000000
0100a000000005
0200a400000000
01009800000200
01009c00000000
0100a000000005
0200a400000000
01009800000300
01009c00000000
0100a000000005
0200a400000000
01009800000001
01009c00000000
0100a000000005
0200a400000000
01009800000101
01009c00000000
0100a000000005
0200a400000000
01009800000201
01009c00000000
0100a000000005
0200a400000000
01009800000301
01009c00000000
0100a000000005
0200a400000000
01009800000002
01009c00000000
0100a000000005
0200a400000000
01009800000102
01009c00000000
0100a000000005
0200a400000000
01009800000202
01009c00000000
0100a000000005
0200a400000000
01009800000302
01009c00000000
0100a000000005
0200a400000000
01009800000003
01009c00000000
0100a000000005
0200a400000000
01009800000103
01009c00000000
0100a000000005
0200a400000000
01009800000203
01009c00000000
0100a000000005
0200a400000000
01009800000303
01009c00000000
0100a000000005
0200a400000000
01009800000004
01009c00000000
0100a000000005
0200a400000000
01009800000104
01009c00000000
0100a000000005
0200a400000000
01009800000204
01009c00000000
0100a000000005
0200a400000000
01009800000304
01009c00000000
0100a000000005
0200a400000000
01009800000005
01009c00000000
0100a000000005
0200a400000000
01009800000105
01009c00000000
0100a000000005
0200a400000000
01009800000205
01009c00000000
0100a000000005
0200a400000000
01009800000305
01009c00000000
0100a000000005
0200a400000000
01007400000406
02007400000406
01007800000000
01007c00000007
01008000000003
02008400000000
01007800000001
01007c00000007
01008000000003
02008400000000
01007800000002
01007c00000107
01008000000003
02008400000001
01007800000003
01007c00000107
01008000000003
02008400000001
01007800000100
01007c00000107
01008000000003
02008400000001
01007800000101
01007c00000007
01008000000003
02008400000000
01007800000102
01007c00000007
01008000000003
02008400000000
01007800000103
01007c00000107
01008000000003
02008400000001
01008800000000
01008c4b750f91
01009000000003
0200944b750f91
01008800000001
01008c4bb47de7
01009000000003
0200944bb47de7
01008800000002
01008c4bb622a8
01009000000003
0200944bb622a8
01008800000003
01008c4bbdbc08
01009000000003
0200944bbdbc08
01009800000000
01009c00000000
0100a000000005
0200a400000000
01009800000100
01009c00000000
0100a000000005
0200a400000000
01009800000200
01009c00000000
0100a000000005
0200a400000000
01009800000300
01009c00000000
0100a000000005
0200a400000000
01009800000001
01009c00000000
0100a000000005
0200a400000000
01009800000101
01009c00000000
0100a000000005
0200a400000000
01009800000201
01009c00000000
0100a000000005
0200a400000000
01009800000301
01009c00000000
0100a000000005
0200a400000000
01009800000002
01009c00000000
0100a000000005
0200a400000000
01009800000102
01009c00000000
0100a000000005
0200a400000000
01009800000202
01009c00000000
0100a000000005
0200a400000000
01009800000302
01009c00000000
0100a000000005
0200a400000000
01009800000003
01009c00000000
0100a000000005
0200a400000000
01009800000103
01009c00000000
0100a000000005
0200a400000000
01009800000203
01009c00000000
0100a000000005
0200a400000000
01009800000303
01009c00000000
0100a000000005
0200a400000000
01009800000004
01009c00000000
0100a000000005
0200a400000000
01009800000104
01009c00000000
0100a000000005
0200a400000000
01009800000204
01009c00000000
0100a000000005
0200a400000000
01009800000304
01009c00000000
0100a000000005
0200a400000000
01009800000005
01009c00000000
0100a000000005
0200a400000000
01009800000105
01009c00000000
0100a000000005
0200a400000000
01009800000205
01009c00000000
0100a000000005
0200a400000000
01009800000305
01009c00000000
0100a000000005
0200a400000000
01007400000506
02007400000506
01007800000000
01007c00000007
01008000000003
02008400000000
01007800000001
01007c00000107
01008000000003
02008400000001
01007800000002
01007c00000007
01008000000003
02008400000000
01007800000003
01007c00000007
01008000000003
02008400000000
01007800000100
01007c00000007
01008000000003
02008400000000
01007800000101
01007c00000007
01008000000003
02008400000000
01007800000102
01007c00000007
01008000000003
02008400000000
01007800000103
01007c00000107
01008000000003
02008400000001
01008800000000
01008c4c3a345c
01009000000003
0200944c3a345c
01008800000001
01008c4c3c6577
01009000000003
0200944c3c6577
01008800000002
01008c4c7ba7f1
01009000000003
0200944c7ba7f1
01008800000003
01008c4c9a2cd7
01009000000003
0200944c9a2cd7
01009800000000
01009c00000000
0100a000000005
0200a400000000
01009800000100
01009c00000000
0100a000000005
0200a400000000
01009800000200
01009c00000000
0100a000000005
0200a400000000
01009800000300
01009c00000000
0100a000000005
0200a400000000
01009800000001
01009c00000000
0100a000000005
0200a400000000
01009800000101
01009c00000000
0100a000000005
0200a400000000
01009800000201
01009c00000000
0100a000000005
0200a400000000
01009800000301
01009c00000000
0100a000000005
0200a400000000
01009800000002
01009c00000000
0100a000000005
0200a400000000
01009800000102
01009c00000000
0100a000000005
0200a400000000
01009800000202
01009c00000000
0100a000000005
0200a400000000
01009800000302
01009c00000000
0100a000000005
0200a400000000
01009800000003
01009c00000000
0100a000000005
0200a400000000
01009800000103
01009c00000000
0100a000000005
0200a400000000
01009800000203
01009c00000000
0100a000000005
0200a400000000
01009800000303
01009c00000000
0100a000000005
0200a400000000
01009800000004
01009c00000000
0100a000000005
0200a400000000
01009800000104
01009c00000000
0100a000000005
0200a400000000
01009800000204
01009c00000000
0100a000000005
0200a400000000
01009800000304
01009c00000000
0100a000000005
0200a400000000
01009800000005
01009c00000000
0100a000000005
0200a400000000
01009800000105
01009c00000000
0100a000000005
0200a400000000
01009800000205
01009c00000000
0100a000000005
0200a400000000
01009800000305
01009c00000000
0100a000000005
0200a400000000
01007400000606
02007400000606
01007800000000
01007c00000107
01008000000003
02008400000001
01007800000001
01007c00000007
01008000000003
02008400000000
01007800000002
01007c00000007
01008000000003
02008400000000
01007800000003
01007c00000107
01008000000003
02008400000001
01007800000100
01007c00000007
01008000000003
02008400000000
01007800000101
01007c00000007
01008000000003
02008400000000
01007800000102
01007c00000007
01008000000003
02008400000000
01007800000103
01007c00000007
01008000000003
02008400000000
01008800000000
01008c4cacee89
01009000000003
0200944cacee89
01008800000001
01008c4cd6b5f6
01009000000003
0200944cd6b5f6
01008800000002
01008c4d7f7235
01009000000003
0200944d7f7235
01008800000003
01008c4d9c3b4c
01009000000003
0200944d9c3b4c
01009800000000
01009c00000000
0100a000000005
0200a400000000
01009800000100
01009c00000000
0100a000000005
0200a400000000
01009800000200
01009c00000000
0100a000000005
0200a400000000
01009800000300
01009c00000000
0100a000000005
0200a400000000
01009800000001
01009c00000000
0100a000000005
0200a400000000
01009800000101
01009c00000000
0100a000000005
0200a400000000
01009800000201
01009c00000000
0100a000000005
0200a400000000
01009800000301
01009c00000000
0100a000000005
0200a400000000
01009800000002
01009c00000000
0100a000000005
0200a400000000
01009800000102
01009c00000000
0100a000000005
0200a400000000
01009800000202
01009c00000000
0100a000000005
0200a400000000
01009800000302
01009c00000000
0100a000000005
0200a400000000
01009800000003
01009c00000000
0100a000000005
0200a400000000
01009800000103
01009c00000000
0100a000000005
0200a400000000
01009800000203
01009c00000000
0100a000000005
0200a400000000
01009800000303
01009c00000000
0100a000000005
0200a400000000
01009800000004
01009c00000000
0100a000000005
0200a400000000
01009800000104
01009c00000000
0100a000000005
0200a400000000
01009800000204
01009c00000000
0100a000000005
0200a400000000
01009800000304
01009c00000000
0100a000000005
0200a400000000
01009800000005
01009c00000000
0100a000000005
0200a400000000
01009800000105
01009c00000000
0100a000000005
0200a400000000
01009800000205
01009c00000000
0100a000000005
0200a400000000
01009800000305
01009c00000000
0100a000000005
0200a400000000
01007400000706
02007400000706
01007800000000
01007c00000007
01008000000003
02008400000000
01007800000001
01007c00000107
01008000000003
02008400000001
01007800000002
01007c00000007
01008000000003
02008400000000
01007800000003
01007c00000007
01008000000003
02008400000000
01007800000100
01007c00000007
01008000000003
02008400000000
01007800000101
01007c00000107
01008000000003
02008400000001
01007800000102
01007c00000007
01008000000003
02008400000000
01007800000103
01007c00000007
01008000000003
02008400000000
01008800000000
01008c4da39804
01009000000003
0200944da39804
01008800000001
01008c4de01ac1
01009000000003
0200944de01ac1
01008800000002
01008c4e027aa5
01009000000003
0200944e027aa5
01008800000003
01008c4e20986b
01009000000003
0200944e20986b
01009800000000
01009c00000000
0100a000000005
0200a400000000
01009800000100
01009c00000000
0100a000000005
0200a400000000
01009800000200
01009c00000000
0100a000000005
0200a400000000
01009800000300
01009c00000000
0100a000000005
0200a400000000
01009800000001
01009c00000000
0100a000000005
0200a400000000
01009800000101
01009c00000000
0100a000000005
0200a400000000
01009800000201
01009c00000000
0100a000000005
0200a400000000
01009800000301
01009c00000000
0100a000000005
0200a400000000
01009800000002
01009c00000000
0100a000000005
0200a400000000
01009800000102
01009c00000000
0100a000000005
0200a400000000
01009800000202
01009c00000000
0100a000000005
0200a400000000
01009800000302
01009c00000000
0100a000000005
0200a400000000
01009800000003
01009c00000000
0100a000000005
0200a400000000
01009800000103
01009c00000000
0100a000000005
0200a400000000
01009800000203
01009c00000000
0100a000000005
0200a400000000
01009800000303
01009c00000000
0100a000000005
0200a400000000
01009800000004
01009c00000000
0100a000000005
0200a400000000
01009800000104
01009c00000000
0100a000000005
0200a400000000
01009800000204
01009c00000000
0100a000000005
0200a400000000
01009800000304
01009c00000000
0100a000000005
0200a400000000
01009800000005
01009c00000000
0100a000000005
0200a400000000
01009800000105
01009c00000000
0100a000000005
0200a400000000
01009800000205
01009c00000000
0100a000000005
0200a400000000
01009800000305
01009c00000000
0100a000000005
0200a400000000
01007400000806
02007400000806
01007800000000
01007c00000007
01008000000003
02008400000000
01007800000001
01007c00000007
01008000000003
02008400000000
01007800000002
01007c00000107
01008000000003
02008400000001
01007800000003
01007c00000007
01008000000003
02008400000000
01007800000100
01007c00000007
01008000000003
02008400000000
01007800000101
01007c00000107
01008000000003
02008400000001
01007800000102
01007c00000007
01008000000003
02008400000000
01007800000103
01007c00000007
01008000000003
02008400000000
01008800000000
01008c4e3a4b74
01009000000003
0200944e3a4b74
01008800000001
01008c4e557595
01009000000003
0200944e557595
01008800000002
01008c4e9b73c2
01009000000003
0200944e9b73c2
01008800000003
01008c4ea35939
01009000000003
0200944ea35939
01009800000000
01009c00000000
0100a000000005
0200a400000000
01009800000100
01009c00000000
0100a000000005
0200a400000000
01009800000200
01009c00000000
0100a000000005
0200a400000000
01009800000300
01009c00000000
0100a000000005
0200a400000000
01009800000001
01009c00000000
0100a000000005
0200a400000000
01009800000101
01009c00000000
0100a000000005
0200a400000000
01009800000201
01009c00000000
0100a000000005
0200a400000000
01009800000301
01009c00000000
0100a000000005
0200a400000000
01009800000002
01009c00000000
0100a000000005
0200a400000000
01009800000102
01009c00000000
0100a000000005
0200a400000000
01009800000202
01009c00000000
0100a000000005
0200a400000000
01009800000302
01009c00000000
0100a000000005
0200a400000000
01009800000003
01009c00000000
0100a000000005
0200a400000000
01009800000103
01009c00000000
0100a000000005
0200a400000000
01009800000203
01009c00000000
0100a000000005
0200a400000000
01009800000303
01009c00000000
0100a000000005
0200a400000000
01009800000004
01009c00000000
0100a000000005
0200a400000000
01009800000104
01009c00000000
0100a000000005
0200a400000000
01009800000204
01009c00000000
0100a000000005
0200a400000000
01009800000304
01009c00000000
0100a000000005
0200a400000000
01009800000005
01009c00000000
0100a000000005
0200a400000000
01009800000105
01009c00000000
0100a000000005
0200a400000000
01009800000205
01009c00000000
0100a000000005
0200a400000000
01009800000305
01009c00000000
0100a000000005
0200a400000000
01007400000906
02007400000906
01007800000000
01007c00000007
01008000000003
02008400000000
01007800000001
01007c00000007
01008000000003
02008400000000
01007800000002
01007c00000007
01008000000003
02008400000000
01007800000003
01007c00000007
01008000000003
02008400000000
01007800000100
01007c00000007
01008000000003
02008400000000
01007800000101
01007c00000007
01008000000003
02008400000000
01007800000102
01007c00000007
01008000000003
02008400000000
01007800000103
01007c00000007
01008000000003
02008400000000
01008800000000
01008c4f0bbfc3
01009000000003
0200944f0bbfc3
01008800000001
01008c4f51afce
01009000000003
0200944f51afce
01008800000002
01008c4f5f6c87
01009000000003
0200944f5f6c87
01008800000003
01008c4f705e80
01009000000003
0200944f705e80
01009800000000
01009c00000000
0100a000000005
0200a400000000
01009800000100
01009c00000000
0100a000000005
0200a400000000
01009800000200
01009c00000000
0100a000000005
0200a400000000
01009800000300
01009c00000000
0100a000000005
0200a400000000
01009800000001
01009c00000000
0100a000000005
0200a400000000
01009800000101
01009c00000000
0100a000000005
0200a400000000
01009800000201
01009c00000000
0100a000000005
0200a400000000
01009800000301
01009c00000000
0100a000000005
0200a400000000
01009800000002
01009c00000000
0100a000000005
0200a400000000
01009800000102
01009c00000000
0100a000000005
0200a400000000
01009800000202
01009c00000000
0100a000000005
0200a400000000
01009800000302
01009c00000000
0100a000000005
0200a400000000
01009800000003
01009c00000000
0100a000000005
0200a400000000
01009800000103
01009c00000000
0100a000000005
0200a400000000
01009800000203
01009c00000000
0100a000000005
0200a400000000
01009800000303
01009c00000000
0100a000000005
0200a400000000
01009800000004
01009c00000000
0100a000000005
0200a400000000
01009800000104
01009c00000000
0100a000000005
0200a400000000
01009800000204
01009c00000000
0100a000000005
0200a400000000
01009800000304
01009c00000000
0100a000000005
0200a400000000
01009800000005
01009c00000000
0100a000000005
0200a400000000
01009800000105
01009c00000000
0100a000000005
0200a400000000
01009800000205
01009c00000000
0100a000000005
0200a400000000
01009800000305
01009c00000000
0100a000000005
0200a400000000
01007400000a06
02007400000a06
01007800000000
01007c00000107
01008000000003
02008400000001
01007800000001
01007c00000107
01008000000003
02008400000001
01007800000002
01007c00000007
01008000000003
02008400000000
01007800000003
01007c00000107
01008000000003
02008400000001
01007800000100
01007c00000107
01008000000003
02008400000001
01007800000101
01007c00000007
01008000000003
02008400000000
01007800000102
01007c00000107
01008000000003
02008400000001
01007800000103
01007c00000107
01008000000003
02008400000001
01008800000000
01008c4f79279c
01009000000003
0200944f79279c
01008800000001
01008c4f7d04cc
01009000000003
0200944f7d04cc
01008800000002
01008c5006793e
01009000000003
0200945006793e
01008800000003
01008c5008106c
01009000000003
0200945008106c
01009800000000
01009c00000000
0100a000000005
0200a400000000
01009800000100
01009c00000000
0100a000000005
0200a400000000
01009800000200
01009c00000000
0100a000000005
0200a400000000
01009800000300
01009c00000000
0100a000000005
0200a400000000
01009800000001
01009c00000000
0100a000000005
0200a400000000
01009800000101
01009c00000000
0100a000000005
0200a400000000
01009800000201
01009c00000000
0100a000000005
0200a400000000
01009800000301
01009c00000000
0100a000000005
0200a400000000
01009800000002
01009c00000000
0100a000000005
0200a400000000
01009800000102
01009c00000000
0100a000000005
0200a400000000
01009800000202
01009c00000000
0100a000000005
0200a400000000
01009800000302
01009c00000000
0100a000000005
0200a400000000
01009800000003
01009c00000000
0100a000000005
0200a400000000
01009800000103
01009c00000000
0100a000000005
0200a400000000
01009800000203
01009c00000000
0100a000000005
0200a400000000
01009800000303
01009c00000000
0100a000000005
0200a400000000
01009800000004
01009c00000000
0100a000000005
0200a400000000
01009800000104
01009c00000000
0100a000000005
0200a400000000
01009800000204
01009c00000000
0100a000000005
0200a400000000
01009800000304
01009c00000000
0100a000000005
0200a400000000
01009800000005
01009c00000000
0100a000000005
0200a400000000
01009800000105
01009c00000000
0100a000000005
0200a400000000
01009800000205
01009c00000000
0100a000000005
0200a400000000
01009800000305
01009c00000000
0100a000000005
0200a400000000
01007400000b06
02007400000b06
01007800000000
01007c00000107
01008000000003
02008400000001
01007800000001
01007c00000107
01008000000003
02008400000001
01007800000002
01007c00000007
01008000000003
02008400000000
01007800000003
01007c00000007
01008000000003
02008400000000
01007800000100
01007c00000007
01008000000003
02008400000000
01007800000101
01007c00000107
01008000000003
02008400000001
01007800000102
01007c00000107
01008000000003
02008400000001
01007800000103
01007c00000007
01008000000003
02008400000000
01008800000000
01008c5065d40e
01009000000003
0200945065d40e
01008800000001
01008c508e6c39
01009000000003
020094508e6c39
01008800000002
01008c509912c1
01009000000003
020094509912c1
01008800000003
01008c50f7f70f
01009000000003
02009450f7f70f
01009800000000
01009c00000000
0100a000000005
0200a400000000
01009800000100
01009c00000000
0100a000000005
0200a400000000
01009800000200
01009c00000000
0100a000000005
0200a400000000
01009800000300
01009c00000000
0100a000000005
0200a400000000
01009800000001
01009c00000000
0100a000000005
0200a400000000
01009800000101
01009c00000000
0100a000000005
0200a400000000
01009800000201
01009c00000000
0100a000000005
0200a400000000
01009800000301
01009c00000000
0100a000000005
0200a400000000
01009800000002
01009c00000000
0100a000000005
0200a400000000
01009800000102
01009c00000000
0100a000000005
0200a400000000
01009800000202
01009c00000000
0100a000000005
0200a400000000
01009800000302
01009c00000000
0100a000000005
0200a400000000
01009800000003
01009c00000000
0100a000000005
0200a400000000
01009800000103
01009c00000000
0100a000000005
0200a400000000
01009800000203
01009c00000000
0100a000000005
0200a400000000
01009800000303
01009c00000000
0100a000000005
0200a400000000
01009800000004
01009c00000000
0100a000000005
0200a400000000
01009800000104
01009c00000000
0100a000000005
0200a400000000
01009800000204
01009c00000000
0100a000000005
0200a400000000
01009800000304
01009c00000000
0100a000000005
0200a400000000
01009800000005
01009c00000000
0100a000000005
0200a400000000
01009800000105
01009c00000000
0100a000000005
0200a400000000
01009800000205
01009c00000000
0100a000000005
0200a400000000
01009800000305
01009c00000000
0100a000000005
0200a400000000
01007400000c06
02007400000c06
01007800000000
01007c00000107
01008000000003
02008400000001
01007800000001
01007c00000107
01008000000003
02008400000001
01007800000002
01007c00000107
01008000000003
02008400000001
01007800000003
01007c00000007
01008000000003
02008400000000
01007800000100
01007c00000107
01008000000003
02008400000001
01007800000101
01007c00000007
01008000000003
02008400000000
01007800000102
01007c00000007
01008000000003
02008400000000
01007800000103
01007c00000107
01008000000003
02008400000001
01008800000000
01008c512291f8
01009000000003
020094512291f8
01008800000001
01008c51a9eadc
01009000000003
02009451a9eadc
01008800000002
01008c51b55a88
01009000000003
02009451b55a88
01008800000003
01008c51c3e6b3
01009000000003
02009451c3e6b3
01009800000000
01009c00000000
0100a000000005
0200a400000000
01009800000100
01009c00000000
0100a000000005
0200a400000000
01009800000200
01009c00000000
0100a000000005
0200a400000000
01009800000300
01009c00000000
0100a000000005
0200a400000000
01009800000001
01009c00000000
0100a000000005
0200a400000000
01009800000101
01009c00000000
0100a000000005
0200a400000000
01009800000201
01009c00000000
0100a000000005
0200a400000000
01009800000301
01009c00000000
0100a000000005
0200a400000000
01009800000002
01009c00000000
0100a000000005
0200a400000000
01009800000102
01009c00000000
0100a000000005
0200a400000000
01009800000202
01009c00000000
0100a000000005
0200a400000000
01009800000302
01009c00000000
0100a000000005
0200a400000000
01009800000003
01009c00000000
0100a000000005
0200a400000000
01009800000103
01009c00000000
0100a000000005
0200a400000000
01009800000203
01009c00000000
0100a000000005
0200a400000000
01009800000303
01009c00000000
0100a000000005
0200a400000000
01009800000004
01009c00000000
0100a000000005
0200a400000000
01009800000104
01009c00000000
0100a000000005
0200a400000000
01009800000204
01009c00000000
0100a000000005
0200a400000000
01009800000304
01009c00000000
0100a000000005
0200a400000000
01009800000005
01009c00000000
0100a000000005
0200a400000000
01009800000105
01009c00000000
0100a000000005
0200a400000000
01009800000205
01009c00000000
0100a000000005
0200a400000000
01009800000305
01009c00000000
0100a000000005
0200a400000000
01007400000d06
02007400000d06
01007800000000
01007c00000107
01008000000003
02008400000001
01007800000001
01007c00000107
01008000000003
02008400000001
01007800000002
01007c00000107
01008000000003
02008400000001
01007800000003
01007c00000007
01008000000003
02008400000000
01007800000100
01007c00000007
01008000000003
02008400000000
01007800000101
01007c00000107
01008000000003
02008400000001
01007800000102
01007c00000007
01008000000003
02008400000000
01007800000103
01007c00000007
01008000000003
02008400000000
01008800000000
01008c51fa71c3
01009000000003
02009451fa71c3
01008800000001
01008c52227c7b
01009000000003
02009452227c7b
01008800000002
01008c52347fb8
01009000000003
02009452347fb8
01008800000003
01008c5244bbbc
01009000000003
0200945244bbbc
01009800000000
01009c00000000
0100a000000005
0200a400000000
01009800000100
01009c00000000
0100a000000005
0200a400000000
01009800000200
01009c00000000
0100a000000005
0200a400000000
01009800000300
01009c00000000
0100a000000005
0200a400000000
01009800000001
01009c00000000
0100a000000005
0200a400000000
01009800000101
01009c00000000
0100a000000005
0200a400000000
01009800000201
01009c00000000
0100a000000005
0200a400000000
01009800000301
01009c00000000
0100a000000005
0200a400000000
01009800000002
01009c00000000
0100a000000005
0200a400000000
01009800000102
01009c00000000
0100a000000005
0200a400000000
01009800000202
01009c00000000
0100a000000005
0200a400000000
01009800000302
01009c00000000
0100a000000005
0200a400000000
01009800000003
01009c00000000
0100a000000005
0200a400000000
01009800000103
01009c00000000
0100a000000005
0200a400000000
01009800000203
01009c00000000
0100a000000005
0200a400000000
01009800000303
01009c00000000
0100a000000005
0200a400000000
01009800000004
01009c00000000
0100a000000005
0200a400000000
01009800000104
01009c00000000
0100a000000005
0200a400000000
01009800000204
01009c00000000
0100a000000005
0200a400000000
01009800000304
01009c00000000
0100a000000005
0200a400000000
01009800000005
01009c00000000
0100a000000005
0200a400000000
01009800000105
01009c00000000
0100a000000005
0200a400000000
01009800000205
01009c00000000
0100a000000005
0200a400000000
01009800000305
01009c00000000
0100a000000005
0200a400000000
01007400000e06
02007400000e06
01007800000000
01007c00000107
01008000000003
02008400000001
01007800000001
01007c00000007
01008000000003
02008400000000
01007800000002
01007c00000107
01008000000003
02008400000001
01007800000003
01007c00000107
01008000000003
02008400000001
01007800000100
01007c00000007
01008000000003
02008400000000
01007800000101
01007c00000107
01008000000003
02008400000001
01007800000102
01007c00000107
01008000000003
02008400000001
01007800000103
01007c00000007
01008000000003
02008400000000
01008800000000
01008c5247739d
01009000000003
0200945247739d
01008800000001
01008c524c54ac
01009000000003
020094524c54ac
01008800000002
01008c5259193a
01009000000003
0200945259193a
01008800000003
01008c525f7ae6
01009000000003
020094525f7ae6
01009800000000
01009c00000000
0100a000000005
0200a400000000
01009800000100
01009c00000000
0100a000000005
0200a400000000
01009800000200
01009c00000000
0100a000000005
0200a400000000
01009800000300
01009c00000000
0100a000000005
0200a400000000
01009800000001
01009c00000000
0100a000000005
0200a400000000
01009800000101
01009c00000000
0100a000000005
0200a400000000
01009800000201
01009c00000000
0100a000000005
0200a400000000
01009800000301
01009c00000000
0100a000000005
0200a400000000
01009800000002
01009c00000000
0100a000000005
0200a400000000
01009800000102
01009c00000000
0100a000000005
0200a400000000
01009800000202
01009c00000000
0100a000000005
0200a400000000
01009800000302
01009c00000000
0100a000000005
0200a400000000
01009800000003
01009c00000000
0100a000000005
0200a400000000
01009800000103
01009c00000000
0100a000000005
0200a400000000
01009800000203
01009c00000000
0100a000000005
0200a400000000
01009800000303
01009c00000000
0100a000000005
0200a400000000
01009800000004
01009c00000000
0100a000000005
0200a400000000
01009800000104
01009c00000000
0100a000000005
0200a400000000
01009800000204
01009c00000000
0100a000000005
0200a400000000
01009800000304
01009c00000000
0100a000000005
0200a400000000
01009800000005
01009c00000000
0100a000000005
0200a400000000
01009800000105
01009c00000000
0100a000000005
0200a400000000
01009800000205
01009c00000000
0100a000000005
0200a400000000
01009800000305
01009c00000000
0100a000000005
0200a400000000
01007400000f06
02007400000f06
01007800000000
01007c00000107
01008000000003
02008400000001
01007800000001
01007c00000007
01008000000003
02008400000000
01007800000002
01007c00000007
01008000000003
02008400000000
01007800000003
01007c00000007
01008000000003
02008400000000
01007800000100
01007c00000007
01008000000003
02008400000000
01007800000101
01007c00000007
01008000000003
02008400000000
01007800000102
01007c00000007
01008000000003
02008400000000
01007800000103
01007c00000107
01008000000003
02008400000001
01008800000000
01008c527d8e6a
01009000000003
020094527d8e6a
01008800000001
01008c528dad93
01009000000003
020094528dad93
01008800000002
01008c528fe06b
01009000000003
020094528fe06b
01008800000003
01008c52a04ad5
01009000000003
02009452a04ad5
01009800000000
01009c00000000
0100a000000005
0200a400000000
01009800000100
01009c00000000
0100a000000005
0200a400000000
01009800000200
01009c00000000
0100a000000005
0200a400000000
01009800000300
01009c00000000
0100a000000005
0200a400000000
01009800000001
01009c00000000
0100a000000005
0200a400000000
01009800000101
01009c00000000
0100a000000005
0200a400000000
01009800000201
01009c00000000
0100a000000005
0200a400000000
01009800000301
01009c00000000
0100a000000005
0200a400000000
01009800000002
01009c00000000
0100a000000005
0200a400000000
01009800000102
01009c00000000
0100a000000005
0200a400000000
01009800000202
01009c00000000
0100a000000005
0200a400000000
01009800000302
01009c00000000
0100a000000005
0200a400000000
01009800000003
01009c00000000
0100a000000005
0200a400000000
01009800000103
01009c00000000
0100a000000005
0200a400000000
01009800000203
01009c00000000
0100a000000005
0200a400000000
01009800000303
01009c00000000
0100a000000005
0200a400000000
01009800000004
01009c00000000
0100a000000005
0200a400000000
01009800000104
01009c00000000
0100a000000005
0200a400000000
01009800000204
01009c00000000
0100a000000005
0200a400000000
01009800000304
01009c00000000
0100a000000005
0200a400000000
01009800000005
01009c00000000
0100a000000005
0200a400000000
01009800000105
01009c00000000
0100a000000005
0200a400000000
01009800000205
01009c00000000
0100a000000005
0200a400000000
01009800000305
01009c00000000
0100a000000005
0200a400000000
01007400001006
02007400001006
01007800000000
01007c00000107
01008000000003
02008400000001
01007800000001
01007c00000107
01008000000003
02008400000001
01007800000002
01007c00000107
01008000000003
02008400000001
01007800000003
01007c00000107
01008000000003
02008400000001
01007800000100
01007c00000107
01008000000003
02008400000001
01007800000101
01007c00000007
01008000000003
02008400000000
01007800000102
01007c00000007
01008000000003
02008400000000
01007800000103
01007c00000107
01008000000003
02008400000001
01008800000000
01008c52f6aa16
01009000000003
02009452f6aa16
01008800000001
01008c534cdbf8
01009000000003
020094534cdbf8
01008800000002
01008c5395535a
01009000000003
0200945395535a
01008800000003
01008c53cd13c4
01009000000003
02009453cd13c4
01009800000000
01009c00000000
0100a000000005
0200a400000000
01009800000100
01009c00000000
0100a000000005
0200a400000000
01009800000200
01009c00000000
0100a000000005
0200a400000000
01009800000300
01009c00000000
0100a000000005
0200a400000000
01009800000001
01009c00000000
0100a000000005
0200a400000000
01009800000101
01009c00000000
0100a000000005
0200a400000000
01009800000201
01009c00000000
0100a000000005
0200a400000000
01009800000301
01009c00000000
0100a000000005
0200a400000000
01009800000002
01009c00000000
0100a000000005
0200a400000000
01009800000102
01009c00000000
0100a000000005
0200a400000000
01009800000202
01009c00000000
0100a000000005
0200a400000000
01009800000302
01009c00000000
0100a000000005
0200a400000000
01009800000003
01009c00000000
0100a000000005
0200a400000000
01009800000103
01009c00000000
0100a000000005
0200a400000000
01009800000203
01009c00000000
0100a000000005
0200a400000000
01009800000303
01009c00000000
0100a000000005
0200a400000000
01009800000004
01009c00000000
0100a000000005
0200a400000000
01009800000104
01009c00000000
0100a000000005
0200a400000000
01009800000204
01009c00000000
0100a000000005
0200a400000000
01009800000304
01009c00000000
0100a000000005
0200a400000000
01009800000005
01009c00000000
0100a000000005
0200a400000000
01009800000105
01009c00000000
0100a000000005
0200a400000000
01009800000205
01009c00000000
0100a000000005
0200a400000000
01009800000305
01009c00000000
0100a000000005
0200a400000000
01007400001106
02007400001106
01007800000000
01007c00000107
01008000000003
02008400000001
01007800000001
01007c00000007
01008000000003
02008400000000
01007800000002
01007c00000007
01008000000003
02008400000000
01007800000003
01007c00000107
01008000000003
02008400000001
01007800000100
01007c00000007
01008000000003
02008400000000
01007800000101
01007c00000007
01008000000003
02008400000000
01007800000102
01007c00000107
01008000000003
02008400000001
01007800000103
01007c00000107
01008000000003
02008400000001
01008800000000
01008c542a20ca
01009000000003
020094542a20ca
01008800000001
01008c542a264a
01009000000003
020094542a264a
01008800000002
01008c544d2456
01009000000003
020094544d2456
01008800000003
01008c54619eda
01009000000003
02009454619eda
01009800000000
01009c00000000
0100a000000005
0200a400000000
01009800000100
01009c00000000
0100a000000005
0200a400000000
01009800000200
01009c00000000
0100a000000005
0200a400000000
01009800000300
01009c00000000
0100a000000005
0200a400000000
01009800000001
01009c00000000
0100a000000005
0200a400000000
01009800000101
01009c00000000
0100a000000005
0200a400000000
01009800000201
01009c00000000
0100a000000005
0200a400000000
01009800000301
01009c00000000
0100a000000005
0200a400000000
01009800000002
01009c00000000
0100a000000005
0200a400000000
01009800000102
01009c00000000
0100a000000005
0200a400000000
01009800000202
01009c00000000
0100a000000005
0200a400000000
01009800000302
01009c00000000
0100a000000005
0200a400000000
01009800000003
01009c00000000
0100a000000005
0200a400000000
01009800000103
01009c00000000
0100a000000005
0200a400000000
01009800000203
01009c00000000
0100a000000005
0200a400000000
01009800000303
01009c00000000
0100a000000005
0200a400000000
01009800000004
01009c00000000
0100a000000005
0200a400000000
01009800000104
01009c00000000
0100a000000005
0200a400000000
01009800000204
01009c00000000
0100a000000005
0200a400000000
01009800000304
01009c00000000
0100a000000005
0200a400000000
01009800000005
01009c00000000
0100a000000005
0200a400000000
01009800000105
01009c00000000
0100a000000005
0200a400000000
01009800000205
01009c00000000
0100a000000005
0200a400000000
01009800000305
01009c00000000
0100a000000005
0200a400000000
01007400001206
02007400001206
01007800000000
01007c00000107
01008000000003
02008400000001
01007800000001
01007c00000007
01008000000003
02008400000000
01007800000002
01007c00000007
01008000000003
02008400000000
01007800000003
01007c00000107
01008000000003
02008400000001
01007800000100
01007c00000107
01008000000003
02008400000001
01007800000101
01007c00000007
01008000000003
02008400000000
01007800000102
01007c00000107
01008000000003
02008400000001
01007800000103
01007c00000007
01008000000003
02008400000000
01008800000000
01008c547d25d9
01009000000003
020094547d25d9
01008800000001
01008c54d20391
01009000000003
02009454d20391
01008800000002
01008c54f423b3
01009000000003
02009454f423b3
01008800000003
01008c5504c285
01009000000003
0200945504c285
01009800000000
01009c00000000
0100a000000005
0200a400000000
01009800000100
01009c00000000
0100a000000005
0200a400000000
01009800000200
01009c00000000
0100a000000005
0200a400000000
01009800000300
01009c00000000
0100a000000005
0200a400000000
01009800000001
01009c00000000
0100a000000005
0200a400000000
01009800000101
01009c00000000
0100a000000005
0200a400000000
01009800000201
01009c00000000
0100a000000005
0200a400000000
01009800000301
01009c00000000
0100a000000005
0200a400000000
01009800000002
01009c00000000
0100a000000005
0200a400000000
01009800000102
01009c00000000
0100a000000005
0200a400000000
01009800000202
01009c00000000
0100a000000005
0200a400000000
01009800000302
01009c00000000
0100a000000005
0200a400000000
01009800000003
01009c00000000
0100a000000005
0200a400000000
01009800000103
01009c00000000
0100a000000005
0200a400000000
01009800000203
01009c00000000
0100a000000005
0200a400000000
01009800000303
01009c00000000
0100a000000005
0200a400000000
01009800000004
01009c00000000
0100a000000005
0200a400000000
01009800000104
01009c00000000
0100a000000005
0200a400000000
01009800000204
01009c00000000
0100a000000005
0200a400000000
01009800000304
01009c00000000
0100a000000005
0200a400000000
01009800000005
01009c00000000
0100a000000005
0200a400000000
01009800000105
01009c00000000
0100a000000005
0200a400000000
01009800000205
01009c00000000
0100a000000005
0200a400000000
01009800000305
01009c00000000
0100a000000005
0200a400000000
01007400001306
02007400001306
01007800000000
01007c00000107
01008000000003
02008400000001
01007800000001
01007c00000007
01008000000003
02008400000000
01007800000002
01007c00000007
01008000000003
02008400000000
01007800000003
01007c00000007
01008000000003
02008400000000
01007800000100
01007c00000007
01008000000003
02008400000000
01007800000101
01007c00000107
01008000000003
02008400000001
01007800000102
01007c00000007
01008000000003
02008400000000
01007800000103
01007c00000007
01008000000003
02008400000000
01008800000000
01008c55c2adf7
01009000000003
02009455c2adf7
01008800000001
01008c56196a4f
01009000000003
02009456196a4f
01008800000002
01008c5624c751
01009000000003
0200945624c751
01008800000003
01008c5645c9c8
01009000000003
0200945645c9c8
01009800000000
01009c00000000
0100a000000005
0200a400000000
01009800000100
01009c00000000
0100a000000005
0200a400000000
01009800000200
01009c00000000
0100a000000005
0200a400000000
01009800000300
01009c00000000
0100a000000005
0200a400000000
01009800000001
01009c00000000
0100a000000005
0200a400000000
01009800000101
01009c00000000
0100a000000005
0200a400000000
01009800000201
01009c00000000
0100a000000005
0200a400000000
01009800000301
01009c00000000
0100a000000005
0200a400000000
01009800000002
01009c00000000
0100a000000005
0200a400000000
01009800000102
01009c00000000
0100a000000005
0200a400000000
01009800000202
01009c00000000
0100a000000005
0200a400000000
01009800000302
01009c00000000
0100a000000005
0200a400000000
01009800000003
01009c00000000
0100a000000005
0200a400000000
01009800000103
01009c00000000
0100a000000005
0200a400000000
01009800000203
01009c00000000
0100a000000005
0200a400000000
01009800000303
01009c00000000
0100a000000005
0200a400000000
01009800000005
01009c00000000
0100a000000005
0200a400000000
01009800000105
01009c00000000
0100a000000005
0200a400000000
01009800000205
01009c00000000
0100a000000005
0200a400000000
01009800000305
01009c00000000
0100a000000005
0200a400000000
01007400000007
02007400000007
01007800000000
01007c00000107
01008000000003
02008400000001
01007800000001
01007c00000107
01008000000003
02008400000001
01007800000002
01007c00000107
01008000000003
02008400000001
01007800000003
01007c00000107
01008000000003
02008400000001
01007800000100
01007c00000007
01008000000003
02008400000000
01007800000101
01007c00000007
01008000000003
02008400000000
01007800000102
01007c00000107
01008000000003
02008400000001
01007800000103
01007c00000007
01008000000003
02008400000000
01008800000000
01008c5648b398
01009000000003
0200945648b398
01008800000001
01008c565efda4
01009000000003
020094565efda4
01008800000002
01008c566e0910
01009000000003
020094566e0910
01008800000003
01008c5670fe81
01009000000003
0200945670fe81
01009800000000
01009c00000000
0100a000000005
0200a400000000
01009800000100
01009c00000000
0100a000000005
0200a400000000
01009800000200
01009c00000000
0100a000000005
0200a400000000
01009800000300
01009c00000000
0100a000000005
0200a400000000
01009800000001
01009c00000000
0100a000000005
0200a400000000
01009800000101
01009c00000000
0100a000000005
0200a400000000
01009800000201
01009c00000000
0100a000000005
0200a400000000
01009800000301
01009c00000000
0100a000000005
0200a400000000
01009800000002
01009c00000000
0100a000000005
0200a400000000
01009800000102
01009c00000000
0100a000000005
0200a400000000
01009800000202
01009c00000000
0100a000000005
0200a400000000
01009800000302
01009c00000000
0100a000000005
0200a400000000
01009800000003
01009c00000000
0100a000000005
0200a400000000
01009800000103
01009c00000000
0100a000000005
0200a400000000
01009800000203
01009c00000000
0100a000000005
0200a400000000
01009800000303
01009c00000000
0100a000000005
0200a400000000
01009800000004
01009c00000000
0100a000000005
0200a400000000
01009800000104
01009c00000000
0100a000000005
0200a400000000
01009800000204
01009c00000000
0100a000000005
0200a400000000
01009800000304
01009c00000000
0100a000000005
0200a400000000
01009800000005
01009c00000000
0100a000000005
0200a400000000
01009800000105
01009c00000000
0100a000000005
0200a400000000
01009800000205
01009c00000000
0100a000000005
0200a400000000
01009800000305
01009c00000000
0100a000000005
0200a400000000
01007400000107
02007400000107
01007800000000
01007c00000007
01008000000003
02008400000000
01007800000001
01007c00000107
01008000000003
02008400000001
01007800000002
01007c00000007
01008000000003
02008400000000
01007800000003
01007c00000007
01008000000003
02008400000000
01007800000100
01007c00000107
01008000000003
02008400000001
01007800000101
01007c00000107
01008000000003
02008400000001
01007800000102
01007c00000007
01008000000003
02008400000000
01007800000103
01007c00000007
01008000000003
02008400000000
01008800000000
01008c5691c5a8
01009000000003
0200945691c5a8
01008800000001
01008c56bacf05
01009000000003
02009456bacf05
01008800000002
01008c56c99b0d
01009000000003
02009456c99b0d
01008800000003
01008c56f8f8e5
01009000000003
02009456f8f8e5
01009800000000
01009c00000000
0100a000000005
0200a400000000
01009800000100
01009c00000000
0100a000000005
0200a400000000
01009800000200
01009c00000000
0100a000000005
0200a400000000
01009800000300
01009c00000000
0100a000000005
0200a400000000
01009800000001
01009c00000000
0100a000000005
0200a400000000
01009800000101
01009c00000000
0100a000000005
0200a400000000
01009800000201
01009c00000000
0100a000000005
0200a400000000
01009800000301
01009c00000000
0100a000000005
0200a400000000
01009800000002
01009c00000000
0100a000000005
0200a400000000
01009800000102
01009c00000000
0100a000000005
0200a400000000
01009800000202
01009c00000000
0100a000000005
0200a400000000
01009800000302
01009c00000000
0100a000000005
0200a400000000
01009800000003
01009c00000000
0100a000000005
0200a400000000
01009800000103
01009c00000000
0100a000000005
0200a400000000
01009800000203
01009c00000000
0100a000000005
0200a400000000
01009800000303
01009c00000000
0100a000000005
0200a400000000
01009800000004
01009c00000000
0100a000000005
0200a400000000
01009800000104
01009c00000000
0100a000000005
0200a400000000
01009800000204
01009c00000000
0100a000000005
0200a400000000
01009800000304
01009c00000000
0100a000000005
0200a400000000
01009800000005
01009c00000000
0100a000000005
0200a400000000
01009800000105
01009c00000000
0100a000000005
0200a400000000
01009800000205
01009c00000000
0100a000000005
0200a400000000
01009800000305
01009c00000000
0100a000000005
0200a400000000
01007400000207
02007400000207
01007800000000
01007c00000107
01008000000003
02008400000001
01007800000001
01007c00000107
01008000000003
02008400000001
01007800000002
01007c00000007
01008000000003
02008400000000
01007800000003
01007c00000107
01008000000003
02008400000001
01007800000100
01007c00000007
01008000000003
02008400000000
01007800000101
01007c00000107
01008000000003
02008400000001
01007800000102
01007c00000107
01008000000003
02008400000001
01007800000103
01007c00000107
01008000000003
02008400000001
01008800000000
01008c57274b4b
01009000000003
02009457274b4b
01008800000001
01008c57359526
01009000000003
02009457359526
01008800000002
01008c575945eb
01009000000003
020094575945eb
01008800000003
01008c576f662c
01009000000003
020094576f662c
01009800000000
01009c00000000
0100a000000005
0200a400000000
01009800000100
01009c00000000
0100a000000005
0200a400000000
01009800000200
01009c00000000
0100a000000005
0200a400000000
01009800000300
01009c00000000
0100a000000005
0200a400000000
01009800000001
01009c00000000
0100a000000005
0200a400000000
01009800000101
01009c00000000
0100a000000005
0200a400000000
01009800000201
01009c00000000
0100a000000005
0200a400000000
01009800000301
01009c00000000
0100a000000005
0200a400000000
01009800000002
01009c00000000
0100a000000005
0200a400000000
01009800000102
01009c00000000
0100a000000005
0200a400000000
01009800000202
01009c00000000
0100a000000005
0200a400000000
01009800000302
01009c00000000
0100a000000005
0200a400000000
01009800000003
01009c00000000
0100a000000005
0200a400000000
01009800000103
01009c00000000
0100a000000005
0200a400000000
01009800000203
01009c00000000
0100a000000005
0200a400000000
01009800000303
01009c00000000
0100a000000005
0200a400000000
01009800000004
01009c00000000
0100a000000005
0200a400000000
01009800000104
01009c00000000
0100a000000005
0200a400000000
01009800000204
01009c00000000
0100a000000005
0200a400000000
01009800000304
01009c00000000
0100a000000005
0200a400000000
01009800000005
01009c00000000
0100a000000005
0200a400000000
01009800000105
01009c00000000
0100a000000005
0200a400000000
01009800000205
01009c00000000
0100a000000005
0200a400000000
01009800000305
01009c00000000
0100a000000005
0200a400000000
01007400000307
02007400000307
01007800000000
01007c00000007
01008000000003
02008400000000
01007800000001
01007c00000007
01008000000003
02008400000000
01007800000002
01007c00000007
01008000000003
02008400000000
01007800000003
01007c00000007
01008000000003
02008400000000
01007800000100
01007c00000107
01008000000003
02008400000001
01007800000101
01007c00000007
01008000000003
02008400000000
01007800000102
01007c00000107
01008000000003
02008400000001
01007800000103
01007c00000007
01008000000003
02008400000000
01008800000000
01008c57892a80
01009000000003
02009457892a80
01008800000001
01008c579f2667
01009000000003
020094579f2667
01008800000002
01008c58142226
01009000000003
02009458142226
01008800000003
01008c582c4b16
01009000000003
020094582c4b16
01009800000000
01009c00000000
0100a000000005
0200a400000000
01009800000100
01009c00000000
0100a000000005
0200a400000000
01009800000200
01009c00000000
0100a000000005
0200a400000000
01009800000300
01009c00000000
0100a000000005
0200a400000000
01009800000001
01009c00000000
0100a000000005
0200a400000000
01009800000101
01009c00000000
0100a000000005
0200a400000000
01009800000201
01009c00000000
0100a000000005
0200a400000000
01009800000301
01009c00000000
0100a000000005
0200a400000000
01009800000002
01009c00000000
0100a000000005
0200a400000000
01009800000102
01009c00000000
0100a000000005
0200a400000000
01009800000202
01009c00000000
0100a000000005
0200a400000000
01009800000302
01009c00000000
0100a000000005
0200a400000000
01009800000003
01009c00000000
0100a000000005
0200a400000000
01009800000103
01009c00000000
0100a000000005
0200a400000000
01009800000203
01009c00000000
0100a000000005
0200a400000000
01009800000303
01009c00000000
0100a000000005
0200a400000000
01009800000004
01009c00000000
0100a000000005
0200a400000000
01009800000104
01009c00000000
0100a000000005
0200a400000000
01009800000204
01009c00000000
0100a000000005
0200a400000000
01009800000304
01009c00000000
0100a000000005
0200a400000000
01009800000005
01009c00000000
0100a000000005
0200a400000000
01009800000105
01009c00000000
0100a000000005
0200a400000000
01009800000205
01009c00000000
0100a000000005
0200a400000000
01009800000305
01009c00000000
0100a000000005
0200a400000000
01007400000407
02007400000407
01007800000000
01007c00000007
01008000000003
02008400000000
01007800000001
01007c00000107
01008000000003
02008400000001
01007800000002
01007c00000107
01008000000003
02008400000001
01007800000003
01007c00000007
01008000000003
02008400000000
01007800000100
01007c00000107
01008000000003
02008400000001
01007800000101
01007c00000107
01008000000003
02008400000001
01007800000102
01007c00000007
01008000000003
02008400000000
01007800000103
01007c00000007
01008000000003
02008400000000
01008800000000
01008c58546768
01009000000003
02009458546768
01008800000001
01008c585aae94
01009000000003
020094585aae94
01008800000002
01008c586c7e31
01009000000003
020094586c7e31
01008800000003
01008c5895805d
01009000000003
0200945895805d
01009800000000
01009c00000000
0100a000000005
0200a400000000
01009800000100
01009c00000000
0100a000000005
0200a400000000
01009800000200
01009c00000000
0100a000000005
0200a400000000
01009800000300
01009c00000000
0100a000000005
0200a400000000
01009800000001
01009c00000000
0100a000000005
0200a400000000
01009800000101
01009c00000000
0100a000000005
0200a400000000
01009800000201
01009c00000000
0100a000000005
0200a400000000
01009800000301
01009c00000000
0100a000000005
0200a400000000
01009800000002
01009c00000000
0100a000000005
0200a400000000
01009800000102
01009c00000000
0100a000000005
0200a400000000
01009800000202
01009c00000000
0100a000000005
0200a400000000
01009800000302
01009c00000000
0100a000000005
0200a400000000
01009800000003
01009c00000000
0100a000000005
0200a400000000
01009800000103
01009c00000000
0100a000000005
0200a400000000
01009800000203
01009c00000000
0100a000000005
0200a400000000
01009800000303
01009c00000000
0100a000000005
0200a400000000
01009800000004
01009c00000000
0100a000000005
0200a400000000
01009800000104
01009c00000000
0100a000000005
0200a400000000
01009800000204
01009c00000000
0100a000000005
0200a400000000
01009800000304
01009c00000000
0100a000000005
0200a400000000
01009800000005
01009c00000000
0100a000000005
0200a400000000
01009800000105
01009c00000000
0100a000000005
0200a400000000
01009800000205
01009c00000000
0100a000000005
0200a400000000
01009800000305
01009c00000000
0100a000000005
0200a400000000
01007400000507
02007400000507
01007800000000
01007c00000007
01008000000003
02008400000000
01007800000001
01007c00000007
01008000000003
02008400000000
01007800000002
01007c00000007
01008000000003
02008400000000
01007800000003
01007c00000107
01008000000003
02008400000001
01007800000100
01007c00000107
01008000000003
02008400000001
01007800000101
01007c00000007
01008000000003
02008400000000
01007800000102
01007c00000107
01008000000003
02008400000001
01007800000103
01007c00000107
01008000000003
02008400000001
01008800000000
01008c58c85a54
01009000000003
02009458c85a54
01008800000001
01008c58e05497
01009000000003
02009458e05497
01008800000002
01008c59127cdf
01009000000003
02009459127cdf
01008800000003
01008c591dcf1a
01009000000003
020094591dcf1a
01009800000000
01009c00000000
0100a000000005
0200a400000000
01009800000100
01009c00000000
0100a000000005
0200a400000000
01009800000200
01009c00000000
0100a000000005
0200a400000000
01009800000300
01009c00000000
0100a000000005
0200a400000000
01009800000001
01009c00000000
0100a000000005
0200a400000000
01009800000101
01009c00000000
0100a000000005
0200a400000000
01009800000201
01009c00000000
0100a000000005
0200a400000000
01009800000301
01009c00000000
0100a000000005
0200a400000000
01009800000002
01009c00000000
0100a000000005
0200a400000000
01009800000102
01009c00000000
0100a000000005
0200a400000000
01009800000202
01009c00000000
0100a000000005
0200a400000000
01009800000302
01009c00000000
0100a000000005
0200a400000000
01009800000003
01009c00000000
0100a000000005
0200a400000000
01009800000103
01009c00000000
0100a000000005
0200a400000000
01009800000203
01009c00000000
0100a000000005
0200a400000000
01009800000303
01009c00000000
0100a000000005
0200a400000000
01009800000004
01009c00000000
0100a000000005
0200a400000000
01009800000104
01009c00000000
0100a000000005
0200a400000000
01009800000204
01009c00000000
0100a000000005
0200a400000000
01009800000304
01009c00000000
0100a000000005
0200a400000000
01009800000005
01009c00000000
0100a000000005
0200a400000000
01009800000105
01009c00000000
0100a000000005
0200a400000000
01009800000205
01009c00000000
0100a000000005
0200a400000000
01009800000305
01009c00000000
0100a000000005
0200a400000000
01007400000607
02007400000607
01007800000000
01007c00000107
01008000000003
02008400000001
01007800000001
01007c00000107
01008000000003
02008400000001
01007800000002
01007c00000107
01008000000003
02008400000001
01007800000003
01007c00000107
01008000000003
02008400000001
01007800000100
01007c00000107
01008000000003
02008400000001
01007800000101
01007c00000107
01008000000003
02008400000001
01007800000102
01007c00000107
01008000000003
02008400000001
01007800000103
01007c00000007
01008000000003
02008400000000
01008800000000
01008c591ff54f
01009000000003
020094591ff54f
01008800000001
01008c595f632b
01009000000003
020094595f632b
01008800000002
01008c59afbb7c
01009000000003
02009459afbb7c
01008800000003
01008c5a080f5b
01009000000003
0200945a080f5b
01009800000000
01009c00000000
0100a000000005
0200a400000000
01009800000100
01009c00000000
0100a000000005
0200a400000000
01009800000200
01009c00000000
0100a000000005
0200a400000000
01009800000300
01009c00000000
0100a000000005
0200a400000000
01009800000001
01009c00000000
0100a000000005
0200a400000000
01009800000101
01009c00000000
0100a000000005
0200a400000000
01009800000201
01009c00000000
0100a000000005
0200a400000000
01009800000301
01009c00000000
0100a000000005
0200a400000000
01009800000002
01009c00000000
0100a000000005
0200a400000000
01009800000102
01009c00000000
0100a000000005
0200a400000000
01009800000202
01009c00000000
0100a000000005
0200a400000000
01009800000302
01009c00000000
0100a000000005
0200a400000000
01009800000003
01009c00000000
0100a000000005
0200a400000000
01009800000103
01009c00000000
0100a000000005
0200a400000000
01009800000203
01009c00000000
0100a000000005
0200a400000000
01009800000303
01009c00000000
0100a000000005
0200a400000000
01009800000004
01009c00000000
0100a000000005
0200a400000000
01009800000104
01009c00000000
0100a000000005
0200a400000000
01009800000204
01009c00000000
0100a000000005
0200a400000000
01009800000304
01009c00000000
0100a000000005
0200a400000000
01009800000005
01009c00000000
0100a000000005
0200a400000000
01009800000105
01009c00000000
0100a000000005
0200a400000000
01009800000205
01009c00000000
0100a000000005
0200a400000000
01009800000305
01009c00000000
0100a000000005
0200a400000000
01007400000707
02007400000707
01007800000000
01007c00000007
01008000000003
02008400000000
01007800000001
01007c00000007
01008000000003
02008400000000
01007800000002
01007c00000107
01008000000003
02008400000001
01007800000003
01007c00000007
01008000000003
02008400000000
01007800000100
01007c00000007
01008000000003
02008400000000
01007800000101
01007c00000007
01008000000003
02008400000000
01007800000102
01007c00000107
01008000000003
02008400000001
01007800000103
01007c00000107
01008000000003
02008400000001
01008800000000
01008c5a1a643f
01009000000003
0200945a1a643f
01008800000001
01008c5a28e459
01009000000003
0200945a28e459
01008800000002
01008c5a2e7a3a
01009000000003
0200945a2e7a3a
01008800000003
01008c5a304a40
01009000000003
0200945a304a40
01009800000000
01009c00000000
0100a000000005
0200a400000000
01009800000100
01009c00000000
0100a000000005
0200a400000000
01009800000200
01009c00000000
0100a000000005
0200a400000000
01009800000300
01009c00000000
0100a000000005
0200a400000000
01009800000001
01009c00000000
0100a000000005
0200a400000000
01009800000101
01009c00000000
0100a000000005
0200a400000000
01009800000201
01009c00000000
0100a000000005
0200a400000000
01009800000301
01009c00000000
0100a000000005
0200a400000000
01009800000002
01009c00000000
0100a000000005
0200a400000000
01009800000102
01009c00000000
0100a000000005
0200a400000000
01009800000202
01009c00000000
0100a000000005
0200a400000000
01009800000302
01009c00000000
0100a000000005
0200a400000000
01009800000003
01009c00000000
0100a000000005
0200a400000000
01009800000103
01009c00000000
0100a000000005
0200a400000000
01009800000203
01009c00000000
0100a000000005
0200a400000000
01009800000303
01009c00000000
0100a000000005
0200a400000000
01009800000004
01009c00000000
0100a000000005
0200a400000000
01009800000104
01009c00000000
0100a000000005
0200a400000000
01009800000204
01009c00000000
0100a000000005
0200a400000000
01009800000304
01009c00000000
0100a000000005
0200a400000000
01009800000005
01009c00000000
0100a000000005
0200a400000000
01009800000105
01009c00000000
0100a000000005
0200a400000000
01009800000205
01009c00000000
0100a000000005
0200a400000000
01009800000305
01009c00000000
0100a000000005
0200a400000000
01007400000807
02007400000807
01007800000000
01007c00000007
01008000000003
02008400000000
01007800000001
01007c00000107
01008000000003
02008400000001
01007800000002
01007c00000107
01008000000003
02008400000001
01007800000003
01007c00000007
01008000000003
02008400000000
01007800000100
01007c00000107
01008000000003
02008400000001
01007800000101
01007c00000107
01008000000003
02008400000001
01007800000102
01007c00000107
01008000000003
02008400000001
01007800000103
01007c00000107
01008000000003
02008400000001
01008800000000
01008c5a3547b9
01009000000003
0200945a3547b9
01008800000001
01008c5a50b631
01009000000003
0200945a50b631
01008800000002
01008c5a70a47f
01009000000003
0200945a70a47f
01008800000003
01008c5ad81592
01009000000003
0200945ad81592
01009800000000
01009c00000000
0100a000000005
0200a400000000
01009800000100
01009c00000000
0100a000000005
0200a400000000
01009800000200
01009c00000000
0100a000000005
0200a400000000
01009800000300
01009c00000000
0100a000000005
0200a400000000
01009800000001
01009c00000000
0100a000000005
0200a400000000
01009800000101
01009c00000000
0100a000000005
0200a400000000
01009800000201
01009c00000000
0100a000000005
0200a400000000
01009800000301
01009c00000000
0100a000000005
0200a400000000
01009800000002
01009c00000000
0100a000000005
0200a400000000
01009800000102
01009c00000000
0100a000000005
0200a400000000
01009800000202
01009c00000000
0100a000000005
0200a400000000
01009800000302
01009c00000000
0100a000000005
0200a400000000
01009800000003
01009c00000000
0100a000000005
0200a400000000
01009800000103
01009c00000000
0100a000000005
0200a400000000
01009800000203
01009c00000000
0100a000000005
0200a400000000
01009800000303
01009c00000000
0100a000000005
0200a400000000
01009800000004
01009c00000000
0100a000000005
0200a400000000
01009800000104
01009c00000000
0100a000000005
0200a400000000
01009800000204
01009c00000000
0100a000000005
0200a400000000
01009800000304
01009c00000000
0100a000000005
0200a400000000
01009800000005
01009c00000000
0100a000000005
0200a400000000
01009800000105
01009c00000000
0100a000000005
0200a400000000
01009800000205
01009c00000000
0100a000000005
0200a400000000
01009800000305
01009c00000000
0100a000000005
0200a400000000
01007400000907
02007400000907
01007800000000
01007c00000107
01008000000003
02008400000001
01007800000001
01007c00000107
01008000000003
02008400000001
01007800000002
01007c00000107
01008000000003
02008400000001
01007800000003
01007c00000007
01008000000003
02008400000000
01007800000100
01007c00000107
01008000000003
02008400000001
01007800000101
01007c00000107
01008000000003
02008400000001
01007800000102
01007c00000107
01008000000003
02008400000001
01007800000103
01007c00000107
01008000000003
02008400000001
01008800000000
01008c5ae9f986
01009000000003
0200945ae9f986
01008800000001
01008c5b521f3f
01009000000003
0200945b521f3f
01008800000002
01008c5b60b8bf
01009000000003
0200945b60b8bf
01008800000003
01008c5b76a6f1
01009000000003
0200945b76a6f1
01009800000000
01009c00000000
0100a000000005
0200a400000000
01009800000100
01009c00000000
0100a000000005
0200a400000000
01009800000200
01009c00000000
0100a000000005
0200a400000000
01009800000300
01009c00000000
0100a000000005
0200a400000000
01009800000001
01009c00000000
0100a000000005
0200a400000000
01009800000101
01009c00000000
0100a000000005
0200a400000000
01009800000201
01009c00000000
0100a000000005
0200a400000000
01009800000301
01009c00000000
0100a000000005
0200a400000000
01009800000002
01009c00000000
0100a000000005
0200a400000000
01009800000102
01009c00000000
0100a000000005
0200a400000000
01009800000202
01009c00000000
0100a000000005
0200a400000000
01009800000302
01009c00000000
0100a000000005
0200a400000000
01009800000003
01009c00000000
0100a000000005
0200a400000000
01009800000103
01009c00000000
0100a000000005
0200a400000000
01009800000203
01009c00000000
0100a000000005
0200a400000000
01009800000303
01009c00000000
0100a000000005
0200a400000000
01009800000004
01009c00000000
0100a000000005
0200a400000000
01009800000104
01009c00000000
0100a000000005
0200a400000000
01009800000204
01009c00000000
0100a000000005
0200a400000000
01009800000304
01009c00000000
0100a000000005
0200a400000000
01009800000005
01009c00000000
0100a000000005
0200a400000000
01009800000105
01009c00000000
0100a000000005
0200a400000000
01009800000205
01009c00000000
0100a000000005
0200a400000000
01009800000305
01009c00000000
0100a000000005
0200a400000000
01007400000a07
02007400000a07
01007800000000
01007c00000007
01008000000003
02008400000000
01007800000001
01007c00000007
01008000000003
02008400000000
01007800000002
01007c00000107
01008000000003
02008400000001
01007800000003
01007c00000007
01008000000003
02008400000000
01007800000100
01007c00000107
01008000000003
02008400000001
01007800000101
01007c00000107
01008000000003
02008400000001
01007800000102
01007c00000107
01008000000003
02008400000001
01007800000103
01007c00000107
01008000000003
02008400000001
01008800000000
01008c5b8ad51e
01009000000003
0200945b8ad51e
01008800000001
01008c5bd7be75
01009000000003
0200945bd7be75
01008800000002
01008c5c0e0102
01009000000003
0200945c0e0102
01008800000003
01008c5c3d6c19
01009000000003
0200945c3d6c19
01009800000000
01009c00000000
0100a000000005
0200a400000000
01009800000100
01009c00000000
0100a000000005
0200a400000000
01009800000200
01009c00000000
0100a000000005
0200a400000000
01009800000300
01009c00000000
0100a000000005
0200a400000000
01009800000001
01009c00000000
0100a000000005
0200a400000000
01009800000101
01009c00000000
0100a000000005
0200a400000000
01009800000201
01009c00000000
0100a000000005
0200a400000000
01009800000301
01009c00000000
0100a000000005
0200a400000000
01009800000002
01009c00000000
0100a000000005
0200a400000000
01009800000102
01009c00000000
0100a000000005
0200a400000000
01009800000202
01009c00000000
0100a000000005
0200a400000000
01009800000302
01009c00000000
0100a000000005
0200a400000000
01009800000003
01009c00000000
0100a000000005
0200a400000000
01009800000103
01009c00000000
0100a000000005
0200a400000000
01009800000203
01009c00000000
0100a000000005
0200a400000000
01009800000303
01009c00000000
0100a000000005
0200a400000000
01009800000004
01009c00000000
0100a000000005
0200a400000000
01009800000104
01009c00000000
0100a000000005
0200a400000000
01009800000204
01009c00000000
0100a000000005
0200a400000000
01009800000304
01009c00000000
0100a000000005
0200a400000000
01009800000005
01009c00000000
0100a000000005
0200a400000000
01009800000105
01009c00000000
0100a000000005
0200a400000000
01009800000205
01009c00000000
0100a000000005
0200a400000000
01009800000305
01009c00000000
0100a000000005
0200a400000000
01007400000b07
02007400000b07
01007800000000
01007c00000107
01008000000003
02008400000001
01007800000001
01007c00000007
01008000000003
02008400000000
01007800000002
01007c00000107
01008000000003
02008400000001
01007800000003
01007c00000007
01008000000003
02008400000000
01007800000100
01007c00000007
01008000000003
02008400000000
01007800000101
01007c00000107
01008000000003
02008400000001
01007800000102
01007c00000107
01008000000003
02008400000001
01007800000103
01007c00000007
01008000000003
02008400000000
01008800000000
01008c5c7d7ade
01009000000003
0200945c7d7ade
01008800000001
01008c5cc095ba
01009000000003
0200945cc095ba
01008800000002
01008c5d3045fb
01009000000003
0200945d3045fb
01008800000003
01008c5d5359ea
01009000000003
0200945d5359ea
01009800000000
01009c00000000
0100a000000005
0200a400000000
01009800000100
01009c00000000
0100a000000005
0200a400000000
01009800000200
01009c00000000
0100a000000005
0200a400000000
01009800000300
01009c00000000
0100a000000005
0200a400000000
01009800000001
01009c00000000
0100a000000005
0200a400000000
01009800000101
01009c00000000
0100a000000005
0200a400000000
01009800000201
01009c00000000
0100a000000005
0200a400000000
01009800000301
01009c00000000
0100a000000005
0200a400000000
01009800000002
01009c00000000
0100a000000005
0200a400000000
01009800000102
01009c00000000
0100a000000005
0200a400000000
01009800000202
01009c00000000
0100a000000005
0200a400000000
01009800000302
01009c00000000
0100a000000005
0200a400000000
01009800000003
01009c00000000
0100a000000005
0200a400000000
01009800000103
01009c00000000
0100a000000005
0200a400000000
01009800000203
01009c00000000
0100a000000005
0200a400000000
01009800000303
01009c00000000
0100a000000005
0200a400000000
01009800000004
01009c00000000
0100a000000005
0200a400000000
01009800000104
01009c00000000
0100a000000005
0200a400000000
01009800000204
01009c00000000
0100a000000005
0200a400000000
01009800000304
01009c00000000
0100a000000005
0200a400000000
01009800000005
01009c00000000
0100a000000005
0200a400000000
01009800000105
01009c00000000
0100a000000005
0200a400000000
01009800000205
01009c00000000
0100a000000005
0200a400000000
01009800000305
01009c00000000
0100a000000005
0200a400000000
01007400000c07
02007400000c07
01007800000000
01007c00000007
01008000000003
02008400000000
01007800000001
01007c00000107
01008000000003
02008400000001
01007800000002
01007c00000107
01008000000003
02008400000001
01007800000003
01007c00000107
01008000000003
02008400000001
01007800000100
01007c00000007
01008000000003
02008400000000
01007800000101
01007c00000107
01008000000003
02008400000001
01007800000102
01007c00000007
01008000000003
02008400000000
01007800000103
01007c00000007
01008000000003
02008400000000
01008800000000
01008c5d5dde5f
01009000000003
0200945d5dde5f
01008800000001
01008c5e0f6a44
01009000000003
0200945e0f6a44
01008800000002
01008c5ea0df26
01009000000003
0200945ea0df26
01008800000003
01008c5eb9733b
01009000000003
0200945eb9733b
01009800000000
01009c00000000
0100a000000005
0200a400000000
01009800000100
01009c00000000
0100a000000005
0200a400000000
01009800000200
01009c00000000
0100a000000005
0200a400000000
01009800000300
01009c00000000
0100a000000005
0200a400000000
01009800000001
01009c00000000
0100a000000005
0200a400000000
01009800000101
01009c00000000
0100a000000005
0200a400000000
01009800000201
01009c00000000
0100a000000005
0200a400000000
01009800000301
01009c00000000
0100a000000005
0200a400000000
01009800000002
01009c00000000
0100a000000005
0200a400000000
01009800000102
01009c00000000
0100a000000005
0200a400000000
01009800000202
01009c00000000
0100a000000005
0200a400000000
01009800000302
01009c00000000
0100a000000005
0200a400000000
01009800000003
01009c00000000
0100a000000005
0200a400000000
01009800000103
01009c00000000
0100a000000005
0200a400000000
01009800000203
01009c00000000
0100a000000005
0200a400000000
01009800000303
01009c00000000
0100a000000005
0200a400000000
01009800000004
01009c00000000
0100a000000005
0200a400000000
01009800000104
01009c00000000
0100a000000005
0200a400000000
01009800000204
01009c00000000
0100a000000005
0200a400000000
01009800000304
01009c00000000
0100a000000005
0200a400000000
01009800000005
01009c00000000
0100a000000005
0200a400000000
01009800000105
01009c00000000
0100a000000005
0200a400000000
01009800000205
01009c00000000
0100a000000005
0200a400000000
01009800000305
01009c00000000
0100a000000005
0200a400000000
01007400000d07
02007400000d07
01007800000000
01007c00000007
01008000000003
02008400000000
01007800000001
01007c00000107
01008000000003
02008400000001
01007800000002
01007c00000107
01008000000003
02008400000001
01007800000003
01007c00000107
01008000000003
02008400000001
01007800000100
01007c00000007
01008000000003
02008400000000
01007800000101
01007c00000107
01008000000003
02008400000001
01007800000102
01007c00000107
01008000000003
02008400000001
01007800000103
01007c00000107
01008000000003
02008400000001
01008800000000
01008c5f194009
01009000000003
0200945f194009
01008800000001
01008c5f7ba453
01009000000003
0200945f7ba453
01008800000002
01008c5f9cda48
01009000000003
0200945f9cda48
01008800000003
01008c5fc88adb
01009000000003
0200945fc88adb
01009800000000
01009c00000000
0100a000000005
0200a400000000
01009800000100
01009c00000000
0100a000000005
0200a400000000
01009800000200
01009c00000000
0100a000000005
0200a400000000
01009800000300
01009c00000000
0100a000000005
0200a400000000
01009800000001
01009c00000000
0100a000000005
0200a400000000
01009800000101
01009c00000000
0100a000000005
0200a400000000
01009800000201
01009c00000000
0100a000000005
0200a400000000
01009800000301
01009c00000000
0100a000000005
0200a400000000
01009800000002
01009c00000000
0100a000000005
0200a400000000
01009800000102
01009c00000000
0100a000000005
0200a400000000
01009800000202
01009c00000000
0100a000000005
0200a400000000
01009800000302
01009c00000000
0100a000000005
0200a400000000
01009800000003
01009c00000000
0100a000000005
0200a400000000
01009800000103
01009c00000000
0100a000000005
0200a400000000
01009800000203
01009c00000000
0100a000000005
0200a400000000
01009800000303
01009c00000000
0100a000000005
0200a400000000
01009800000004
01009c00000000
0100a000000005
0200a400000000
01009800000104
01009c00000000
0100a000000005
0200a400000000
01009800000204
01009c00000000
0100a000000005
0200a400000000
01009800000304
01009c00000000
0100a000000005
0200a400000000
01009800000005
01009c00000000
0100a000000005
0200a400000000
01009800000105
01009c00000000
0100a000000005
0200a400000000
01009800000205
01009c00000000
0100a000000005
0200a400000000
01009800000305
01009c00000000
0100a000000005
0200a400000000
01007400000e07
02007400000e07
01007800000000
01007c00000107
01008000000003
02008400000001
01007800000001
01007c00000007
01008000000003
02008400000000
01007800000002
01007c00000007
01008000000003
02008400000000
01007800000003
01007c00000107
01008000000003
02008400000001
01007800000100
01007c00000107
01008000000003
02008400000001
01007800000101
01007c00000107
01008000000003
02008400000001
01007800000102
01007c00000107
01008000000003
02008400000001
01007800000103
01007c00000007
01008000000003
02008400000000
01008800000000
01008c5fd5e2ff
01009000000003
0200945fd5e2ff
01008800000001
01008c600bae72
01009000000003
020094600bae72
01008800000002
01008c60118ab8
01009000000003
02009460118ab8
01008800000003
01008c60f37cd4
01009000000003
02009460f37cd4
01009800000000
01009c00000000
0100a000000005
0200a400000000
01009800000100
01009c00000000
0100a000000005
0200a400000000
01009800000200
01009c00000000
0100a000000005
0200a400000000
01009800000300
01009c00000000
0100a000000005
0200a400000000
01009800000001
01009c00000000
0100a000000005
0200a400000000
01009800000101
01009c00000000
0100a000000005
0200a400000000
01009800000201
01009c00000000
0100a000000005
0200a400000000
01009800000301
01009c00000000
0100a000000005
0200a400000000
01009800000002
01009c00000000
0100a000000005
0200a400000000
01009800000102
01009c00000000
0100a000000005
0200a400000000
01009800000202
01009c00000000
0100a000000005
0200a400000000
01009800000302
01009c00000000
0100a000000005
0200a400000000
01009800000003
01009c00000000
0100a000000005
0200a400000000
01009800000103
01009c00000000
0100a000000005
0200a400000000
01009800000203
01009c00000000
0100a000000005
0200a400000000
01009800000303
01009c00000000
0100a000000005
0200a400000000
01009800000004
01009c00000000
0100a000000005
0200a400000000
01009800000104
01009c00000000
0100a000000005
0200a400000000
01009800000204
01009c00000000
0100a000000005
0200a400000000
01009800000304
01009c00000000
0100a000000005
0200a400000000
01009800000005
01009c00000000
0100a000000005
0200a400000000
01009800000105
01009c00000000
0100a000000005
0200a400000000
01009800000205
01009c00000000
0100a000000005
0200a400000000
01009800000305
01009c00000000
0100a000000005
0200a400000000
01007400000f07
02007400000f07
01007800000000
01007c00000107
01008000000003
02008400000001
01007800000001
01007c00000007
01008000000003
02008400000000
01007800000002
01007c00000007
01008000000003
02008400000000
01007800000003
01007c00000107
01008000000003
02008400000001
01007800000100
01007c00000107
01008000000003
02008400000001
01007800000101
01007c00000107
01008000000003
02008400000001
01007800000102
01007c00000107
01008000000003
02008400000001
01007800000103
01007c00000107
01008000000003
02008400000001
01008800000000
01008c610e853d
01009000000003
020094610e853d
01008800000001
01008c61499c87
01009000000003
02009461499c87
01008800000002
01008c61690ddb
01009000000003
02009461690ddb
01008800000003
01008c617cf420
01009000000003
020094617cf420
01009800000000
01009c00000000
0100a000000005
0200a400000000
01009800000100
01009c00000000
0100a000000005
0200a400000000
01009800000200
01009c00000000
0100a000000005
0200a400000000
01009800000300
01009c00000000
0100a000000005
0200a400000000
01009800000001
01009c00000000
0100a000000005
0200a400000000
01009800000101
01009c00000000
0100a000000005
0200a400000000
01009800000201
01009c00000000
0100a000000005
0200a400000000
01009800000301
01009c00000000
0100a000000005
0200a400000000
01009800000002
01009c00000000
0100a000000005
0200a400000000
01009800000102
01009c00000000
0100a000000005
0200a400000000
01009800000202
01009c00000000
0100a000000005
0200a400000000
01009800000302
01009c00000000
0100a000000005
0200a400000000
01009800000003
01009c00000000
0100a000000005
0200a400000000
01009800000103
01009c00000000
0100a000000005
0200a400000000
01009800000203
01009c00000000
0100a000000005
0200a400000000
01009800000303
01009c00000000
0100a000000005
0200a400000000
01009800000004
01009c00000000
0100a000000005
0200a400000000
01009800000104
01009c00000000
0100a000000005
0200a400000000
01009800000204
01009c00000000
0100a000000005
0200a400000000
01009800000304
01009c00000000
0100a000000005
0200a400000000
01009800000005
01009c00000000
0100a000000005
0200a400000000
01009800000105
01009c00000000
0100a000000005
0200a400000000
01009800000205
01009c00000000
0100a000000005
0200a400000000
01009800000305
01009c00000000
0100a000000005
0200a400000000
01007400001007
02007400001007
01007800000000
01007c00000107
01008000000003
02008400000001
01007800000001
01007c00000007
01008000000003
02008400000000
01007800000002
01007c00000007
01008000000003
02008400000000
01007800000003
01007c00000007
01008000000003
02008400000000
01007800000100
01007c00000107
01008000000003
02008400000001
01007800000101
01007c00000107
01008000000003
02008400000001
01007800000102
01007c00000107
01008000000003
02008400000001
01007800000103
01007c00000007
01008000000003
02008400000000
01008800000000
01008c6188ec3e
01009000000003
0200946188ec3e
01008800000001
01008c619fc109
01009000000003
020094619fc109
01008800000002
01008c61a1c1fb
01009000000003
02009461a1c1fb
01008800000003
01008c61c46c96
01009000000003
02009461c46c96
01009800000000
01009c00000000
0100a000000005
0200a400000000
01009800000100
01009c00000000
0100a000000005
0200a400000000
01009800000200
01009c00000000
0100a000000005
0200a400000000
01009800000300
01009c00000000
0100a000000005
0200a400000000
01009800000001
01009c00000000
0100a000000005
0200a400000000
01009800000101
01009c00000000
0100a000000005
0200a400000000
01009800000201
01009c00000000
0100a000000005
0200a400000000
01009800000301
01009c00000000
0100a000000005
0200a400000000
01009800000002
01009c00000000
0100a000000005
0200a400000000
01009800000102
01009c00000000
0100a000000005
0200a400000000
01009800000202
01009c00000000
0100a000000005
0200a400000000
01009800000302
01009c00000000
0100a000000005
0200a400000000
01009800000003
01009c00000000
0100a000000005
0200a400000000
01009800000103
01009c00000000
0100a000000005
0200a400000000
01009800000203
01009c00000000
0100a000000005
0200a400000000
01009800000303
01009c00000000
0100a000000005
0200a400000000
01009800000004
01009c00000000
0100a000000005
0200a400000000
01009800000104
01009c00000000
0100a000000005
0200a400000000
01009800000204
01009c00000000
0100a000000005
0200a400000000
01009800000304
01009c00000000
0100a000000005
0200a400000000
01009800000005
01009c00000000
0100a000000005
0200a400000000
01009800000105
01009c00000000
0100a000000005
0200a400000000
01009800000205
01009c00000000
0100a000000005
0200a400000000
01009800000305
01009c00000000
0100a000000005
0200a400000000
01007400001107
02007400001107
01007800000000
01007c00000107
01008000000003
02008400000001
01007800000001
01007c00000107
01008000000003
02008400000001
01007800000002
01007c00000007
01008000000003
02008400000000
01007800000003
01007c00000107
01008000000003
02008400000001
01007800000100
01007c00000007
01008000000003
02008400000000
01007800000101
01007c00000007
01008000000003
02008400000000
01007800000102
01007c00000007
01008000000003
02008400000000
01007800000103
01007c00000107
01008000000003
02008400000001
01008800000000
01008c62494741
01009000000003
02009462494741
01008800000001
01008c6252e3e7
01009000000003
0200946252e3e7
01008800000002
01008c6294f277
01009000000003
0200946294f277
01008800000003
01008c62c15422
01009000000003
02009462c15422
01009800000000
01009c00000000
0100a000000005
0200a400000000
01009800000100
01009c00000000
0100a000000005
0200a400000000
01009800000200
01009c00000000
0100a000000005
0200a400000000
01009800000300
01009c00000000
0100a000000005
0200a400000000
01009800000001
01009c00000000
0100a000000005
0200a400000000
01009800000101
01009c00000000
0100a000000005
0200a400000000
01009800000201
01009c00000000
0100a000000005
0200a400000000
01009800000301
01009c00000000
0100a000000005
0200a400000000
01009800000002
01009c00000000
0100a000000005
0200a400000000
01009800000102
01009c00000000
0100a000000005
0200a400000000
01009800000202
01009c00000000
0100a000000005
0200a400000000
01009800000302
01009c00000000
0100a000000005
0200a400000000
01009800000003
01009c00000000
0100a000000005
0200a400000000
01009800000103
01009c00000000
0100a000000005
0200a400000000
01009800000203
01009c00000000
0100a000000005
0200a400000000
01009800000303
01009c00000000
0100a000000005
0200a400000000
01009800000004
01009c00000000
0100a000000005
0200a400000000
01009800000104
01009c00000000
0100a000000005
0200a400000000
01009800000204
01009c00000000
0100a000000005
0200a400000000
01009800000304
01009c00000000
0100a000000005
0200a400000000
01009800000005
01009c00000000
0100a000000005
0200a400000000
01009800000105
01009c00000000
0100a000000005
0200a400000000
01009800000205
01009c00000000
0100a000000005
0200a400000000
01009800000305
01009c00000000
0100a000000005
0200a400000000
01007400001207
02007400001207
01007800000000
01007c00000007
01008000000003
02008400000000
01007800000001
01007c00000007
01008000000003
02008400000000
01007800000002
01007c00000107
01008000000003
02008400000001
01007800000003
01007c00000107
01008000000003
02008400000001
01007800000100
01007c00000007
01008000000003
02008400000000
01007800000101
01007c00000107
01008000000003
02008400000001
01007800000102
01007c00000107
01008000000003
02008400000001
01007800000103
01007c00000007
01008000000003
02008400000000
01008800000000
01008c630789c7
01009000000003
020094630789c7
01008800000001
01008c6320ee34
01009000000003
0200946320ee34
01008800000002
01008c632b9dd8
01009000000003
020094632b9dd8
01008800000003
01008c63384720
01009000000003
02009463384720
01009800000000
01009c00000000
0100a000000005
0200a400000000
01009800000100
01009c00000000
0100a000000005
0200a400000000
01009800000200
01009c00000000
0100a000000005
0200a400000000
01009800000300
01009c00000000
0100a000000005
0200a400000000
01009800000001
01009c00000000
0100a000000005
0200a400000000
01009800000101
01009c00000000
0100a000000005
0200a400000000
01009800000201
01009c00000000
0100a000000005
0200a400000000
01009800000301
01009c00000000
0100a000000005
0200a400000000
01009800000002
01009c00000000
0100a000000005
0200a400000000
01009800000102
01009c00000000
0100a000000005
0200a400000000
01009800000202
01009c00000000
0100a000000005
0200a400000000
01009800000302
01009c00000000
0100a000000005
0200a400000000
01009800000003
01009c00000000
0100a000000005
0200a400000000
01009800000103
01009c00000000
0100a000000005
0200a400000000
01009800000203
01009c00000000
0100a000000005
0200a400000000
01009800000303
01009c00000000
0100a000000005
0200a400000000
01009800000004
01009c00000000
0100a000000005
0200a400000000
01009800000104
01009c00000000
0100a000000005
0200a400000000
01009800000204
01009c00000000
0100a000000005
0200a400000000
01009800000304
01009c00000000
0100a000000005
0200a400000000
01009800000005
01009c00000000
0100a000000005
0200a400000000
01009800000105
01009c00000000
0100a000000005
0200a400000000
01009800000205
01009c00000000
0100a000000005
0200a400000000
01009800000305
01009c00000000
0100a000000005
0200a400000000
01007400001307
02007400001307
01007800000000
01007c00000007
01008000000003
02008400000000
01007800000001
01007c00000007
01008000000003
02008400000000
01007800000002
01007c00000107
01008000000003
02008400000001
01007800000003
01007c00000107
01008000000003
02008400000001
01007800000100
01007c00000007
01008000000003
02008400000000
01007800000101
01007c00000007
01008000000003
02008400000000
01007800000102
01007c00000007
01008000000003
02008400000000
01007800000103
01007c00000007
01008000000003
02008400000000
01008800000000
01008c63654e2c
01009000000003
02009463654e2c
01008800000001
01008c63d759cb
01009000000003
02009463d759cb
01008800000002
01008c63ebac4f
01009000000003
02009463ebac4f
01008800000003
01008c6431a803
01009000000003
0200946431a803
01009800000000
01009c00000000
0100a000000005
0200a400000000
01009800000100
01009c00000000
0100a000000005
0200a400000000
01009800000200
01009c00000000
0100a000000005
0200a400000000
01009800000300
01009c00000000
0100a000000005
0200a400000000
01009800000001
01009c00000000
0100a000000005
0200a400000000
01009800000101
01009c00000000
0100a000000005
0200a400000000
01009800000201
01009c00000000
0100a000000005
0200a400000000
01009800000301
01009c00000000
0100a000000005
0200a400000000
01009800000002
01009c00000000
0100a000000005
0200a400000000
01009800000102
01009c00000000
0100a000000005
0200a400000000
01009800000202
01009c00000000
0100a000000005
0200a400000000
01009800000302
01009c00000000
0100a000000005
0200a400000000
01009800000003
01009c00000000
0100a000000005
0200a400000000
01009800000103
01009c00000000
0100a000000005
0200a400000000
01009800000203
01009c00000000
0100a000000005
0200a400000000
01009800000303
01009c00000000
0100a000000005
0200a400000000
01009800000005
01009c00000000
0100a000000005
0200a400000000
01009800000105
01009c00000000
0100a000000005
0200a400000000
01009800000205
01009c00000000
0100a000000005
0200a400000000
01009800000305
01009c00000000
0100a000000005
0200a400000000
01007400000008
02007400000008
01007800000000
01007c00000107
01008000000003
02008400000001
01007800000001
01007c00000007
01008000000003
02008400000000
01007800000002
01007c00000107
01008000000003
02008400000001
01007800000003
01007c00000107
01008000000003
02008400000001
01007800000100
01007c00000107
01008000000003
02008400000001
01007800000101
01007c00000007
01008000000003
02008400000000
01007800000102
01007c00000007
01008000000003
02008400000000
01007800000103
01007c00000007
01008000000003
02008400000000
01008800000000
01008c644c2458
01009000000003
020094644c2458
01008800000001
01008c647a00b6
01009000000003
020094647a00b6
01008800000002
01008c64a06774
01009000000003
02009464a06774
01008800000003
01008c64b77e87
01009000000003
02009464b77e87
01009800000000
01009c00000000
0100a000000005
0200a400000000
01009800000100
01009c00000000
0100a000000005
0200a400000000
01009800000200
01009c00000000
0100a000000005
0200a400000000
01009800000300
01009c00000000
0100a000000005
0200a400000000
01009800000001
01009c00000000
0100a000000005
0200a400000000
01009800000101
01009c00000000
0100a000000005
0200a400000000
01009800000201
01009c00000000
0100a000000005
0200a400000000
01009800000301
01009c00000000
0100a000000005
0200a400000000
01009800000002
01009c00000000
0100a000000005
0200a400000000
01009800000102
01009c00000000
0100a000000005
0200a400000000
01009800000202
01009c00000000
0100a000000005
0200a400000000
01009800000302
01009c00000000
0100a000000005
0200a400000000
01009800000003
01009c00000000
0100a000000005
0200a400000000
01009800000103
01009c00000000
0100a000000005
0200a400000000
01009800000203
01009c00000000
0100a000000005
0200a400000000
01009800000303
01009c00000000
0100a000000005
0200a400000000
01009800000004
01009c00000000
0100a000000005
0200a400000000
01009800000104
01009c00000000
0100a000000005
0200a400000000
01009800000204
01009c00000000
0100a000000005
0200a400000000
01009800000304
01009c00000000
0100a000000005
0200a400000000
01009800000005
01009c00000000
0100a000000005
0200a400000000
01009800000105
01009c00000000
0100a000000005
0200a400000000
01009800000205
01009c00000000
0100a000000005
0200a400000000
01009800000305
01009c00000000
0100a000000005
0200a400000000
01007400000108
02007400000108
01007800000000
01007c00000007
01008000000003
02008400000000
01007800000001
01007c00000007
01008000000003
02008400000000
01007800000002
01007c00000007
01008000000003
02008400000000
01007800000003
01007c00000007
01008000000003
02008400000000
01007800000100
01007c00000107
01008000000003
02008400000001
01007800000101
01007c00000107
01008000000003
02008400000001
01007800000102
01007c00000007
01008000000003
02008400000000
01007800000103
01007c00000007
01008000000003
02008400000000
01008800000000
01008c64b83feb
01009000000003
02009464b83feb
01008800000001
01008c653a83bf
01009000000003
020094653a83bf
01008800000002
01008c65511055
01009000000003
02009465511055
01008800000003
01008c655a13ef
01009000000003
020094655a13ef
01009800000000
01009c00000000
0100a000000005
0200a400000000
01009800000100
01009c00000000
0100a000000005
0200a400000000
01009800000200
01009c00000000
0100a000000005
0200a400000000
01009800000300
01009c00000000
0100a000000005
0200a400000000
01009800000001
01009c00000000
0100a000000005
0200a400000000
01009800000101
01009c00000000
0100a000000005
0200a400000000
01009800000201
01009c00000000
0100a000000005
0200a400000000
01009800000301
01009c00000000
0100a000000005
0200a400000000
01009800000002
01009c00000000
0100a000000005
0200a400000000
01009800000102
01009c00000000
0100a000000005
0200a400000000
01009800000202
01009c00000000
0100a000000005
0200a400000000
01009800000302
01009c00000000
0100a000000005
0200a400000000
01009800000003
01009c00000000
0100a000000005
0200a400000000
01009800000103
01009c00000000
0100a000000005
0200a400000000
01009800000203
01009c00000000
0100a000000005
0200a400000000
01009800000303
01009c00000000
0100a000000005
0200a400000000
01009800000004
01009c00000000
0100a000000005
0200a400000000
01009800000104
01009c00000000
0100a000000005
0200a400000000
01009800000204
01009c00000000
0100a000000005
0200a400000000
01009800000304
01009c00000000
0100a000000005
0200a400000000
01009800000005
01009c00000000
0100a000000005
0200a400000000
01009800000105
01009c00000000
0100a000000005
0200a400000000
01009800000205
01009c00000000
0100a000000005
0200a400000000
01009800000305
01009c00000000
0100a000000005
0200a400000000
01007400000208
02007400000208
01007800000000
01007c00000107
01008000000003
02008400000001
01007800000001
01007c00000007
01008000000003
02008400000000
01007800000002
01007c00000007
01008000000003
02008400000000
01007800000003
01007c00000107
01008000000003
02008400000001
01007800000100
01007c00000107
01008000000003
02008400000001
01007800000101
01007c00000107
01008000000003
02008400000001
01007800000102
01007c00000007
01008000000003
02008400000000
01007800000103
01007c00000107
01008000000003
02008400000001
01008800000000
01008c658567ce
01009000000003
020094658567ce
01008800000001
01008c658b9f53
01009000000003
020094658b9f53
01008800000002
01008c65b8dce5
01009000000003
02009465b8dce5
01008800000003
01008c65c30a58
01009000000003
02009465c30a58
01009800000000
01009c00000000
0100a000000005
0200a400000000
01009800000100
01009c00000000
0100a000000005
0200a400000000
01009800000200
01009c00000000
0100a000000005
0200a400000000
01009800000300
01009c00000000
0100a000000005
0200a400000000
01009800000001
01009c00000000
0100a000000005
0200a400000000
01009800000101
01009c00000000
0100a000000005
0200a400000000
01009800000201
01009c00000000
0100a000000005
0200a400000000
01009800000301
01009c00000000
0100a000000005
0200a400000000
01009800000002
01009c00000000
0100a000000005
0200a400000000
01009800000102
01009c00000000
0100a000000005
0200a400000000
01009800000202
01009c00000000
0100a000000005
0200a400000000
01009800000302
01009c00000000
0100a000000005
0200a400000000
01009800000003
01009c00000000
0100a000000005
0200a400000000
01009800000103
01009c00000000
0100a000000005
0200a400000000
01009800000203
01009c00000000
0100a000000005
0200a400000000
01009800000303
01009c00000000
0100a000000005
0200a400000000
01009800000004
01009c00000000
0100a000000005
0200a400000000
01009800000104
01009c00000000
0100a000000005
0200a400000000
01009800000204
01009c00000000
0100a000000005
0200a400000000
01009800000304
01009c00000000
0100a000000005
0200a400000000
01009800000005
01009c00000000
0100a000000005
0200a400000000
01009800000105
01009c00000000
0100a000000005
0200a400000000
01009800000205
01009c00000000
0100a000000005
0200a400000000
01009800000305
01009c00000000
0100a000000005
0200a400000000
01007400000308
02007400000308
01007800000000
01007c00000007
01008000000003
02008400000000
01007800000001
01007c00000007
01008000000003
02008400000000
01007800000002
01007c00000007
01008000000003
02008400000000
01007800000003
01007c00000107
01008000000003
02008400000001
01007800000100
01007c00000107
01008000000003
02008400000001
01007800000101
01007c00000007
01008000000003
02008400000000
01007800000102
01007c00000107
01008000000003
02008400000001
01007800000103
01007c00000107
01008000000003
02008400000001
01008800000000
01008c662cc19e
01009000000003
020094662cc19e
01008800000001
01008c6637a70d
01009000000003
0200946637a70d
01008800000002
01008c6648c005
01009000000003
0200946648c005
01008800000003
01008c665064da
01009000000003
020094665064da
01009800000000
01009c00000000
0100a000000005
0200a400000000
01009800000100
01009c00000000
0100a000000005
0200a400000000
01009800000200
01009c00000000
0100a000000005
0200a400000000
01009800000300
01009c00000000
0100a000000005
0200a400000000
01009800000001
01009c00000000
0100a000000005
0200a400000000
01009800000101
01009c00000000
0100a000000005
0200a400000000
01009800000201
01009c00000000
0100a000000005
0200a400000000
01009800000301
01009c00000000
0100a000000005
0200a400000000
01009800000002
01009c00000000
0100a000000005
0200a400000000
01009800000102
01009c00000000
0100a000000005
0200a400000000
01009800000202
01009c00000000
0100a000000005
0200a400000000
01009800000302
01009c00000000
0100a000000005
0200a400000000
01009800000003
01009c00000000
0100a000000005
0200a400000000
01009800000103
01009c00000000
0100a000000005
0200a400000000
01009800000203
01009c00000000
0100a000000005
0200a400000000
01009800000303
01009c00000000
0100a000000005
0200a400000000
01009800000004
01009c00000000
0100a000000005
0200a400000000
01009800000104
01009c00000000
0100a000000005
0200a400000000
01009800000204
01009c00000000
0100a000000005
0200a400000000
01009800000304
01009c00000000
0100a000000005
0200a400000000
01009800000005
01009c00000000
0100a000000005
0200a400000000
01009800000105
01009c00000000
0100a000000005
0200a400000000
01009800000205
01009c00000000
0100a000000005
0200a400000000
01009800000305
01009c00000000
0100a000000005
0200a400000000
01007400000408
02007400000408
01007800000000
01007c00000107
01008000000003
02008400000001
01007800000001
01007c00000007
01008000000003
02008400000000
01007800000002
01007c00000107
01008000000003
02008400000001
01007800000003
01007c00000107
01008000000003
02008400000001
01007800000100
01007c00000107
01008000000003
02008400000001
01007800000101
01007c00000007
01008000000003
02008400000000
01007800000102
01007c00000007
01008000000003
02008400000000
01007800000103
01007c00000007
01008000000003
02008400000000
01008800000000
01008c665fac02
01009000000003
020094665fac02
01008800000001
01008c6677670b
01009000000003
0200946677670b
01008800000002
01008c66ae165f
01009000000003
02009466ae165f
01008800000003
01008c66c0be20
01009000000003
02009466c0be20
01009800000000
01009c00000000
0100a000000005
0200a400000000
01009800000100
01009c00000000
0100a000000005
0200a400000000
01009800000200
01009c00000000
0100a000000005
0200a400000000
01009800000300
01009c00000000
0100a000000005
0200a400000000
01009800000001
01009c00000000
0100a000000005
0200a400000000
01009800000101
01009c00000000
0100a000000005
0200a400000000
01009800000201
01009c00000000
0100a000000005
0200a400000000
01009800000301
01009c00000000
0100a000000005
0200a400000000
01009800000002
01009c00000000
0100a000000005
0200a400000000
01009800000102
01009c00000000
0100a000000005
0200a400000000
01009800000202
01009c00000000
0100a000000005
0200a400000000
01009800000302
01009c00000000
0100a000000005
0200a400000000
01009800000003
01009c00000000
0100a000000005
0200a400000000
01009800000103
01009c00000000
0100a000000005
0200a400000000
01009800000203
01009c00000000
0100a000000005
0200a400000000
01009800000303
01009c00000000
0100a000000005
0200a400000000
01009800000004
01009c00000000
0100a000000005
0200a400000000
01009800000104
01009c00000000
0100a000000005
0200a400000000
01009800000204
01009c00000000
0100a000000005
0200a400000000
01009800000304
01009c00000000
0100a000000005
0200a400000000
01009800000005
01009c00000000
0100a000000005
0200a400000000
01009800000105
01009c00000000
0100a000000005
0200a400000000
01009800000205
01009c00000000
0100a000000005
0200a400000000
01009800000305
01009c00000000
0100a000000005
0200a400000000
01007400000508
02007400000508
01007800000000
01007c00000007
01008000000003
02008400000000
01007800000001
01007c00000107
01008000000003
02008400000001
01007800000002
01007c00000007
01008000000003
02008400000000
01007800000003
01007c00000007
01008000000003
02008400000000
01007800000100
01007c00000107
01008000000003
02008400000001
01007800000101
01007c00000107
01008000000003
02008400000001
01007800000102
01007c00000007
01008000000003
02008400000000
01007800000103
01007c00000107
01008000000003
02008400000001
01008800000000
01008c66ff4e44
01009000000003
02009466ff4e44
01008800000001
01008c6726ac69
01009000000003
0200946726ac69
01008800000002
01008c67658913
01009000000003
02009467658913
01008800000003
01008c67ac752b
01009000000003
02009467ac752b
01009800000000
01009c00000000
0100a000000005
0200a400000000
01009800000100
01009c00000000
0100a000000005
0200a400000000
01009800000200
01009c00000000
0100a000000005
0200a400000000
01009800000300
01009c00000000
0100a000000005
0200a400000000
01009800000001
01009c00000000
0100a000000005
0200a400000000
01009800000101
01009c00000000
0100a000000005
0200a400000000
01009800000201
01009c00000000
0100a000000005
0200a400000000
01009800000301
01009c00000000
0100a000000005
0200a400000000
01009800000002
01009c00000000
0100a000000005
0200a400000000
01009800000102
01009c00000000
0100a000000005
0200a400000000
01009800000202
01009c00000000
0100a000000005
0200a400000000
01009800000302
01009c00000000
0100a000000005
0200a400000000
01009800000003
01009c00000000
0100a000000005
0200a400000000
01009800000103
01009c00000000
0100a000000005
0200a400000000
01009800000203
01009c00000000
0100a000000005
0200a400000000
01009800000303
01009c00000000
0100a000000005
0200a400000000
01009800000004
01009c00000000
0100a000000005
0200a400000000
01009800000104
01009c00000000
0100a000000005
0200a400000000
01009800000204
01009c00000000
0100a000000005
0200a400000000
01009800000304
01009c00000000
0100a000000005
0200a400000000
01009800000005
01009c00000000
0100a000000005
0200a400000000
01009800000105
01009c00000000
0100a000000005
0200a400000000
01009800000205
01009c00000000
0100a000000005
0200a400000000
01009800000305
01009c00000000
0100a000000005
0200a400000000
01007400000608
02007400000608
01007800000000
01007c00000007
01008000000003
02008400000000
01007800000001
01007c00000007
01008000000003
02008400000000
01007800000002
01007c00000107
01008000000003
02008400000001
01007800000003
01007c00000007
01008000000003
02008400000000
01007800000100
01007c00000107
01008000000003
02008400000001
01007800000101
01007c00000107
01008000000003
02008400000001
01007800000102
01007c00000107
01008000000003
02008400000001
01007800000103
01007c00000107
01008000000003
02008400000001
01008800000000
01008c67ae22de
01009000000003
02009467ae22de
01008800000001
01008c67d01177
01009000000003
02009467d01177
01008800000002
01008c680dae20
01009000000003
020094680dae20
01008800000003
01008c682cc409
01009000000003
020094682cc409
01009800000000
01009c00000000
0100a000000005
0200a400000000
01009800000100
01009c00000000
0100a000000005
0200a400000000
01009800000200
01009c00000000
0100a000000005
0200a400000000
01009800000300
01009c00000000
0100a000000005
0200a400000000
01009800000001
01009c00000000
0100a000000005
0200a400000000
01009800000101
01009c00000000
0100a000000005
0200a400000000
01009800000201
01009c00000000
0100a000000005
0200a400000000
01009800000301
01009c00000000
0100a000000005
0200a400000000
01009800000002
01009c00000000
0100a000000005
0200a400000000
01009800000102
01009c00000000
0100a000000005
0200a400000000
01009800000202
01009c00000000
0100a000000005
0200a400000000
01009800000302
01009c00000000
0100a000000005
0200a400000000
01009800000003
01009c00000000
0100a000000005
0200a400000000
01009800000103
01009c00000000
0100a000000005
0200a400000000
01009800000203
01009c00000000
0100a000000005
0200a400000000
01009800000303
01009c00000000
0100a000000005
0200a400000000
01009800000004
01009c00000000
0100a000000005
0200a400000000
01009800000104
01009c00000000
0100a000000005
0200a400000000
01009800000204
01009c00000000
0100a000000005
0200a400000000
01009800000304
01009c00000000
0100a000000005
0200a400000000
01009800000005
01009c00000000
0100a000000005
0200a400000000
01009800000105
01009c00000000
0100a000000005
0200a400000000
01009800000205
01009c00000000
0100a000000005
0200a400000000
01009800000305
01009c00000000
0100a000000005
0200a400000000
01007400000708
02007400000708
01007800000000
01007c00000107
01008000000003
02008400000001
01007800000001
01007c00000107
01008000000003
02008400000001
01007800000002
01007c00000107
01008000000003
02008400000001
01007800000003
01007c00000107
01008000000003
02008400000001
01007800000100
01007c00000107
01008000000003
02008400000001
01007800000101
01007c00000007
01008000000003
02008400000000
01007800000102
01007c00000007
01008000000003
02008400000000
01007800000103
01007c00000007
01008000000003
02008400000000
01008800000000
01008c6845c48d
01009000000003
0200946845c48d
01008800000001
01008c6863ae5b
01009000000003
0200946863ae5b
01008800000002
01008c6866b8ea
01009000000003
0200946866b8ea
01008800000003
01008c68a914e9
01009000000003
02009468a914e9
01009800000000
01009c00000000
0100a000000005
0200a400000000
01009800000100
01009c00000000
0100a000000005
0200a400000000
01009800000200
01009c00000000
0100a000000005
0200a400000000
01009800000300
01009c00000000
0100a000000005
0200a400000000
01009800000001
01009c00000000
0100a000000005
0200a400000000
01009800000101
01009c00000000
0100a000000005
0200a400000000
01009800000201
01009c00000000
0100a000000005
0200a400000000
01009800000301
01009c00000000
0100a000000005
0200a400000000
01009800000002
01009c00000000
0100a000000005
0200a400000000
01009800000102
01009c00000000
0100a000000005
0200a400000000
01009800000202
01009c00000000
0100a000000005
0200a400000000
01009800000302
01009c00000000
0100a000000005
0200a400000000
01009800000003
01009c00000000
0100a000000005
0200a400000000
01009800000103
01009c00000000
0100a000000005
0200a400000000
01009800000203
01009c00000000
0100a000000005
0200a400000000
01009800000303
01009c00000000
0100a000000005
0200a400000000
01009800000004
01009c00000000
0100a000000005
0200a400000000
01009800000104
01009c00000000
0100a000000005
0200a400000000
01009800000204
01009c00000000
0100a000000005
0200a400000000
01009800000304
01009c00000000
0100a000000005
0200a400000000
01009800000005
01009c00000000
0100a000000005
0200a400000000
01009800000105
01009c00000000
0100a000000005
0200a400000000
01009800000205
01009c00000000
0100a000000005
0200a400000000
01009800000305
01009c00000000
0100a000000005
0200a400000000
01007400000808
02007400000808
01007800000000
01007c00000107
01008000000003
02008400000001
01007800000001
01007c00000107
01008000000003
02008400000001
01007800000002
01007c00000007
01008000000003
02008400000000
01007800000003
01007c00000107
01008000000003
02008400000001
01007800000100
01007c00000007
01008000000003
02008400000000
01007800000101
01007c00000007
01008000000003
02008400000000
01007800000102
01007c00000007
01008000000003
02008400000000
01007800000103
01007c00000007
01008000000003
02008400000000
01008800000000
01008c68ae0209
01009000000003
02009468ae0209
01008800000001
01008c68b7807c
01009000000003
02009468b7807c
01008800000002
01008c68cea4e8
01009000000003
02009468cea4e8
01008800000003
01008c68e9761f
01009000000003
02009468e9761f
01009800000000
01009c00000000
0100a000000005
0200a400000000
01009800000100
01009c00000000
0100a000000005
0200a400000000
01009800000200
01009c00000000
0100a000000005
0200a400000000
01009800000300
01009c00000000
0100a000000005
0200a400000000
01009800000001
01009c00000000
0100a000000005
0200a400000000
01009800000101
01009c00000000
0100a000000005
0200a400000000
01009800000201
01009c00000000
0100a000000005
0200a400000000
01009800000301
01009c00000000
0100a000000005
0200a400000000
01009800000002
01009c00000000
0100a000000005
0200a400000000
01009800000102
01009c00000000
0100a000000005
0200a400000000
01009800000202
01009c00000000
0100a000000005
0200a400000000
01009800000302
01009c00000000
0100a000000005
0200a400000000
01009800000003
01009c00000000
0100a000000005
0200a400000000
01009800000103
01009c00000000
0100a000000005
0200a400000000
01009800000203
01009c00000000
0100a000000005
0200a400000000
01009800000303
01009c00000000
0100a000000005
0200a400000000
01009800000004
01009c00000000
0100a000000005
0200a400000000
01009800000104
01009c00000000
0100a000000005
0200a400000000
01009800000204
01009c00000000
0100a000000005
0200a400000000
01009800000304
01009c00000000
0100a000000005
0200a400000000
01009800000005
01009c00000000
0100a000000005
0200a400000000
01009800000105
01009c00000000
0100a000000005
0200a400000000
01009800000205
01009c00000000
0100a000000005
0200a400000000
01009800000305
01009c00000000
0100a000000005
0200a400000000
01007400000908
02007400000908
01007800000000
01007c00000107
01008000000003
02008400000001
01007800000001
01007c00000007
01008000000003
02008400000000
01007800000002
01007c00000007
01008000000003
02008400000000
01007800000003
01007c00000107
01008000000003
02008400000001
01007800000100
01007c00000107
01008000000003
02008400000001
01007800000101
01007c00000007
01008000000003
02008400000000
01007800000102
01007c00000007
01008000000003
02008400000000
01007800000103
01007c00000007
01008000000003
02008400000000
01008800000000
01008c68eccbdb
01009000000003
02009468eccbdb
01008800000001
01008c68fcd874
01009000000003
02009468fcd874
01008800000002
01008c692c4b41
01009000000003
020094692c4b41
01008800000003
01008c69544605
01009000000003
02009469544605
01009800000000
01009c00000000
0100a000000005
0200a400000000
01009800000100
01009c00000000
0100a000000005
0200a400000000
01009800000200
01009c00000000
0100a000000005
0200a400000000
01009800000300
01009c00000000
0100a000000005
0200a400000000
01009800000001
01009c00000000
0100a000000005
0200a400000000
01009800000101
01009c00000000
0100a000000005
0200a400000000
01009800000201
01009c00000000
0100a000000005
0200a400000000
01009800000301
01009c00000000
0100a000000005
0200a400000000
01009800000002
01009c00000000
0100a000000005
0200a400000000
01009800000102
01009c00000000
0100a000000005
0200a400000000
01009800000202
01009c00000000
0100a000000005
0200a400000000
01009800000302
01009c00000000
0100a000000005
0200a400000000
01009800000003
01009c00000000
0100a000000005
0200a400000000
01009800000103
01009c00000000
0100a000000005
0200a400000000
01009800000203
01009c00000000
0100a000000005
0200a400000000
01009800000303
01009c00000000
0100a000000005
0200a400000000
01009800000004
01009c00000000
0100a000000005
0200a400000000
01009800000104
01009c00000000
0100a000000005
0200a400000000
01009800000204
01009c00000000
0100a000000005
0200a400000000
01009800000304
01009c00000000
0100a000000005
0200a400000000
01009800000005
01009c00000000
0100a000000005
0200a400000000
01009800000105
01009c00000000
0100a000000005
0200a400000000
01009800000205
01009c00000000
0100a000000005
0200a400000000
01009800000305
01009c00000000
0100a000000005
0200a400000000
01007400000a08
02007400000a08
01007800000000
01007c00000107
01008000000003
02008400000001
01007800000001
01007c00000007
01008000000003
02008400000000
01007800000002
01007c00000107
01008000000003
02008400000001
01007800000003
01007c00000107
01008000000003
02008400000001
01007800000100
01007c00000107
01008000000003
02008400000001
01007800000101
01007c00000107
01008000000003
02008400000001
01007800000102
01007c00000007
01008000000003
02008400000000
01007800000103
01007c00000107
01008000000003
02008400000001
01008800000000
01008c697401ca
01009000000003
020094697401ca
01008800000001
01008c69786b2a
01009000000003
02009469786b2a
01008800000002
01008c698a5e02
01009000000003
020094698a5e02
01008800000003
01008c69b8f2fd
01009000000003
02009469b8f2fd
01009800000000
01009c00000000
0100a000000005
0200a400000000
01009800000100
01009c00000000
0100a000000005
0200a400000000
01009800000200
01009c00000000
0100a000000005
0200a400000000
01009800000300
01009c00000000
0100a000000005
0200a400000000
01009800000001
01009c00000000
0100a000000005
0200a400000000
01009800000101
01009c00000000
0100a000000005
0200a400000000
01009800000201
01009c00000000
0100a000000005
0200a400000000
01009800000301
01009c00000000
0100a000000005
0200a400000000
01009800000002
01009c00000000
0100a000000005
0200a400000000
01009800000102
01009c00000000
0100a000000005
0200a400000000
01009800000202
01009c00000000
0100a000000005
0200a400000000
01009800000302
01009c00000000
0100a000000005
0200a400000000
01009800000003
01009c00000000
0100a000000005
0200a400000000
01009800000103
01009c00000000
0100a000000005
0200a400000000
01009800000203
01009c00000000
0100a000000005
0200a400000000
01009800000303
01009c00000000
0100a000000005
0200a400000000
01009800000004
01009c00000000
0100a000000005
0200a400000000
01009800000104
01009c00000000
0100a000000005
0200a400000000
01009800000204
01009c00000000
0100a000000005
0200a400000000
01009800000304
01009c00000000
0100a000000005
0200a400000000
01009800000005
01009c00000000
0100a000000005
0200a400000000
01009800000105
01009c00000000
0100a000000005
0200a400000000
01009800000205
01009c00000000
0100a000000005
0200a400000000
01009800000305
01009c00000000
0100a000000005
0200a400000000
01007400000b08
02007400000b08
01007800000000
01007c00000007
01008000000003
02008400000000
01007800000001
01007c00000107
01008000000003
02008400000001
01007800000002
01007c00000007
01008000000003
02008400000000
01007800000003
01007c00000007
01008000000003
02008400000000
01007800000100
01007c00000107
01008000000003
02008400000001
01007800000101
01007c00000107
01008000000003
02008400000001
01007800000102
01007c00000107
01008000000003
02008400000001
01007800000103
01007c00000007
01008000000003
02008400000000
01008800000000
01008c6a1d304b
01009000000003
0200946a1d304b
01008800000001
01008c6a3e996d
01009000000003
0200946a3e996d
01008800000002
01008c6a6c8b90
01009000000003
0200946a6c8b90
01008800000003
01008c6a798470
01009000000003
0200946a798470
01009800000000
01009c00000000
0100a000000005
0200a400000000
01009800000100
01009c00000000
0100a000000005
0200a400000000
01009800000200
01009c00000000
0100a000000005
0200a400000000
01009800000300
01009c00000000
0100a000000005
0200a400000000
01009800000001
01009c00000000
0100a000000005
0200a400000000
01009800000101
01009c00000000
0100a000000005
0200a400000000
01009800000201
01009c00000000
0100a000000005
0200a400000000
01009800000301
01009c00000000
0100a000000005
0200a400000000
01009800000002
01009c00000000
0100a000000005
0200a400000000
01009800000102
01009c00000000
0100a000000005
0200a400000000
01009800000202
01009c00000000
0100a000000005
0200a400000000
01009800000302
01009c00000000
0100a000000005
0200a400000000
01009800000003
01009c00000000
0100a000000005
0200a400000000
01009800000103
01009c00000000
0100a000000005
0200a400000000
01009800000203
01009c00000000
0100a000000005
0200a400000000
01009800000303
01009c00000000
0100a000000005
0200a400000000
01009800000004
01009c00000000
0100a000000005
0200a400000000
01009800000104
01009c00000000
0100a000000005
0200a400000000
01009800000204
01009c00000000
0100a000000005
0200a400000000
01009800000304
01009c00000000
0100a000000005
0200a400000000
01009800000005
01009c00000000
0100a000000005
0200a400000000
01009800000105
01009c00000000
0100a000000005
0200a400000000
01009800000205
01009c00000000
0100a000000005
0200a400000000
01009800000305
01009c00000000
0100a000000005
0200a400000000
01007400000c08
02007400000c08
01007800000000
01007c00000007
01008000000003
02008400000000
01007800000001
01007c00000007
01008000000003
02008400000000
01007800000002
01007c00000107
01008000000003
02008400000001
01007800000003
01007c00000007
01008000000003
02008400000000
01007800000100
01007c00000107
01008000000003
02008400000001
01007800000101
01007c00000107
01008000000003
02008400000001
01007800000102
01007c00000107
01008000000003
02008400000001
01007800000103
01007c00000007
01008000000003
02008400000000
01008800000000
01008c6ab3b71e
01009000000003
0200946ab3b71e
01008800000001
01008c6abac398
01009000000003
0200946abac398
01008800000002
01008c6b314a1e
01009000000003
0200946b314a1e
01008800000003
01008c6b7ff9fc
01009000000003
0200946b7ff9fc
01009800000000
01009c00000000
0100a000000005
0200a400000000
01009800000100
01009c00000000
0100a000000005
0200a400000000
01009800000200
01009c00000000
0100a000000005
0200a400000000
01009800000300
01009c00000000
0100a000000005
0200a400000000
01009800000001
01009c00000000
0100a000000005
0200a400000000
01009800000101
01009c00000000
0100a000000005
0200a400000000
01009800000201
01009c00000000
0100a000000005
0200a400000000
01009800000301
01009c00000000
0100a000000005
0200a400000000
01009800000002
01009c00000000
0100a000000005
0200a400000000
01009800000102
01009c00000000
0100a000000005
0200a400000000
01009800000202
01009c00000000
0100a000000005
0200a400000000
01009800000302
01009c00000000
0100a000000005
0200a400000000
01009800000003
01009c00000000
0100a000000005
0200a400000000
01009800000103
01009c00000000
0100a000000005
0200a400000000
01009800000203
01009c00000000
0100a000000005
0200a400000000
01009800000303
01009c00000000
0100a000000005
0200a400000000
01009800000004
01009c00000000
0100a000000005
0200a400000000
01009800000104
01009c00000000
0100a000000005
0200a400000000
01009800000204
01009c00000000
0100a000000005
0200a400000000
01009800000304
01009c00000000
0100a000000005
0200a400000000
01009800000005
01009c00000000
0100a000000005
0200a400000000
01009800000105
01009c00000000
0100a000000005
0200a400000000
01009800000205
01009c00000000
0100a000000005
0200a400000000
01009800000305
01009c00000000
0100a000000005
0200a400000000
01007400000d08
02007400000d08
01007800000000
01007c00000107
01008000000003
02008400000001
01007800000001
01007c00000007
01008000000003
02008400000000
01007800000002
01007c00000007
01008000000003
02008400000000
01007800000003
01007c00000007
01008000000003
02008400000000
01007800000100
01007c00000107
01008000000003
02008400000001
01007800000101
01007c00000007
01008000000003
02008400000000
01007800000102
01007c00000107
01008000000003
02008400000001
01007800000103
01007c00000007
01008000000003
02008400000000
01008800000000
01008c6b9e13c6
01009000000003
0200946b9e13c6
01008800000001
01008c6ba34fa2
01009000000003
0200946ba34fa2
01008800000002
01008c6bf98f19
01009000000003
0200946bf98f19
01008800000003
01008c6c2087f0
01009000000003
0200946c2087f0
01009800000000
01009c00000000
0100a000000005
0200a400000000
01009800000100
01009c00000000
0100a000000005
0200a400000000
01009800000200
01009c00000000
0100a000000005
0200a400000000
01009800000300
01009c00000000
0100a000000005
0200a400000000
01009800000001
01009c00000000
0100a000000005
0200a400000000
01009800000101
01009c00000000
0100a000000005
0200a400000000
01009800000201
01009c00000000
0100a000000005
0200a400000000
01009800000301
01009c00000000
0100a000000005
0200a400000000
01009800000002
01009c00000000
0100a000000005
0200a400000000
01009800000102
01009c00000000
0100a000000005
0200a400000000
01009800000202
01009c00000000
0100a000000005
0200a400000000
01009800000302
01009c00000000
0100a000000005
0200a400000000
01009800000003
01009c00000000
0100a000000005
0200a400000000
01009800000103
01009c00000000
0100a000000005
0200a400000000
01009800000203
01009c00000000
0100a000000005
0200a400000000
01009800000303
01009c00000000
0100a000000005
0200a400000000
01009800000004
01009c00000000
0100a000000005
0200a400000000
01009800000104
01009c00000000
0100a000000005
0200a400000000
01009800000204
01009c00000000
0100a000000005
0200a400000000
01009800000304
01009c00000000
0100a000000005
0200a400000000
01009800000005
01009c00000000
0100a000000005
0200a400000000
01009800000105
01009c00000000
0100a000000005
0200a400000000
01009800000205
01009c00000000
0100a000000005
0200a400000000
01009800000305
01009c00000000
0100a000000005
0200a400000000
01007400000e08
02007400000e08
01007800000000
01007c00000007
01008000000003
02008400000000
01007800000001
01007c00000007
01008000000003
02008400000000
01007800000002
01007c00000007
01008000000003
02008400000000
01007800000003
01007c00000007
01008000000003
02008400000000
01007800000100
01007c00000007
01008000000003
02008400000000
01007800000101
01007c00000107
01008000000003
02008400000001
01007800000102
01007c00000107
01008000000003
02008400000001
01007800000103
01007c00000107
01008000000003
02008400000001
01008800000000
01008c6c2d0edf
01009000000003
0200946c2d0edf
01008800000001
01008c6c40b142
01009000000003
0200946c40b142
01008800000002
01008c6c4e8010
01009000000003
0200946c4e8010
01008800000003
01008c6cacc70d
01009000000003
0200946cacc70d
01009800000000
01009c00000000
0100a000000005
0200a400000000
01009800000100
01009c00000000
0100a000000005
0200a400000000
01009800000200
01009c00000000
0100a000000005
0200a400000000
01009800000300
01009c00000000
0100a000000005
0200a400000000
01009800000001
01009c00000000
0100a000000005
0200a400000000
01009800000101
01009c00000000
0100a000000005
0200a400000000
01009800000201
01009c00000000
0100a000000005
0200a400000000
01009800000301
01009c00000000
0100a000000005
0200a400000000
01009800000002
01009c00000000
0100a000000005
0200a400000000
01009800000102
01009c00000000
0100a000000005
0200a400000000
01009800000202
01009c00000000
0100a000000005
0200a400000000
01009800000302
01009c00000000
0100a000000005
0200a400000000
01009800000003
01009c00000000
0100a000000005
0200a400000000
01009800000103
01009c00000000
0100a000000005
0200a400000000
01009800000203
01009c00000000
0100a000000005
0200a400000000
01009800000303
01009c00000000
0100a000000005
0200a400000000
01009800000004
01009c00000000
0100a000000005
0200a400000000
01009800000104
01009c00000000
0100a000000005
0200a400000000
01009800000204
01009c00000000
0100a000000005
0200a400000000
01009800000304
01009c00000000
0100a000000005
0200a400000000
01009800000005
01009c00000000
0100a000000005
0200a400000000
01009800000105
01009c00000000
0100a000000005
0200a400000000
01009800000205
01009c00000000
0100a000000005
0200a400000000
01009800000305
01009c00000000
0100a000000005
0200a400000000
01007400000f08
02007400000f08
01007800000000
01007c00000107
01008000000003
02008400000001
01007800000001
01007c00000107
01008000000003
02008400000001
01007800000002
01007c00000107
01008000000003
02008400000001
01007800000003
01007c00000107
01008000000003
02008400000001
01007800000100
01007c00000007
01008000000003
02008400000000
01007800000101
01007c00000007
01008000000003
02008400000000
01007800000102
01007c00000007
01008000000003
02008400000000
01007800000103
01007c00000007
01008000000003
02008400000000
01008800000000
01008c6cd7cf4c
01009000000003
0200946cd7cf4c
01008800000001
01008c6cedb9ea
01009000000003
0200946cedb9ea
01008800000002
01008c6d0be7fc
01009000000003
0200946d0be7fc
01008800000003
01008c6d2b9508
01009000000003
0200946d2b9508
01009800000000
01009c00000000
0100a000000005
0200a400000000
01009800000100
01009c00000000
0100a000000005
0200a400000000
01009800000200
01009c00000000
0100a000000005
0200a400000000
01009800000300
01009c00000000
0100a000000005
0200a400000000
01009800000001
01009c00000000
0100a000000005
0200a400000000
01009800000101
01009c00000000
0100a000000005
0200a400000000
01009800000201
01009c00000000
0100a000000005
0200a400000000
01009800000301
01009c00000000
0100a000000005
0200a400000000
01009800000002
01009c00000000
0100a000000005
0200a400000000
01009800000102
01009c00000000
0100a000000005
0200a400000000
01009800000202
01009c00000000
0100a000000005
0200a400000000
01009800000302
01009c00000000
0100a000000005
0200a400000000
01009800000003
01009c00000000
0100a000000005
0200a400000000
01009800000103
01009c00000000
0100a000000005
0200a400000000
01009800000203
01009c00000000
0100a000000005
0200a400000000
01009800000303
01009c00000000
0100a000000005
0200a400000000
01009800000004
01009c00000000
0100a000000005
0200a400000000
01009800000104
01009c00000000
0100a000000005
0200a400000000
01009800000204
01009c00000000
0100a000000005
0200a400000000
01009800000304
01009c00000000
0100a000000005
0200a400000000
01009800000005
01009c00000000
0100a000000005
0200a400000000
01009800000105
01009c00000000
0100a000000005
0200a400000000
01009800000205
01009c00000000
0100a000000005
0200a400000000
01009800000305
01009c00000000
0100a000000005
0200a400000000
01007400001008
02007400001008
01007800000000
01007c00000007
01008000000003
02008400000000
01007800000001
01007c00000007
01008000000003
02008400000000
01007800000002
01007c00000007
01008000000003
02008400000000
01007800000003
01007c00000007
01008000000003
02008400000000
01007800000100
01007c00000007
01008000000003
02008400000000
01007800000101
01007c00000107
01008000000003
02008400000001
01007800000102
01007c00000007
01008000000003
02008400000000
01007800000103
01007c00000107
01008000000003
02008400000001
01008800000000
01008c6d4b60ac
01009000000003
0200946d4b60ac
01008800000001
01008c6d644e7f
01009000000003
0200946d644e7f
01008800000002
01008c6d706a2d
01009000000003
0200946d706a2d
01008800000003
01008c6d7e5074
01009000000003
0200946d7e5074
01009800000000
01009c00000000
0100a000000005
0200a400000000
01009800000100
01009c00000000
0100a000000005
0200a400000000
01009800000200
01009c00000000
0100a000000005
0200a400000000
01009800000300
01009c00000000
0100a000000005
0200a400000000
01009800000001
01009c00000000
0100a000000005
0200a400000000
01009800000101
01009c00000000
0100a000000005
0200a400000000
01009800000201
01009c00000000
0100a000000005
0200a400000000
01009800000301
01009c00000000
0100a000000005
0200a400000000
01009800000002
01009c00000000
0100a000000005
0200a400000000
01009800000102
01009c00000000
0100a000000005
0200a400000000
01009800000202
01009c00000000
0100a000000005
0200a400000000
01009800000302
01009c00000000
0100a000000005
0200a400000000
01009800000003
01009c00000000
0100a000000005
0200a400000000
01009800000103
01009c00000000
0100a000000005
0200a400000000
01009800000203
01009c00000000
0100a000000005
0200a400000000
01009800000303
01009c00000000
0100a000000005
0200a400000000
01009800000004
01009c00000000
0100a000000005
0200a400000000
01009800000104
01009c00000000
0100a000000005
0200a400000000
01009800000204
01009c00000000
0100a000000005
0200a400000000
01009800000304
01009c00000000
0100a000000005
0200a400000000
01009800000005
01009c00000000
0100a000000005
0200a400000000
01009800000105
01009c00000000
0100a000000005
0200a400000000
01009800000205
01009c00000000
0100a000000005
0200a400000000
01009800000305
01009c00000000
0100a000000005
0200a400000000
01007400001108
02007400001108
01007800000000
01007c00000007
01008000000003
02008400000000
01007800000001
01007c00000107
01008000000003
02008400000001
01007800000002
01007c00000107
01008000000003
02008400000001
01007800000003
01007c00000107
01008000000003
02008400000001
01007800000100
01007c00000007
01008000000003
02008400000000
01007800000101
01007c00000007
01008000000003
02008400000000
01007800000102
01007c00000007
01008000000003
02008400000000
01007800000103
01007c00000107
01008000000003
02008400000001
01008800000000
01008c6dec4645
01009000000003
0200946dec4645
01008800000001
01008c6dfa457a
01009000000003
0200946dfa457a
01008800000002
01008c6e01c46f
01009000000003
0200946e01c46f
01008800000003
01008c6e1d0576
01009000000003
0200946e1d0576
01009800000000
01009c00000000
0100a000000005
0200a400000000
01009800000100
01009c00000000
0100a000000005
0200a400000000
01009800000200
01009c00000000
0100a000000005
0200a400000000
01009800000300
01009c00000000
0100a000000005
0200a400000000
01009800000001
01009c00000000
0100a000000005
0200a400000000
01009800000101
01009c00000000
0100a000000005
0200a400000000
01009800000201
01009c00000000
0100a000000005
0200a400000000
01009800000301
01009c00000000
0100a000000005
0200a400000000
01009800000002
01009c00000000
0100a000000005
0200a400000000
01009800000102
01009c00000000
0100a000000005
0200a400000000
01009800000202
01009c00000000
0100a000000005
0200a400000000
01009800000302
01009c00000000
0100a000000005
0200a400000000
01009800000003
01009c00000000
0100a000000005
0200a400000000
01009800000103
01009c00000000
0100a000000005
0200a400000000
01009800000203
01009c00000000
0100a000000005
0200a400000000
01009800000303
01009c00000000
0100a000000005
0200a400000000
01009800000004
01009c00000000
0100a000000005
0200a400000000
01009800000104
01009c00000000
0100a000000005
0200a400000000
01009800000204
01009c00000000
0100a000000005
0200a400000000
01009800000304
01009c00000000
0100a000000005
0200a400000000
01009800000005
01009c00000000
0100a000000005
0200a400000000
01009800000105
01009c00000000
0100a000000005
0200a400000000
01009800000205
01009c00000000
0100a000000005
0200a400000000
01009800000305
01009c00000000
0100a000000005
0200a400000000
01007400001208
02007400001208
01007800000000
01007c00000007
01008000000003
02008400000000
01007800000001
01007c00000007
01008000000003
02008400000000
01007800000002
01007c00000007
01008000000003
02008400000000
01007800000003
01007c00000007
01008000000003
02008400000000
01007800000100
01007c00000007
01008000000003
02008400000000
01007800000101
01007c00000107
01008000000003
02008400000001
01007800000102
01007c00000007
01008000000003
02008400000000
01007800000103
01007c00000007
01008000000003
02008400000000
01008800000000
01008c6e73ab0a
01009000000003
0200946e73ab0a
01008800000001
01008c6ea6cbe9
01009000000003
0200946ea6cbe9
01008800000002
01008c6ea9f02c
01009000000003
0200946ea9f02c
01008800000003
01008c6ec72904
01009000000003
0200946ec72904
01009800000000
01009c00000000
0100a000000005
0200a400000000
01009800000100
01009c00000000
0100a000000005
0200a400000000
01009800000200
01009c00000000
0100a000000005
0200a400000000
01009800000300
01009c00000000
0100a000000005
0200a400000000
01009800000001
01009c00000000
0100a000000005
0200a400000000
01009800000101
01009c00000000
0100a000000005
0200a400000000
01009800000201
01009c00000000
0100a000000005
0200a400000000
01009800000301
01009c00000000
0100a000000005
0200a400000000
01009800000002
01009c00000000
0100a000000005
0200a400000000
01009800000102
01009c00000000
0100a000000005
0200a400000000
01009800000202
01009c00000000
0100a000000005
0200a400000000
01009800000302
01009c00000000
0100a000000005
0200a400000000
01009800000003
01009c00000000
0100a000000005
0200a400000000
01009800000103
01009c00000000
0100a000000005
0200a400000000
01009800000203
01009c00000000
0100a000000005
0200a400000000
01009800000303
01009c00000000
0100a000000005
0200a400000000
01009800000004
01009c00000000
0100a000000005
0200a400000000
01009800000104
01009c00000000
0100a000000005
0200a400000000
01009800000204
01009c00000000
0100a000000005
0200a400000000
01009800000304
01009c00000000
0100a000000005
0200a400000000
01009800000005
01009c00000000
0100a000000005
0200a400000000
01009800000105
01009c00000000
0100a000000005
0200a400000000
01009800000205
01009c00000000
0100a000000005
0200a400000000
01009800000305
01009c00000000
0100a000000005
0200a400000000
01007400001308
02007400001308
01007800000000
01007c00000107
01008000000003
02008400000001
01007800000001
01007c00000007
01008000000003
02008400000000
01007800000002
01007c00000007
01008000000003
02008400000000
01007800000003
01007c00000007
01008000000003
02008400000000
01007800000100
01007c00000007
01008000000003
02008400000000
01007800000101
01007c00000107
01008000000003
02008400000001
01007800000102
01007c00000107
01008000000003
02008400000001
01007800000103
01007c00000107
01008000000003
02008400000001
01008800000000
01008c6f02bd71
01009000000003
0200946f02bd71
01008800000001
01008c6f9b8aa9
01009000000003
0200946f9b8aa9
01008800000002
01008c6fa131f8
01009000000003
0200946fa131f8
01008800000003
01008c6fe6e87b
01009000000003
0200946fe6e87b
01009800000000
01009c00000000
0100a000000005
0200a400000000
01009800000100
01009c00000000
0100a000000005
0200a400000000
01009800000200
01009c00000000
0100a000000005
0200a400000000
01009800000300
01009c00000000
0100a000000005
0200a400000000
01009800000001
01009c00000000
0100a000000005
0200a400000000
01009800000101
01009c00000000
0100a000000005
0200a400000000
01009800000201
01009c00000000
0100a000000005
0200a400000000
01009800000301
01009c00000000
0100a000000005
0200a400000000
01009800000002
01009c00000000
0100a000000005
0200a400000000
01009800000102
01009c00000000
0100a000000005
0200a400000000
01009800000202
01009c00000000
0100a000000005
0200a400000000
01009800000302
01009c00000000
0100a000000005
0200a400000000
01009800000003
01009c00000000
0100a000000005
0200a400000000
01009800000103
01009c00000000
0100a000000005
0200a400000000
01009800000203
01009c00000000
0100a000000005
0200a400000000
01009800000303
01009c00000000
0100a000000005
0200a400000000
01009800000005
01009c00000000
0100a000000005
0200a400000000
01009800000105
01009c00000000
0100a000000005
0200a400000000
01009800000205
01009c00000000
0100a000000005
0200a400000000
01009800000305
01009c00000000
0100a000000005
0200a400000000
01007400000009
02007400000009
01007800000000
01007c00000107
01008000000003
02008400000001
01007800000001
01007c00000107
01008000000003
02008400000001
01007800000002
01007c00000007
01008000000003
02008400000000
01007800000003
01007c00000107
01008000000003
02008400000001
01007800000100
01007c00000107
01008000000003
02008400000001
01007800000101
01007c00000007
01008000000003
02008400000000
01007800000102
01007c00000107
01008000000003
02008400000001
01007800000103
01007c00000007
01008000000003
02008400000000
01008800000000
01008c6ffc5cfc
01009000000003
0200946ffc5cfc
01008800000001
01008c7045eea5
01009000000003
0200947045eea5
01008800000002
01008c704f51c3
01009000000003
020094704f51c3
01008800000003
01008c70525767
01009000000003
02009470525767
01009800000000
01009c00000000
0100a000000005
0200a400000000
01009800000100
01009c00000000
0100a000000005
0200a400000000
01009800000200
01009c00000000
0100a000000005
0200a400000000
01009800000300
01009c00000000
0100a000000005
0200a400000000
01009800000001
01009c00000000
0100a000000005
0200a400000000
01009800000101
01009c00000000
0100a000000005
0200a400000000
01009800000201
01009c00000000
0100a000000005
0200a400000000
01009800000301
01009c00000000
0100a000000005
0200a400000000
01009800000002
01009c00000000
0100a000000005
0200a400000000
01009800000102
01009c00000000
0100a000000005
0200a400000000
01009800000202
01009c00000000
0100a000000005
0200a400000000
01009800000302
01009c00000000
0100a000000005
0200a400000000
01009800000003
01009c00000000
0100a000000005
0200a400000000
01009800000103
01009c00000000
0100a000000005
0200a400000000
01009800000203
01009c00000000
0100a000000005
0200a400000000
01009800000303
01009c00000000
0100a000000005
0200a400000000
01009800000004
01009c00000000
0100a000000005
0200a400000000
01009800000104
01009c00000000
0100a000000005
0200a400000000
01009800000204
01009c00000000
0100a000000005
0200a400000000
01009800000304
01009c00000000
0100a000000005
0200a400000000
01009800000005
01009c00000000
0100a000000005
0200a400000000
01009800000105
01009c00000000
0100a000000005
0200a400000000
01009800000205
01009c00000000
0100a000000005
0200a400000000
01009800000305
01009c00000000
0100a000000005
0200a400000000
01007400000109
02007400000109
01007800000000
01007c00000107
01008000000003
02008400000001
01007800000001
01007c00000007
01008000000003
02008400000000
01007800000002
01007c00000007
01008000000003
02008400000000
01007800000003
01007c00000007
01008000000003
02008400000000
01007800000100
01007c00000007
01008000000003
02008400000000
01007800000101
01007c00000007
01008000000003
02008400000000
01007800000102
01007c00000107
01008000000003
02008400000001
01007800000103
01007c00000007
01008000000003
02008400000000
01008800000000
01008c7092203f
01009000000003
0200947092203f
01008800000001
01008c70acb310
01009000000003
02009470acb310
01008800000002
01008c70d96af9
01009000000003
02009470d96af9
01008800000003
01008c71708454
01009000000003
02009471708454
01009800000000
01009c00000000
0100a000000005
0200a400000000
01009800000100
01009c00000000
0100a000000005
0200a400000000
01009800000200
01009c00000000
0100a000000005
0200a400000000
01009800000300
01009c00000000
0100a000000005
0200a400000000
01009800000001
01009c00000000
0100a000000005
0200a400000000
01009800000101
01009c00000000
0100a000000005
0200a400000000
01009800000201
01009c00000000
0100a000000005
0200a400000000
01009800000301
01009c00000000
0100a000000005
0200a400000000
01009800000002
01009c00000000
0100a000000005
0200a400000000
01009800000102
01009c00000000
0100a000000005
0200a400000000
01009800000202
01009c00000000
0100a000000005
0200a400000000
01009800000302
01009c00000000
0100a000000005
0200a400000000
01009800000003
01009c00000000
0100a000000005
0200a400000000
01009800000103
01009c00000000
0100a000000005
0200a400000000
01009800000203
01009c00000000
0100a000000005
0200a400000000
01009800000303
01009c00000000
0100a000000005
0200a400000000
01009800000004
01009c00000000
0100a000000005
0200a400000000
01009800000104
01009c00000000
0100a000000005
0200a400000000
01009800000204
01009c00000000
0100a000000005
0200a400000000
01009800000304
01009c00000000
0100a000000005
0200a400000000
01009800000005
01009c00000000
0100a000000005
0200a400000000
01009800000105
01009c00000000
0100a000000005
0200a400000000
01009800000205
01009c00000000
0100a000000005
0200a400000000
01009800000305
01009c00000000
0100a000000005
0200a400000000
01007400000209
02007400000209
01007800000000
01007c00000107
01008000000003
02008400000001
01007800000001
01007c00000107
01008000000003
02008400000001
01007800000002
01007c00000007
01008000000003
02008400000000
01007800000003
01007c00000007
01008000000003
02008400000000
01007800000100
01007c00000107
01008000000003
02008400000001
01007800000101
01007c00000107
01008000000003
02008400000001
01007800000102
01007c00000107
01008000000003
02008400000001
01007800000103
01007c00000107
01008000000003
02008400000001
01008800000000
01008c718711dc
01009000000003
020094718711dc
01008800000001
01008c718a55f1
01009000000003
020094718a55f1
01008800000002
01008c71eec184
01009000000003
02009471eec184
01008800000003
01008c722a3a99
01009000000003
020094722a3a99
01009800000000
01009c00000000
0100a000000005
0200a400000000
01009800000100
01009c00000000
0100a000000005
0200a400000000
01009800000200
01009c00000000
0100a000000005
0200a400000000
01009800000300
01009c00000000
0100a000000005
0200a400000000
01009800000001
01009c00000000
0100a000000005
0200a400000000
01009800000101
01009c00000000
0100a000000005
0200a400000000
01009800000201
01009c00000000
0100a000000005
0200a400000000
01009800000301
01009c00000000
0100a000000005
0200a400000000
01009800000002
01009c00000000
0100a000000005
0200a400000000
01009800000102
01009c00000000
0100a000000005
0200a400000000
01009800000202
01009c00000000
0100a000000005
0200a400000000
01009800000302
01009c00000000
0100a000000005
0200a400000000
01009800000003
01009c00000000
0100a000000005
0200a400000000
01009800000103
01009c00000000
0100a000000005
0200a400000000
01009800000203
01009c00000000
0100a000000005
0200a400000000
01009800000303
01009c00000000
0100a000000005
0200a400000000
01009800000004
01009c00000000
0100a000000005
0200a400000000
01009800000104
01009c00000000
0100a000000005
0200a400000000
01009800000204
01009c00000000
0100a000000005
0200a400000000
01009800000304
01009c00000000
0100a000000005
0200a400000000
01009800000005
01009c00000000
0100a000000005
0200a400000000
01009800000105
01009c00000000
0100a000000005
0200a400000000
01009800000205
01009c00000000
0100a000000005
0200a400000000
01009800000305
01009c00000000
0100a000000005
0200a400000000
01007400000309
02007400000309
01007800000000
01007c00000107
01008000000003
02008400000001
01007800000001
01007c00000107
01008000000003
02008400000001
01007800000002
01007c00000107
01008000000003
02008400000001
01007800000003
01007c00000007
01008000000003
02008400000000
01007800000100
01007c00000007
01008000000003
02008400000000
01007800000101
01007c00000107
01008000000003
02008400000001
01007800000102
01007c00000107
01008000000003
02008400000001
01007800000103
01007c00000107
01008000000003
02008400000001
01008800000000
01008c72521458
01009000000003
02009472521458
01008800000001
01008c72759d12
01009000000003
02009472759d12
01008800000002
01008c72d46b59
01009000000003
02009472d46b59
01008800000003
01008c731b00e0
01009000000003
020094731b00e0
01009800000000
01009c00000000
0100a000000005
0200a400000000
01009800000100
01009c00000000
0100a000000005
0200a400000000
01009800000200
01009c00000000
0100a000000005
0200a400000000
01009800000300
01009c00000000
0100a000000005
0200a400000000
01009800000001
01009c00000000
0100a000000005
0200a400000000
01009800000101
01009c00000000
0100a000000005
0200a400000000
01009800000201
01009c00000000
0100a000000005
0200a400000000
01009800000301
01009c00000000
0100a000000005
0200a400000000
01009800000002
01009c00000000
0100a000000005
0200a400000000
01009800000102
01009c00000000
0100a000000005
0200a400000000
01009800000202
01009c00000000
0100a000000005
0200a400000000
01009800000302
01009c00000000
0100a000000005
0200a400000000
01009800000003
01009c00000000
0100a000000005
0200a400000000
01009800000103
01009c00000000
0100a000000005
0200a400000000
01009800000203
01009c00000000
0100a000000005
0200a400000000
01009800000303
01009c00000000
0100a000000005
0200a400000000
01009800000004
01009c00000000
0100a000000005
0200a400000000
01009800000104
01009c00000000
0100a000000005
0200a400000000
01009800000204
01009c00000000
0100a000000005
0200a400000000
01009800000304
01009c00000000
0100a000000005
0200a400000000
01009800000005
01009c00000000
0100a000000005
0200a400000000
01009800000105
01009c00000000
0100a000000005
0200a400000000
01009800000205
01009c00000000
0100a000000005
0200a400000000
01009800000305
01009c00000000
0100a000000005
0200a400000000
01007400000409
02007400000409
01007800000000
01007c00000107
01008000000003
02008400000001
01007800000001
01007c00000107
01008000000003
02008400000001
01007800000002
01007c00000007
01008000000003
02008400000000
01007800000003
01007c00000007
01008000000003
02008400000000
01007800000100
01007c00000007
01008000000003
02008400000000
01007800000101
01007c00000007
01008000000003
02008400000000
01007800000102
01007c00000007
01008000000003
02008400000000
01007800000103
01007c00000107
01008000000003
02008400000001
01008800000000
01008c73270fa2
01009000000003
02009473270fa2
01008800000001
01008c736a29dd
01009000000003
020094736a29dd
01008800000002
01008c738ab227
01009000000003
020094738ab227
01008800000003
01008c73e9853d
01009000000003
02009473e9853d
01009800000000
01009c00000000
0100a000000005
0200a400000000
01009800000100
01009c00000000
0100a000000005
0200a400000000
01009800000200
01009c00000000
0100a000000005
0200a400000000
01009800000300
01009c00000000
0100a000000005
0200a400000000
01009800000001
01009c00000000
0100a000000005
0200a400000000
01009800000101
01009c00000000
0100a000000005
0200a400000000
01009800000201
01009c00000000
0100a000000005
0200a400000000
01009800000301
01009c00000000
0100a000000005
0200a400000000
01009800000002
01009c00000000
0100a000000005
0200a400000000
01009800000102
01009c00000000
0100a000000005
0200a400000000
01009800000202
01009c00000000
0100a000000005
0200a400000000
01009800000302
01009c00000000
0100a000000005
0200a400000000
01009800000003
01009c00000000
0100a000000005
0200a400000000
01009800000103
01009c00000000
0100a000000005
0200a400000000
01009800000203
01009c00000000
0100a000000005
0200a400000000
01009800000303
01009c00000000
0100a000000005
0200a400000000
01009800000004
01009c00000000
0100a000000005
0200a400000000
01009800000104
01009c00000000
0100a000000005
0200a400000000
01009800000204
01009c00000000
0100a000000005
0200a400000000
01009800000304
01009c00000000
0100a000000005
0200a400000000
01009800000005
01009c00000000
0100a000000005
0200a400000000
01009800000105
01009c00000000
0100a000000005
0200a400000000
01009800000205
01009c00000000
0100a000000005
0200a400000000
01009800000305
01009c00000000
0100a000000005
0200a400000000
01007400000509
02007400000509
01007800000000
01007c00000007
01008000000003
02008400000000
01007800000001
01007c00000107
01008000000003
02008400000001
01007800000002
01007c00000007
01008000000003
02008400000000
01007800000003
01007c00000007
01008000000003
02008400000000
01007800000100
01007c00000107
01008000000003
02008400000001
01007800000101
01007c00000007
01008000000003
02008400000000
01007800000102
01007c00000107
01008000000003
02008400000001
01007800000103
01007c00000007
01008000000003
02008400000000
01008800000000
01008c73ffe267
01009000000003
02009473ffe267
01008800000001
01008c74070ae6
01009000000003
02009474070ae6
01008800000002
01008c742b4e16
01009000000003
020094742b4e16
01008800000003
01008c7499ebb4
01009000000003
0200947499ebb4
01009800000000
01009c00000000
0100a000000005
0200a400000000
01009800000100
01009c00000000
0100a000000005
0200a400000000
01009800000200
01009c00000000
0100a000000005
0200a400000000
01009800000300
01009c00000000
0100a000000005
0200a400000000
01009800000001
01009c00000000
0100a000000005
0200a400000000
01009800000101
01009c00000000
0100a000000005
0200a400000000
01009800000201
01009c00000000
0100a000000005
0200a400000000
01009800000301
01009c00000000
0100a000000005
0200a400000000
01009800000002
01009c00000000
0100a000000005
0200a400000000
01009800000102
01009c00000000
0100a000000005
0200a400000000
01009800000202
01009c00000000
0100a000000005
0200a400000000
01009800000302
01009c00000000
0100a000000005
0200a400000000
01009800000003
01009c00000000
0100a000000005
0200a400000000
01009800000103
01009c00000000
0100a000000005
0200a400000000
01009800000203
01009c00000000
0100a000000005
0200a400000000
01009800000303
01009c00000000
0100a000000005
0200a400000000
01009800000004
01009c00000000
0100a000000005
0200a400000000
01009800000104
01009c00000000
0100a000000005
0200a400000000
01009800000204
01009c00000000
0100a000000005
0200a400000000
01009800000304
01009c00000000
0100a000000005
0200a400000000
01009800000005
01009c00000000
0100a000000005
0200a400000000
01009800000105
01009c00000000
0100a000000005
0200a400000000
01009800000205
01009c00000000
0100a000000005
0200a400000000
01009800000305
01009c00000000
0100a000000005
0200a400000000
01007400000609
02007400000609
01007800000000
01007c00000107
01008000000003
02008400000001
01007800000001
01007c00000007
01008000000003
02008400000000
01007800000002
01007c00000107
01008000000003
02008400000001
01007800000003
01007c00000007
01008000000003
02008400000000
01007800000100
01007c00000107
01008000000003
02008400000001
01007800000101
01007c00000107
01008000000003
02008400000001
01007800000102
01007c00000007
01008000000003
02008400000000
01007800000103
01007c00000107
01008000000003
02008400000001
01008800000000
01008c74fd45d9
01009000000003
02009474fd45d9
01008800000001
01008c75e8da87
01009000000003
02009475e8da87
01008800000002
01008c760c124b
01009000000003
020094760c124b
01008800000003
01008c7619fc30
01009000000003
0200947619fc30
01009800000000
01009c00000000
0100a000000005
0200a400000000
01009800000100
01009c00000000
0100a000000005
0200a400000000
01009800000200
01009c00000000
0100a000000005
0200a400000000
01009800000300
01009c00000000
0100a000000005
0200a400000000
01009800000001
01009c00000000
0100a000000005
0200a400000000
01009800000101
01009c00000000
0100a000000005
0200a400000000
01009800000201
01009c00000000
0100a000000005
0200a400000000
01009800000301
01009c00000000
0100a000000005
0200a400000000
01009800000002
01009c00000000
0100a000000005
0200a400000000
01009800000102
01009c00000000
0100a000000005
0200a400000000
01009800000202
01009c00000000
0100a000000005
0200a400000000
01009800000302
01009c00000000
0100a000000005
0200a400000000
01009800000003
01009c00000000
0100a000000005
0200a400000000
01009800000103
01009c00000000
0100a000000005
0200a400000000
01009800000203
01009c00000000
0100a000000005
0200a400000000
01009800000303
01009c00000000
0100a000000005
0200a400000000
01009800000004
01009c00000000
0100a000000005
0200a400000000
01009800000104
01009c00000000
0100a000000005
0200a400000000
01009800000204
01009c00000000
0100a000000005
0200a400000000
01009800000304
01009c00000000
0100a000000005
0200a400000000
01009800000005
01009c00000000
0100a000000005
0200a400000000
01009800000105
01009c00000000
0100a000000005
0200a400000000
01009800000205
01009c00000000
0100a000000005
0200a400000000
01009800000305
01009c00000000
0100a000000005
0200a400000000
01007400000709
02007400000709
01007800000000
01007c00000007
01008000000003
02008400000000
01007800000001
01007c00000007
01008000000003
02008400000000
01007800000002
01007c00000107
01008000000003
02008400000001
01007800000003
01007c00000107
01008000000003
02008400000001
01007800000100
01007c00000007
01008000000003
02008400000000
01007800000101
01007c00000107
01008000000003
02008400000001
01007800000102
01007c00000007
01008000000003
02008400000000
01007800000103
01007c00000107
01008000000003
02008400000001
01008800000000
01008c7634312b
01009000000003
0200947634312b
01008800000001
01008c763a157f
01009000000003
020094763a157f
01008800000002
01008c7648c9fb
01009000000003
0200947648c9fb
01008800000003
01008c76699ede
01009000000003
02009476699ede
01009800000000
01009c00000000
0100a000000005
0200a400000000
01009800000100
01009c00000000
0100a000000005
0200a400000000
01009800000200
01009c00000000
0100a000000005
0200a400000000
01009800000300
01009c00000000
0100a000000005
0200a400000000
01009800000001
01009c00000000
0100a000000005
0200a400000000
01009800000101
01009c00000000
0100a000000005
0200a400000000
01009800000201
01009c00000000
0100a000000005
0200a400000000
01009800000301
01009c00000000
0100a000000005
0200a400000000
01009800000002
01009c00000000
0100a000000005
0200a400000000
01009800000102
01009c00000000
0100a000000005
0200a400000000
01009800000202
01009c00000000
0100a000000005
0200a400000000
01009800000302
01009c00000000
0100a000000005
0200a400000000
01009800000003
01009c00000000
0100a000000005
0200a400000000
01009800000103
01009c00000000
0100a000000005
0200a400000000
01009800000203
01009c00000000
0100a000000005
0200a400000000
01009800000303
01009c00000000
0100a000000005
0200a400000000
01009800000004
01009c00000000
0100a000000005
0200a400000000
01009800000104
01009c00000000
0100a000000005
0200a400000000
01009800000204
01009c00000000
0100a000000005
0200a400000000
01009800000304
01009c00000000
0100a000000005
0200a400000000
01009800000005
01009c00000000
0100a000000005
0200a400000000
01009800000105
01009c00000000
0100a000000005
0200a400000000
01009800000205
01009c00000000
0100a000000005
0200a400000000
01009800000305
01009c00000000
0100a000000005
0200a400000000
01007400000809
02007400000809
01007800000000
01007c00000007
01008000000003
02008400000000
01007800000001
01007c00000007
01008000000003
02008400000000
01007800000002
01007c00000107
01008000000003
02008400000001
01007800000003
01007c00000107
01008000000003
02008400000001
01007800000100
01007c00000107
01008000000003
02008400000001
01007800000101
01007c00000007
01008000000003
02008400000000
01007800000102
01007c00000007
01008000000003
02008400000000
01007800000103
01007c00000107
01008000000003
02008400000001
01008800000000
01008c7669e8dd
01009000000003
0200947669e8dd
01008800000001
01008c7695f9dc
01009000000003
0200947695f9dc
01008800000002
01008c76993168
01009000000003
02009476993168
01008800000003
01008c76e9f681
01009000000003
02009476e9f681
01009800000000
01009c00000000
0100a000000005
0200a400000000
01009800000100
01009c00000000
0100a000000005
0200a400000000
01009800000200
01009c00000000
0100a000000005
0200a400000000
01009800000300
01009c00000000
0100a000000005
0200a400000000
01009800000001
01009c00000000
0100a000000005
0200a400000000
01009800000101
01009c00000000
0100a000000005
0200a400000000
01009800000201
01009c00000000
0100a000000005
0200a400000000
01009800000301
01009c00000000
0100a000000005
0200a400000000
01009800000002
01009c00000000
0100a000000005
0200a400000000
01009800000102
01009c00000000
0100a000000005
0200a400000000
01009800000202
01009c00000000
0100a000000005
0200a400000000
01009800000302
01009c00000000
0100a000000005
0200a400000000
01009800000003
01009c00000000
0100a000000005
0200a400000000
01009800000103
01009c00000000
0100a000000005
0200a400000000
01009800000203
01009c00000000
0100a000000005
0200a400000000
01009800000303
01009c00000000
0100a000000005
0200a400000000
01009800000004
01009c00000000
0100a000000005
0200a400000000
01009800000104
01009c00000000
0100a000000005
0200a400000000
01009800000204
01009c00000000
0100a000000005
0200a400000000
01009800000304
01009c00000000
0100a000000005
0200a400000000
01009800000005
01009c00000000
0100a000000005
0200a400000000
01009800000105
01009c00000000
0100a000000005
0200a400000000
01009800000205
01009c00000000
0100a000000005
0200a400000000
01009800000305
01009c00000000
0100a000000005
0200a400000000
01007400000909
02007400000909
01007800000000
01007c00000007
01008000000003
02008400000000
01007800000001
01007c00000007
01008000000003
02008400000000
01007800000002
01007c00000107
01008000000003
02008400000001
01007800000003
01007c00000007
01008000000003
02008400000000
01007800000100
01007c00000007
01008000000003
02008400000000
01007800000101
01007c00000107
01008000000003
02008400000001
01007800000102
01007c00000007
01008000000003
02008400000000
01007800000103
01007c00000107
01008000000003
02008400000001
01008800000000
01008c76f195c7
01009000000003
02009476f195c7
01008800000001
01008c770798ae
01009000000003
020094770798ae
01008800000002
01008c770df217
01009000000003
020094770df217
01008800000003
01008c7744504b
01009000000003
0200947744504b
01009800000000
01009c00000000
0100a000000005
0200a400000000
01009800000100
01009c00000000
0100a000000005
0200a400000000
01009800000200
01009c00000000
0100a000000005
0200a400000000
01009800000300
01009c00000000
0100a000000005
0200a400000000
01009800000001
01009c00000000
0100a000000005
0200a400000000
01009800000101
01009c00000000
0100a000000005
0200a400000000
01009800000201
01009c00000000
0100a000000005
0200a400000000
01009800000301
01009c00000000
0100a000000005
0200a400000000
01009800000002
01009c00000000
0100a000000005
0200a400000000
01009800000102
01009c00000000
0100a000000005
0200a400000000
01009800000202
01009c00000000
0100a000000005
0200a400000000
01009800000302
01009c00000000
0100a000000005
0200a400000000
01009800000003
01009c00000000
0100a000000005
0200a400000000
01009800000103
01009c00000000
0100a000000005
0200a400000000
01009800000203
01009c00000000
0100a000000005
0200a400000000
01009800000303
01009c00000000
0100a000000005
0200a400000000
01009800000004
01009c00000000
0100a000000005
0200a400000000
01009800000104
01009c00000000
0100a000000005
0200a400000000
01009800000204
01009c00000000
0100a000000005
0200a400000000
01009800000304
01009c00000000
0100a000000005
0200a400000000
01009800000005
01009c00000000
0100a000000005
0200a400000000
01009800000105
01009c00000000
0100a000000005
0200a400000000
01009800000205
01009c00000000
0100a000000005
0200a400000000
01009800000305
01009c00000000
0100a000000005
0200a400000000
01007400000a09
02007400000a09
01007800000000
01007c00000107
01008000000003
02008400000001
01007800000001
01007c00000107
01008000000003
02008400000001
01007800000002
01007c00000107
01008000000003
02008400000001
01007800000003
01007c00000107
01008000000003
02008400000001
01007800000100
01007c00000107
01008000000003
02008400000001
01007800000101
01007c00000007
01008000000003
02008400000000
01007800000102
01007c00000107
01008000000003
02008400000001
01007800000103
01007c00000007
01008000000003
02008400000000
01008800000000
01008c77490e51
01009000000003
02009477490e51
01008800000001
01008c77714799
01009000000003
02009477714799
01008800000002
01008c77d7e436
01009000000003
02009477d7e436
01008800000003
01008c7835f93f
01009000000003
0200947835f93f
01009800000000
01009c00000000
0100a000000005
0200a400000000
01009800000100
01009c00000000
0100a000000005
0200a400000000
01009800000200
01009c00000000
0100a000000005
0200a400000000
01009800000300
01009c00000000
0100a000000005
0200a400000000
01009800000001
01009c00000000
0100a000000005
0200a400000000
01009800000101
01009c00000000
0100a000000005
0200a400000000
01009800000201
01009c00000000
0100a000000005
0200a400000000
01009800000301
01009c00000000
0100a000000005
0200a400000000
01009800000002
01009c00000000
0100a000000005
0200a400000000
01009800000102
01009c00000000
0100a000000005
0200a400000000
01009800000202
01009c00000000
0100a000000005
0200a400000000
01009800000302
01009c00000000
0100a000000005
0200a400000000
01009800000003
01009c00000000
0100a000000005
0200a400000000
01009800000103
01009c00000000
0100a000000005
0200a400000000
01009800000203
01009c00000000
0100a000000005
0200a400000000
01009800000303
01009c00000000
0100a000000005
0200a400000000
01009800000004
01009c00000000
0100a000000005
0200a400000000
01009800000104
01009c00000000
0100a000000005
0200a400000000
01009800000204
01009c00000000
0100a000000005
0200a400000000
01009800000304
01009c00000000
0100a000000005
0200a400000000
01009800000005
01009c00000000
0100a000000005
0200a400000000
01009800000105
01009c00000000
0100a000000005
0200a400000000
01009800000205
01009c00000000
0100a000000005
0200a400000000
01009800000305
01009c00000000
0100a000000005
0200a400000000
01007400000b09
02007400000b09
01007800000000
01007c00000007
01008000000003
02008400000000
01007800000001
01007c00000107
01008000000003
02008400000001
01007800000002
01007c00000107
01008000000003
02008400000001
01007800000003
01007c00000107
01008000000003
02008400000001
01007800000100
01007c00000007
01008000000003
02008400000000
01007800000101
01007c00000107
01008000000003
02008400000001
01007800000102
01007c00000107
01008000000003
02008400000001
01007800000103
01007c00000107
01008000000003
02008400000001
01008800000000
01008c784a55fa
01009000000003
020094784a55fa
01008800000001
01008c78e4181a
01009000000003
02009478e4181a
01008800000002
01008c78e84c32
01009000000003
02009478e84c32
01008800000003
01008c78f4dde5
01009000000003
02009478f4dde5
01009800000000
01009c00000000
0100a000000005
0200a400000000
01009800000100
01009c00000000
0100a000000005
0200a400000000
01009800000200
01009c00000000
0100a000000005
0200a400000000
01009800000300
01009c00000000
0100a000000005
0200a400000000
01009800000001
01009c00000000
0100a000000005
0200a400000000
01009800000101
01009c00000000
0100a000000005
0200a400000000
01009800000201
01009c00000000
0100a000000005
0200a400000000
01009800000301
01009c00000000
0100a000000005
0200a400000000
01009800000002
01009c00000000
0100a000000005
0200a400000000
01009800000102
01009c00000000
0100a000000005
0200a400000000
01009800000202
01009c00000000
0100a000000005
0200a400000000
01009800000302
01009c00000000
0100a000000005
0200a400000000
01009800000003
01009c00000000
0100a000000005
0200a400000000
01009800000103
01009c00000000
0100a000000005
0200a400000000
01009800000203
01009c00000000
0100a000000005
0200a400000000
01009800000303
01009c00000000
0100a000000005
0200a400000000
01009800000004
01009c00000000
0100a000000005
0200a400000000
01009800000104
01009c00000000
0100a000000005
0200a400000000
01009800000204
01009c00000000
0100a000000005
0200a400000000
01009800000304
01009c00000000
0100a000000005
0200a400000000
01009800000005
01009c00000000
0100a000000005
0200a400000000
01009800000105
01009c00000000
0100a000000005
0200a400000000
01009800000205
01009c00000000
0100a000000005
0200a400000000
01009800000305
01009c00000000
0100a000000005
0200a400000000
01007400000c09
02007400000c09
01007800000000
01007c00000107
01008000000003
02008400000001
01007800000001
01007c00000007
01008000000003
02008400000000
01007800000002
01007c00000007
01008000000003
02008400000000
01007800000003
01007c00000007
01008000000003
02008400000000
01007800000100
01007c00000107
01008000000003
02008400000001
01007800000101
01007c00000007
01008000000003
02008400000000
01007800000102
01007c00000007
01008000000003
02008400000000
01007800000103
01007c00000007
01008000000003
02008400000000
01008800000000
01008c78fa5db5
01009000000003
02009478fa5db5
01008800000001
01008c79113713
01009000000003
02009479113713
01008800000002
01008c7926c784
01009000000003
0200947926c784
01008800000003
01008c79f8287d
01009000000003
02009479f8287d
01009800000000
01009c00000000
0100a000000005
0200a400000000
01009800000100
01009c00000000
0100a000000005
0200a400000000
01009800000200
01009c00000000
0100a000000005
0200a400000000
01009800000300
01009c00000000
0100a000000005
0200a400000000
01009800000001
01009c00000000
0100a000000005
0200a400000000
01009800000101
01009c00000000
0100a000000005
0200a400000000
01009800000201
01009c00000000
0100a000000005
0200a400000000
01009800000301
01009c00000000
0100a000000005
0200a400000000
01009800000002
01009c00000000
0100a000000005
0200a400000000
01009800000102
01009c00000000
0100a000000005
0200a400000000
01009800000202
01009c00000000
0100a000000005
0200a400000000
01009800000302
01009c00000000
0100a000000005
0200a400000000
01009800000003
01009c00000000
0100a000000005
0200a400000000
01009800000103
01009c00000000
0100a000000005
0200a400000000
01009800000203
01009c00000000
0100a000000005
0200a400000000
01009800000303
01009c00000000
0100a000000005
0200a400000000
01009800000004
01009c00000000
0100a000000005
0200a400000000
01009800000104
01009c00000000
0100a000000005
0200a400000000
01009800000204
01009c00000000
0100a000000005
0200a400000000
01009800000304
01009c00000000
0100a000000005
0200a400000000
01009800000005
01009c00000000
0100a000000005
0200a400000000
01009800000105
01009c00000000
0100a000000005
0200a400000000
01009800000205
01009c00000000
0100a000000005
0200a400000000
01009800000305
01009c00000000
0100a000000005
0200a400000000
01007400000d09
02007400000d09
01007800000000
01007c00000107
01008000000003
02008400000001
01007800000001
01007c00000007
01008000000003
02008400000000
01007800000002
01007c00000107
01008000000003
02008400000001
01007800000003
01007c00000107
01008000000003
02008400000001
01007800000100
01007c00000107
01008000000003
02008400000001
01007800000101
01007c00000107
01008000000003
02008400000001
01007800000102
01007c00000007
01008000000003
02008400000000
01007800000103
01007c00000107
01008000000003
02008400000001
01008800000000
01008c7a045592
01009000000003
0200947a045592
01008800000001
01008c7a276d4b
01009000000003
0200947a276d4b
01008800000002
01008c7a28cb63
01009000000003
0200947a28cb63
01008800000003
01008c7a4302a6
01009000000003
0200947a4302a6
01009800000000
01009c00000000
0100a000000005
0200a400000000
01009800000100
01009c00000000
0100a000000005
0200a400000000
01009800000200
01009c00000000
0100a000000005
0200a400000000
01009800000300
01009c00000000
0100a000000005
0200a400000000
01009800000001
01009c00000000
0100a000000005
0200a400000000
01009800000101
01009c00000000
0100a000000005
0200a400000000
01009800000201
01009c00000000
0100a000000005
0200a400000000
01009800000301
01009c00000000
0100a000000005
0200a400000000
01009800000002
01009c00000000
0100a000000005
0200a400000000
01009800000102
01009c00000000
0100a000000005
0200a400000000
01009800000202
01009c00000000
0100a000000005
0200a400000000
01009800000302
01009c00000000
0100a000000005
0200a400000000
01009800000003
01009c00000000
0100a000000005
0200a400000000
01009800000103
01009c00000000
0100a000000005
0200a400000000
01009800000203
01009c00000000
0100a000000005
0200a400000000
01009800000303
01009c00000000
0100a000000005
0200a400000000
01009800000004
01009c00000000
0100a000000005
0200a400000000
01009800000104
01009c00000000
0100a000000005
0200a400000000
01009800000204
01009c00000000
0100a000000005
0200a400000000
01009800000304
01009c00000000
0100a000000005
0200a400000000
01009800000005
01009c00000000
0100a000000005
0200a400000000
01009800000105
01009c00000000
0100a000000005
0200a400000000
01009800000205
01009c00000000
0100a000000005
0200a400000000
01009800000305
01009c00000000
0100a000000005
0200a400000000
01007400000e09
02007400000e09
01007800000000
01007c00000107
01008000000003
02008400000001
01007800000001
01007c00000007
01008000000003
02008400000000
01007800000002
01007c00000007
01008000000003
02008400000000
01007800000003
01007c00000007
01008000000003
02008400000000
01007800000100
01007c00000007
01008000000003
02008400000000
01007800000101
01007c00000107
01008000000003
02008400000001
01007800000102
01007c00000107
01008000000003
02008400000001
01007800000103
01007c00000007
01008000000003
02008400000000
01008800000000
01008c7a71099f
01009000000003
0200947a71099f
01008800000001
01008c7a8ac7b9
01009000000003
0200947a8ac7b9
01008800000002
01008c7ab12c10
01009000000003
0200947ab12c10
01008800000003
01008c7b1f4a29
01009000000003
0200947b1f4a29
01009800000000
01009c00000000
0100a000000005
0200a400000000
01009800000100
01009c00000000
0100a000000005
0200a400000000
01009800000200
01009c00000000
0100a000000005
0200a400000000
01009800000300
01009c00000000
0100a000000005
0200a400000000
01009800000001
01009c00000000
0100a000000005
0200a400000000
01009800000101
01009c00000000
0100a000000005
0200a400000000
01009800000201
01009c00000000
0100a000000005
0200a400000000
01009800000301
01009c00000000
0100a000000005
0200a400000000
01009800000002
01009c00000000
0100a000000005
0200a400000000
01009800000102
01009c00000000
0100a000000005
0200a400000000
01009800000202
01009c00000000
0100a000000005
0200a400000000
01009800000302
01009c00000000
0100a000000005
0200a400000000
01009800000003
01009c00000000
0100a000000005
0200a400000000
01009800000103
01009c00000000
0100a000000005
0200a400000000
01009800000203
01009c00000000
0100a000000005
0200a400000000
01009800000303
01009c00000000
0100a000000005
0200a400000000
01009800000004
01009c00000000
0100a000000005
0200a400000000
01009800000104
01009c00000000
0100a000000005
0200a400000000
01009800000204
01009c00000000
0100a000000005
0200a400000000
01009800000304
01009c00000000
0100a000000005
0200a400000000
01009800000005
01009c00000000
0100a000000005
0200a400000000
01009800000105
01009c00000000
0100a000000005
0200a400000000
01009800000205
01009c00000000
0100a000000005
0200a400000000
01009800000305
01009c00000000
0100a000000005
0200a400000000
01007400000f09
02007400000f09
01007800000000
01007c00000107
01008000000003
02008400000001
01007800000001
01007c00000007
01008000000003
02008400000000
01007800000002
01007c00000107
01008000000003
02008400000001
01007800000003
01007c00000007
01008000000003
02008400000000
01007800000100
01007c00000107
01008000000003
02008400000001
01007800000101
01007c00000007
01008000000003
02008400000000
01007800000102
01007c00000107
01008000000003
02008400000001
01007800000103
01007c00000007
01008000000003
02008400000000
01008800000000
01008c7b29090f
01009000000003
0200947b29090f
01008800000001
01008c7b33a1b9
01009000000003
0200947b33a1b9
01008800000002
01008c7b47eb02
01009000000003
0200947b47eb02
01008800000003
01008c7b67df14
01009000000003
0200947b67df14
01009800000000
01009c00000000
0100a000000005
0200a400000000
01009800000100
01009c00000000
0100a000000005
0200a400000000
01009800000200
01009c00000000
0100a000000005
0200a400000000
01009800000300
01009c00000000
0100a000000005
0200a400000000
01009800000001
01009c00000000
0100a000000005
0200a400000000
01009800000101
01009c00000000
0100a000000005
0200a400000000
01009800000201
01009c00000000
0100a000000005
0200a400000000
01009800000301
01009c00000000
0100a000000005
0200a400000000
01009800000002
01009c00000000
0100a000000005
0200a400000000
01009800000102
01009c00000000
0100a000000005
0200a400000000
01009800000202
01009c00000000
0100a000000005
0200a400000000
01009800000302
01009c00000000
0100a000000005
0200a400000000
01009800000003
01009c00000000
0100a000000005
0200a400000000
01009800000103
01009c00000000
0100a000000005
0200a400000000
01009800000203
01009c00000000
0100a000000005
0200a400000000
01009800000303
01009c00000000
0100a000000005
0200a400000000
01009800000004
01009c00000000
0100a000000005
0200a400000000
01009800000104
01009c00000000
0100a000000005
0200a400000000
01009800000204
01009c00000000
0100a000000005
0200a400000000
01009800000304
01009c00000000
0100a000000005
0200a400000000
01009800000005
01009c00000000
0100a000000005
0200a400000000
01009800000105
01009c00000000
0100a000000005
0200a400000000
01009800000205
01009c00000000
0100a000000005
0200a400000000
01009800000305
01009c00000000
0100a000000005
0200a400000000
01007400001009
02007400001009
01007800000000
01007c00000107
01008000000003
02008400000001
01007800000001
01007c00000007
01008000000003
02008400000000
01007800000002
01007c00000007
01008000000003
02008400000000
01007800000003
01007c00000107
01008000000003
02008400000001
01007800000100
01007c00000007
01008000000003
02008400000000
01007800000101
01007c00000007
01008000000003
02008400000000
01007800000102
01007c00000107
01008000000003
02008400000001
01007800000103
01007c00000107
01008000000003
02008400000001
01008800000000
01008c7b6a2d5c
01009000000003
0200947b6a2d5c
01008800000001
01008c7bdd954c
01009000000003
0200947bdd954c
01008800000002
01008c7bfc5a82
01009000000003
0200947bfc5a82
01008800000003
01008c7c1ff78d
01009000000003
0200947c1ff78d
01009800000000
01009c00000000
0100a000000005
0200a400000000
01009800000100
01009c00000000
0100a000000005
0200a400000000
01009800000200
01009c00000000
0100a000000005
0200a400000000
01009800000300
01009c00000000
0100a000000005
0200a400000000
01009800000001
01009c00000000
0100a000000005
0200a400000000
01009800000101
01009c00000000
0100a000000005
0200a400000000
01009800000201
01009c00000000
0100a000000005
0200a400000000
01009800000301
01009c00000000
0100a000000005
0200a400000000
01009800000002
01009c00000000
0100a000000005
0200a400000000
01009800000102
01009c00000000
0100a000000005
0200a400000000
01009800000202
01009c00000000
0100a000000005
0200a400000000
01009800000302
01009c00000000
0100a000000005
0200a400000000
01009800000003
01009c00000000
0100a000000005
0200a400000000
01009800000103
01009c00000000
0100a000000005
0200a400000000
01009800000203
01009c00000000
0100a000000005
0200a400000000
01009800000303
01009c00000000
0100a000000005
0200a400000000
01009800000004
01009c00000000
0100a000000005
0200a400000000
01009800000104
01009c00000000
0100a000000005
0200a400000000
01009800000204
01009c00000000
0100a000000005
0200a400000000
01009800000304
01009c00000000
0100a000000005
0200a400000000
01009800000005
01009c00000000
0100a000000005
0200a400000000
01009800000105
01009c00000000
0100a000000005
0200a400000000
01009800000205
01009c00000000
0100a000000005
0200a400000000
01009800000305
01009c00000000
0100a000000005
0200a400000000
01007400001109
02007400001109
01007800000000
01007c00000107
01008000000003
02008400000001
01007800000001
01007c00000007
01008000000003
02008400000000
01007800000002
01007c00000007
01008000000003
02008400000000
01007800000003
01007c00000007
01008000000003
02008400000000
01007800000100
01007c00000007
01008000000003
02008400000000
01007800000101
01007c00000107
01008000000003
02008400000001
01007800000102
01007c00000007
01008000000003
02008400000000
01007800000103
01007c00000007
01008000000003
02008400000000
01008800000000
01008c7c276d5d
01009000000003
0200947c276d5d
01008800000001
01008c7c5bd432
01009000000003
0200947c5bd432
01008800000002
01008c7c5db89e
01009000000003
0200947c5db89e
01008800000003
01008c7c895922
01009000000003
0200947c895922
01009800000000
01009c00000000
0100a000000005
0200a400000000
01009800000100
01009c00000000
0100a000000005
0200a400000000
01009800000200
01009c00000000
0100a000000005
0200a400000000
01009800000300
01009c00000000
0100a000000005
0200a400000000
01009800000001
01009c00000000
0100a000000005
0200a400000000
01009800000101
01009c00000000
0100a000000005
0200a400000000
01009800000201
01009c00000000
0100a000000005
0200a400000000
01009800000301
01009c00000000
0100a000000005
0200a400000000
01009800000002
01009c00000000
0100a000000005
0200a400000000
01009800000102
01009c00000000
0100a000000005
0200a400000000
01009800000202
01009c00000000
0100a000000005
0200a400000000
01009800000302
01009c00000000
0100a000000005
0200a400000000
01009800000003
01009c00000000
0100a000000005
0200a400000000
01009800000103
01009c00000000
0100a000000005
0200a400000000
01009800000203
01009c00000000
0100a000000005
0200a400000000
01009800000303
01009c00000000
0100a000000005
0200a400000000
01009800000004
01009c00000000
0100a000000005
0200a400000000
01009800000104
01009c00000000
0100a000000005
0200a400000000
01009800000204
01009c00000000
0100a000000005
0200a400000000
01009800000304
01009c00000000
0100a000000005
0200a400000000
01009800000005
01009c00000000
0100a000000005
0200a400000000
01009800000105
01009c00000000
0100a000000005
0200a400000000
01009800000205
01009c00000000
0100a000000005
0200a400000000
01009800000305
01009c00000000
0100a000000005
0200a400000000
01007400001209
02007400001209
01007800000000
01007c00000007
01008000000003
02008400000000
01007800000001
01007c00000007
01008000000003
02008400000000
01007800000002
01007c00000107
01008000000003
02008400000001
01007800000003
01007c00000107
01008000000003
02008400000001
01007800000100
01007c00000107
01008000000003
02008400000001
01007800000101
01007c00000107
01008000000003
02008400000001
01007800000102
01007c00000007
01008000000003
02008400000000
01007800000103
01007c00000107
01008000000003
02008400000001
01008800000000
01008c7c9450fd
01009000000003
0200947c9450fd
01008800000001
01008c7cbd1e09
01009000000003
0200947cbd1e09
01008800000002
01008c7cf4c6ea
01009000000003
0200947cf4c6ea
01008800000003
01008c7d06b6d0
01009000000003
0200947d06b6d0
01009800000000
01009c00000000
0100a000000005
0200a400000000
01009800000100
01009c00000000
0100a000000005
0200a400000000
01009800000200
01009c00000000
0100a000000005
0200a400000000
01009800000300
01009c00000000
0100a000000005
0200a400000000
01009800000001
01009c00000000
0100a000000005
0200a400000000
01009800000101
01009c00000000
0100a000000005
0200a400000000
01009800000201
01009c00000000
0100a000000005
0200a400000000
01009800000301
01009c00000000
0100a000000005
0200a400000000
01009800000002
01009c00000000
0100a000000005
0200a400000000
01009800000102
01009c00000000
0100a000000005
0200a400000000
01009800000202
01009c00000000
0100a000000005
0200a400000000
01009800000302
01009c00000000
0100a000000005
0200a400000000
01009800000003
01009c00000000
0100a000000005
0200a400000000
01009800000103
01009c00000000
0100a000000005
0200a400000000
01009800000203
01009c00000000
0100a000000005
0200a400000000
01009800000303
01009c00000000
0100a000000005
0200a400000000
01009800000004
01009c00000000
0100a000000005
0200a400000000
01009800000104
01009c00000000
0100a000000005
0200a400000000
01009800000204
01009c00000000
0100a000000005
0200a400000000
01009800000304
01009c00000000
0100a000000005
0200a400000000
01009800000005
01009c00000000
0100a000000005
0200a400000000
01009800000105
01009c00000000
0100a000000005
0200a400000000
01009800000205
01009c00000000
0100a000000005
0200a400000000
01009800000305
01009c00000000
0100a000000005
0200a400000000
01007400001309
02007400001309
01007800000000
01007c00000007
01008000000003
02008400000000
01007800000001
01007c00000007
01008000000003
02008400000000
01007800000002
01007c00000107
01008000000003
02008400000001
01007800000003
01007c00000107
01008000000003
02008400000001
01007800000100
01007c00000007
01008000000003
02008400000000
01007800000101
01007c00000007
01008000000003
02008400000000
01007800000102
01007c00000007
01008000000003
02008400000000
01007800000103
01007c00000007
01008000000003
02008400000000
01008800000000
01008c7d4fa49f
01009000000003
0200947d4fa49f
01008800000001
01008c7d6be98e
01009000000003
0200947d6be98e
01008800000002
01008c7d7d5366
01009000000003
0200947d7d5366
01008800000003
01008c7da7ec87
01009000000003
0200947da7ec87
01009800000000
01009c00000000
0100a000000005
0200a400000000
01009800000100
01009c00000000
0100a000000005
0200a400000000
01009800000200
01009c00000000
0100a000000005
0200a400000000
01009800000300
01009c00000000
0100a000000005
0200a400000000
01009800000001
01009c00000000
0100a000000005
0200a400000000
01009800000101
01009c00000000
0100a000000005
0200a400000000
01009800000201
01009c00000000
0100a000000005
0200a400000000
01009800000301
01009c00000000
0100a000000005
0200a400000000
01009800000002
01009c00000000
0100a000000005
0200a400000000
01009800000102
01009c00000000
0100a000000005
0200a400000000
01009800000202
01009c00000000
0100a000000005
0200a400000000
01009800000302
01009c00000000
0100a000000005
0200a400000000
01009800000003
01009c00000000
0100a000000005
0200a400000000
01009800000103
01009c00000000
0100a000000005
0200a400000000
01009800000203
01009c00000000
0100a000000005
0200a400000000
01009800000303
01009c00000000
0100a000000005
0200a400000000
01009800000005
01009c00000000
0100a000000005
0200a400000000
01009800000105
01009c00000000
0100a000000005
0200a400000000
01009800000205
01009c00000000
0100a000000005
0200a400000000
01009800000305
01009c00000000
0100a000000005
0200a400000000
0100740000000a
0200740000000a
01007800000000
01007c00000107
01008000000003
02008400000001
01007800000001
01007c00000107
01008000000003
02008400000001
01007800000002
01007c00000007
01008000000003
02008400000000
01007800000003
01007c00000107
01008000000003
02008400000001
01007800000100
01007c00000107
01008000000003
02008400000001
01007800000101
01007c00000007
01008000000003
02008400000000
01007800000102
01007c00000007
01008000000003
02008400000000
01007800000103
01007c00000107
01008000000003
02008400000001
01008800000000
01008c7e4315d7
01009000000003
0200947e4315d7
01008800000001
01008c7e52864d
01009000000003
0200947e52864d
01008800000002
01008c7e9d26bd
01009000000003
0200947e9d26bd
01008800000003
01008c7f41c44b
01009000000003
0200947f41c44b
01009800000000
01009c00000000
0100a000000005
0200a400000000
01009800000100
01009c00000000
0100a000000005
0200a400000000
01009800000200
01009c00000000
0100a000000005
0200a400000000
01009800000300
01009c00000000
0100a000000005
0200a400000000
01009800000001
01009c00000000
0100a000000005
0200a400000000
01009800000101
01009c00000000
0100a000000005
0200a400000000
01009800000201
01009c00000000
0100a000000005
0200a400000000
01009800000301
01009c00000000
0100a000000005
0200a400000000
01009800000002
01009c00000000
0100a000000005
0200a400000000
01009800000102
01009c00000000
0100a000000005
0200a400000000
01009800000202
01009c00000000
0100a000000005
0200a400000000
01009800000302
01009c00000000
0100a000000005
0200a400000000
01009800000003
01009c00000000
0100a000000005
0200a400000000
01009800000103
01009c00000000
0100a000000005
0200a400000000
01009800000203
01009c00000000
0100a000000005
0200a400000000
01009800000303
01009c00000000
0100a000000005
0200a400000000
01009800000004
01009c00000000
0100a000000005
0200a400000000
01009800000104
01009c00000000
0100a000000005
0200a400000000
01009800000204
01009c00000000
0100a000000005
0200a400000000
01009800000304
01009c00000000
0100a000000005
0200a400000000
01009800000005
01009c00000000
0100a000000005
0200a400000000
01009800000105
01009c00000000
0100a000000005
0200a400000000
01009800000205
01009c00000000
0100a000000005
0200a400000000
01009800000305
01009c00000000
0100a000000005
0200a400000000
0100740000010a
0200740000010a
01007800000000
01007c00000107
01008000000003
02008400000001
01007800000001
01007c00000107
01008000000003
02008400000001
01007800000002
01007c00000107
01008000000003
02008400000001
01007800000003
01007c00000107
01008000000003
02008400000001
01007800000100
01007c00000007
01008000000003
02008400000000
01007800000101
01007c00000107
01008000000003
02008400000001
01007800000102
01007c00000107
01008000000003
02008400000001
01007800000103
01007c00000007
01008000000003
02008400000000
01008800000000
01008c7fa0d985
01009000000003
0200947fa0d985
01008800000001
01008c7fe8f565
01009000000003
0200947fe8f565
01008800000002
01008c7ff0eb4a
01009000000003
0200947ff0eb4a
01008800000003
01008c801f0c0e
01009000000003
020094801f0c0e
01009800000000
01009c00000000
0100a000000005
0200a400000000
01009800000100
01009c00000000
0100a000000005
0200a400000000
01009800000200
01009c00000000
0100a000000005
0200a400000000
01009800000300
01009c00000000
0100a000000005
0200a400000000
01009800000001
01009c00000000
0100a000000005
0200a400000000
01009800000101
01009c00000000
0100a000000005
0200a400000000
01009800000201
01009c00000000
0100a000000005
0200a400000000
01009800000301
01009c00000000
0100a000000005
0200a400000000
01009800000002
01009c00000000
0100a000000005
0200a400000000
01009800000102
01009c00000000
0100a000000005
0200a400000000
01009800000202
01009c00000000
0100a000000005
0200a400000000
01009800000302
01009c00000000
0100a000000005
0200a400000000
01009800000003
01009c00000000
0100a000000005
0200a400000000
01009800000103
01009c00000000
0100a000000005
0200a400000000
01009800000203
01009c00000000
0100a000000005
0200a400000000
01009800000303
01009c00000000
0100a000000005
0200a400000000
01009800000004
01009c00000000
0100a000000005
0200a400000000
01009800000104
01009c00000000
0100a000000005
0200a400000000
01009800000204
01009c00000000
0100a000000005
0200a400000000
01009800000304
01009c00000000
0100a000000005
0200a400000000
01009800000005
01009c00000000
0100a000000005
0200a400000000
01009800000105
01009c00000000
0100a000000005
0200a400000000
01009800000205
01009c00000000
0100a000000005
0200a400000000
01009800000305
01009c00000000
0100a000000005
0200a400000000
0100740000020a
0200740000020a
01007800000000
01007c00000007
01008000000003
02008400000000
01007800000001
01007c00000107
01008000000003
02008400000001
01007800000002
01007c00000007
01008000000003
02008400000000
01007800000003
01007c00000007
01008000000003
02008400000000
01007800000100
01007c00000107
01008000000003
02008400000001
01007800000101
01007c00000007
01008000000003
02008400000000
01007800000102
01007c00000007
01008000000003
02008400000000
01007800000103
01007c00000007
01008000000003
02008400000000
01008800000000
01008c8064d506
01009000000003
0200948064d506
01008800000001
01008c8090469b
01009000000003
0200948090469b
01008800000002
01008c80d22b5a
01009000000003
02009480d22b5a
01008800000003
01008c80dc5cc7
01009000000003
02009480dc5cc7
01009800000000
01009c00000000
0100a000000005
0200a400000000
01009800000100
01009c00000000
0100a000000005
0200a400000000
01009800000200
01009c00000000
0100a000000005
0200a400000000
01009800000300
01009c00000000
0100a000000005
0200a400000000
01009800000001
01009c00000000
0100a000000005
0200a400000000
01009800000101
01009c00000000
0100a000000005
0200a400000000
01009800000201
01009c00000000
0100a000000005
0200a400000000
01009800000301
01009c00000000
0100a000000005
0200a400000000
01009800000002
01009c00000000
0100a000000005
0200a400000000
01009800000102
01009c00000000
0100a000000005
0200a400000000
01009800000202
01009c00000000
0100a000000005
0200a400000000
01009800000302
01009c00000000
0100a000000005
0200a400000000
01009800000003
01009c00000000
0100a000000005
0200a400000000
01009800000103
01009c00000000
0100a000000005
0200a400000000
01009800000203
01009c00000000
0100a000000005
0200a400000000
01009800000303
01009c00000000
0100a000000005
0200a400000000
01009800000004
01009c00000000
0100a000000005
0200a400000000
01009800000104
01009c00000000
0100a000000005
0200a400000000
01009800000204
01009c00000000
0100a000000005
0200a400000000
01009800000304
01009c00000000
0100a000000005
0200a400000000
01009800000005
01009c00000000
0100a000000005
0200a400000000
01009800000105
01009c00000000
0100a000000005
0200a400000000
01009800000205
01009c00000000
0100a000000005
0200a400000000
01009800000305
01009c00000000
0100a000000005
0200a400000000
0100740000030a
0200740000030a
01007800000000
01007c00000007
01008000000003
02008400000000
01007800000001
01007c00000107
01008000000003
02008400000001
01007800000002
01007c00000107
01008000000003
02008400000001
01007800000003
01007c00000107
01008000000003
02008400000001
01007800000100
01007c00000007
01008000000003
02008400000000
01007800000101
01007c00000007
01008000000003
02008400000000
01007800000102
01007c00000107
01008000000003
02008400000001
01007800000103
01007c00000007
01008000000003
02008400000000
01008800000000
01008c817e2b14
01009000000003
020094817e2b14
01008800000001
01008c81ef79d7
01009000000003
02009481ef79d7
01008800000002
01008c822bc0f0
01009000000003
020094822bc0f0
01008800000003
01008c8252bd99
01009000000003
0200948252bd99
01009800000000
01009c00000000
0100a000000005
0200a400000000
01009800000100
01009c00000000
0100a000000005
0200a400000000
01009800000200
01009c00000000
0100a000000005
0200a400000000
01009800000300
01009c00000000
0100a000000005
0200a400000000
01009800000001
01009c00000000
0100a000000005
0200a400000000
01009800000101
01009c00000000
0100a000000005
0200a400000000
01009800000201
01009c00000000
0100a000000005
0200a400000000
01009800000301
01009c00000000
0100a000000005
0200a400000000
01009800000002
01009c00000000
0100a000000005
0200a400000000
01009800000102
01009c00000000
0100a000000005
0200a400000000
01009800000202
01009c00000000
0100a000000005
0200a400000000
01009800000302
01009c00000000
0100a000000005
0200a400000000
01009800000003
01009c00000000
0100a000000005
0200a400000000
01009800000103
01009c00000000
0100a000000005
0200a400000000
01009800000203
01009c00000000
0100a000000005
0200a400000000
01009800000303
01009c00000000
0100a000000005
0200a400000000
01009800000004
01009c00000000
0100a000000005
0200a400000000
01009800000104
01009c00000000
0100a000000005
0200a400000000
01009800000204
01009c00000000
0100a000000005
0200a400000000
01009800000304
01009c00000000
0100a000000005
0200a400000000
01009800000005
01009c00000000
0100a000000005
0200a400000000
01009800000105
01009c00000000
0100a000000005
0200a400000000
01009800000205
01009c00000000
0100a000000005
0200a400000000
01009800000305
01009c00000000
0100a000000005
0200a400000000
0100740000040a
0200740000040a
01007800000000
01007c00000107
01008000000003
02008400000001
01007800000001
01007c00000107
01008000000003
02008400000001
01007800000002
01007c00000007
01008000000003
02008400000000
01007800000003
01007c00000107
01008000000003
02008400000001
01007800000100
01007c00000107
01008000000003
02008400000001
01007800000101
01007c00000007
01008000000003
02008400000000
01007800000102
01007c00000107
01008000000003
02008400000001
01007800000103
01007c00000107
01008000000003
02008400000001
01008800000000
01008c82a25a66
01009000000003
02009482a25a66
01008800000001
01008c82a99ab2
01009000000003
02009482a99ab2
01008800000002
01008c82abb6b8
01009000000003
02009482abb6b8
01008800000003
01008c82b0b1fa
01009000000003
02009482b0b1fa
01009800000000
01009c00000000
0100a000000005
0200a400000000
01009800000100
01009c00000000
0100a000000005
0200a400000000
01009800000200
01009c00000000
0100a000000005
0200a400000000
01009800000300
01009c00000000
0100a000000005
0200a400000000
01009800000001
01009c00000000
0100a000000005
0200a400000000
01009800000101
01009c00000000
0100a000000005
0200a400000000
01009800000201
01009c00000000
0100a000000005
0200a400000000
01009800000301
01009c00000000
0100a000000005
0200a400000000
01009800000002
01009c00000000
0100a000000005
0200a400000000
01009800000102
01009c00000000
0100a000000005
0200a400000000
01009800000202
01009c00000000
0100a000000005
0200a400000000
01009800000302
01009c00000000
0100a000000005
0200a400000000
01009800000003
01009c00000000
0100a000000005
0200a400000000
01009800000103
01009c00000000
0100a000000005
0200a400000000
01009800000203
01009c00000000
0100a000000005
0200a400000000
01009800000303
01009c00000000
0100a000000005
0200a400000000
01009800000004
01009c00000000
0100a000000005
0200a400000000
01009800000104
01009c00000000
0100a000000005
0200a400000000
01009800000204
01009c00000000
0100a000000005
0200a400000000
01009800000304
01009c00000000
0100a000000005
0200a400000000
01009800000005
01009c00000000
0100a000000005
0200a400000000
01009800000105
01009c00000000
0100a000000005
0200a400000000
01009800000205
01009c00000000
0100a000000005
0200a400000000
01009800000305
01009c00000000
0100a000000005
0200a400000000
0100740000050a
0200740000050a
01007800000000
01007c00000107
01008000000003
02008400000001
01007800000001
01007c00000107
01008000000003
02008400000001
01007800000002
01007c00000007
01008000000003
02008400000000
01007800000003
01007c00000007
01008000000003
02008400000000
01007800000100
01007c00000007
01008000000003
02008400000000
01007800000101
01007c00000107
01008000000003
02008400000001
01007800000102
01007c00000007
01008000000003
02008400000000
01007800000103
01007c00000007
01008000000003
02008400000000
01008800000000
01008c82bfe8f6
01009000000003
02009482bfe8f6
01008800000001
01008c82e75b70
01009000000003
02009482e75b70
01008800000002
01008c83052b96
01009000000003
02009483052b96
01008800000003
01008c8311ffcf
01009000000003
0200948311ffcf
01009800000000
01009c00000000
0100a000000005
0200a400000000
01009800000100
01009c00000000
0100a000000005
0200a400000000
01009800000200
01009c00000000
0100a000000005
0200a400000000
01009800000300
01009c00000000
0100a000000005
0200a400000000
01009800000001
01009c00000000
0100a000000005
0200a400000000
01009800000101
01009c00000000
0100a000000005
0200a400000000
01009800000201
01009c00000000
0100a000000005
0200a400000000
01009800000301
01009c00000000
0100a000000005
0200a400000000
01009800000002
01009c00000000
0100a000000005
0200a400000000
01009800000102
01009c00000000
0100a000000005
0200a400000000
01009800000202
01009c00000000
0100a000000005
0200a400000000
01009800000302
01009c00000000
0100a000000005
0200a400000000
01009800000003
01009c00000000
0100a000000005
0200a400000000
01009800000103
01009c00000000
0100a000000005
0200a400000000
01009800000203
01009c00000000
0100a000000005
0200a400000000
01009800000303
01009c00000000
0100a000000005
0200a400000000
01009800000004
01009c00000000
0100a000000005
0200a400000000
01009800000104
01009c00000000
0100a000000005
0200a400000000
01009800000204
01009c00000000
0100a000000005
0200a400000000
01009800000304
01009c00000000
0100a000000005
0200a400000000
01009800000005
01009c00000000
0100a000000005
0200a400000000
01009800000105
01009c00000000
0100a000000005
0200a400000000
01009800000205
01009c00000000
0100a000000005
0200a400000000
01009800000305
01009c00000000
0100a000000005
0200a400000000
0100740000060a
0200740000060a
01007800000000
01007c00000107
01008000000003
02008400000001
01007800000001
01007c00000107
01008000000003
02008400000001
01007800000002
01007c00000007
01008000000003
02008400000000
01007800000003
01007c00000107
01008000000003
02008400000001
01007800000100
01007c00000107
01008000000003
02008400000001
01007800000101
01007c00000007
01008000000003
02008400000000
01007800000102
01007c00000007
01008000000003
02008400000000
01007800000103
01007c00000107
01008000000003
02008400000001
01008800000000
01008c83697b36
01009000000003
02009483697b36
01008800000001
01008c839528d1
01009000000003
020094839528d1
01008800000002
01008c839bb54b
01009000000003
020094839bb54b
01008800000003
01008c83a3ea39
01009000000003
02009483a3ea39
01009800000000
01009c00000000
0100a000000005
0200a400000000
01009800000100
01009c00000000
0100a000000005
0200a400000000
01009800000200
01009c00000000
0100a000000005
0200a400000000
01009800000300
01009c00000000
0100a000000005
0200a400000000
01009800000001
01009c00000000
0100a000000005
0200a400000000
01009800000101
01009c00000000
0100a000000005
0200a400000000
01009800000201
01009c00000000
0100a000000005
0200a400000000
01009800000301
01009c00000000
0100a000000005
0200a400000000
01009800000002
01009c00000000
0100a000000005
0200a400000000
01009800000102
01009c00000000
0100a000000005
0200a400000000
01009800000202
01009c00000000
0100a000000005
0200a400000000
01009800000302
01009c00000000
0100a000000005
0200a400000000
01009800000003
01009c00000000
0100a000000005
0200a400000000
01009800000103
01009c00000000
0100a000000005
0200a400000000
01009800000203
01009c00000000
0100a000000005
0200a400000000
01009800000303
01009c00000000
0100a000000005
0200a400000000
01009800000004
01009c00000000
0100a000000005
0200a400000000
01009800000104
01009c00000000
0100a000000005
0200a400000000
01009800000204
01009c00000000
0100a000000005
0200a400000000
01009800000304
01009c00000000
0100a000000005
0200a400000000
01009800000005
01009c00000000
0100a000000005
0200a400000000
01009800000105
01009c00000000
0100a000000005
0200a400000000
01009800000205
01009c00000000
0100a000000005
0200a400000000
01009800000305
01009c00000000
0100a000000005
0200a400000000
0100740000070a
0200740000070a
01007800000000
01007c00000107
01008000000003
02008400000001
01007800000001
01007c00000007
01008000000003
02008400000000
01007800000002
01007c00000107
01008000000003
02008400000001
01007800000003
01007c00000007
01008000000003
02008400000000
01007800000100
01007c00000007
01008000000003
02008400000000
01007800000101
01007c00000107
01008000000003
02008400000001
01007800000102
01007c00000107
01008000000003
02008400000001
01007800000103
01007c00000107
01008000000003
02008400000001
01008800000000
01008c83eb019f
01009000000003
02009483eb019f
01008800000001
01008c8423ade3
01009000000003
0200948423ade3
01008800000002
01008c842d05e2
01009000000003
020094842d05e2
01008800000003
01008c847aad7c
01009000000003
020094847aad7c
01009800000000
01009c00000000
0100a000000005
0200a400000000
01009800000100
01009c00000000
0100a000000005
0200a400000000
01009800000200
01009c00000000
0100a000000005
0200a400000000
01009800000300
01009c00000000
0100a000000005
0200a400000000
01009800000001
01009c00000000
0100a000000005
0200a400000000
01009800000101
01009c00000000
0100a000000005
0200a400000000
01009800000201
01009c00000000
0100a000000005
0200a400000000
01009800000301
01009c00000000
0100a000000005
0200a400000000
01009800000002
01009c00000000
0100a000000005
0200a400000000
01009800000102
01009c00000000
0100a000000005
0200a400000000
01009800000202
01009c00000000
0100a000000005
0200a400000000
01009800000302
01009c00000000
0100a000000005
0200a400000000
01009800000003
01009c00000000
0100a000000005
0200a400000000
01009800000103
01009c00000000
0100a000000005
0200a400000000
01009800000203
01009c00000000
0100a000000005
0200a400000000
01009800000303
01009c00000000
0100a000000005
0200a400000000
01009800000004
01009c00000000
0100a000000005
0200a400000000
01009800000104
01009c00000000
0100a000000005
0200a400000000
01009800000204
01009c00000000
0100a000000005
0200a400000000
01009800000304
01009c00000000
0100a000000005
0200a400000000
01009800000005
01009c00000000
0100a000000005
0200a400000000
01009800000105
01009c00000000
0100a000000005
0200a400000000
01009800000205
01009c00000000
0100a000000005
0200a400000000
01009800000305
01009c00000000
0100a000000005
0200a400000000
0100740000080a
0200740000080a
01007800000000
01007c00000107
01008000000003
02008400000001
01007800000001
01007c00000107
01008000000003
02008400000001
01007800000002
01007c00000007
01008000000003
02008400000000
01007800000003
01007c00000107
01008000000003
02008400000001
01007800000100
01007c00000007
01008000000003
02008400000000
01007800000101
01007c00000107
01008000000003
02008400000001
01007800000102
01007c00000107
01008000000003
02008400000001
01007800000103
01007c00000007
01008000000003
02008400000000
01008800000000
01008c847d32ab
01009000000003
020094847d32ab
01008800000001
01008c8489ed53
01009000000003
0200948489ed53
01008800000002
01008c84c1beb7
01009000000003
02009484c1beb7
01008800000003
01008c84f210ac
01009000000003
02009484f210ac
01009800000000
01009c00000000
0100a000000005
0200a400000000
01009800000100
01009c00000000
0100a000000005
0200a400000000
01009800000200
01009c00000000
0100a000000005
0200a400000000
01009800000300
01009c00000000
0100a000000005
0200a400000000
01009800000001
01009c00000000
0100a000000005
0200a400000000
01009800000101
01009c00000000
0100a000000005
0200a400000000
01009800000201
01009c00000000
0100a000000005
0200a400000000
01009800000301
01009c00000000
0100a000000005
0200a400000000
01009800000002
01009c00000000
0100a000000005
0200a400000000
01009800000102
01009c00000000
0100a000000005
0200a400000000
01009800000202
01009c00000000
0100a000000005
0200a400000000
01009800000302
01009c00000000
0100a000000005
0200a400000000
01009800000003
01009c00000000
0100a000000005
0200a400000000
01009800000103
01009c00000000
0100a000000005
0200a400000000
01009800000203
01009c00000000
0100a000000005
0200a400000000
01009800000303
01009c00000000
0100a000000005
0200a400000000
01009800000004
01009c00000000
0100a000000005
0200a400000000
01009800000104
01009c00000000
0100a000000005
0200a400000000
01009800000204
01009c00000000
0100a000000005
0200a400000000
01009800000304
01009c00000000
0100a000000005
0200a400000000
01009800000005
01009c00000000
0100a000000005
0200a400000000
01009800000105
01009c00000000
0100a000000005
0200a400000000
01009800000205
01009c00000000
0100a000000005
0200a400000000
01009800000305
01009c00000000
0100a000000005
0200a400000000
0100740000090a
0200740000090a
01007800000000
01007c00000007
01008000000003
02008400000000
01007800000001
01007c00000007
01008000000003
02008400000000
01007800000002
01007c00000107
01008000000003
02008400000001
01007800000003
01007c00000107
01008000000003
02008400000001
01007800000100
01007c00000007
01008000000003
02008400000000
01007800000101
01007c00000107
01008000000003
02008400000001
01007800000102
01007c00000007
01008000000003
02008400000000
01007800000103
01007c00000107
01008000000003
02008400000001
01008800000000
01008c84f29931
01009000000003
02009484f29931
01008800000001
01008c84f66f6a
01009000000003
02009484f66f6a
01008800000002
01008c852fe3f4
01009000000003
020094852fe3f4
01008800000003
01008c85359a45
01009000000003
02009485359a45
01009800000000
01009c00000000
0100a000000005
0200a400000000
01009800000100
01009c00000000
0100a000000005
0200a400000000
01009800000200
01009c00000000
0100a000000005
0200a400000000
01009800000300
01009c00000000
0100a000000005
0200a400000000
01009800000001
01009c00000000
0100a000000005
0200a400000000
01009800000101
01009c00000000
0100a000000005
0200a400000000
01009800000201
01009c00000000
0100a000000005
0200a400000000
01009800000301
01009c00000000
0100a000000005
0200a400000000
01009800000002
01009c00000000
0100a000000005
0200a400000000
01009800000102
01009c00000000
0100a000000005
0200a400000000
01009800000202
01009c00000000
0100a000000005
0200a400000000
01009800000302
01009c00000000
0100a000000005
0200a400000000
01009800000003
01009c00000000
0100a000000005
0200a400000000
01009800000103
01009c00000000
0100a000000005
0200a400000000
01009800000203
01009c00000000
0100a000000005
0200a400000000
01009800000303
01009c00000000
0100a000000005
0200a400000000
01009800000004
01009c00000000
0100a000000005
0200a400000000
01009800000104
01009c00000000
0100a000000005
0200a400000000
01009800000204
01009c00000000
0100a000000005
0200a400000000
01009800000304
01009c00000000
0100a000000005
0200a400000000
01009800000005
01009c00000000
0100a000000005
0200a400000000
01009800000105
01009c00000000
0100a000000005
0200a400000000
01009800000205
01009c00000000
0100a000000005
0200a400000000
01009800000305
01009c00000000
0100a000000005
0200a400000000
01007400000a0a
02007400000a0a
01007800000000
01007c00000107
01008000000003
02008400000001
01007800000001
01007c00000107
01008000000003
02008400000001
01007800000002
01007c00000007
01008000000003
02008400000000
01007800000003
01007c00000107
01008000000003
02008400000001
01007800000100
01007c00000107
01008000000003
02008400000001
01007800000101
01007c00000107
01008000000003
02008400000001
01007800000102
01007c00000107
01008000000003
02008400000001
01007800000103
01007c00000007
01008000000003
02008400000000
01008800000000
01008c857e66e2
01009000000003
020094857e66e2
01008800000001
01008c85a5240d
01009000000003
02009485a5240d
01008800000002
01008c85bdfbcc
01009000000003
02009485bdfbcc
01008800000003
01008c85d7e553
01009000000003
02009485d7e553
01009800000000
01009c00000000
0100a000000005
0200a400000000
01009800000100
01009c00000000
0100a000000005
0200a400000000
01009800000200
01009c00000000
0100a000000005
0200a400000000
01009800000300
01009c00000000
0100a000000005
0200a400000000
01009800000001
01009c00000000
0100a000000005
0200a400000000
01009800000101
01009c00000000
0100a000000005
0200a400000000
01009800000201
01009c00000000
0100a000000005
0200a400000000
01009800000301
01009c00000000
0100a000000005
0200a400000000
01009800000002
01009c00000000
0100a000000005
0200a400000000
01009800000102
01009c00000000
0100a000000005
0200a400000000
01009800000202
01009c00000000
0100a000000005
0200a400000000
01009800000302
01009c00000000
0100a000000005
0200a400000000
01009800000003
01009c00000000
0100a000000005
0200a400000000
01009800000103
01009c00000000
0100a000000005
0200a400000000
01009800000203
01009c00000000
0100a000000005
0200a400000000
01009800000303
01009c00000000
0100a000000005
0200a400000000
01009800000004
01009c00000000
0100a000000005
0200a400000000
01009800000104
01009c00000000
0100a000000005
0200a400000000
01009800000204
01009c00000000
0100a000000005
0200a400000000
01009800000304
01009c00000000
0100a000000005
0200a400000000
01009800000005
01009c00000000
0100a000000005
0200a400000000
01009800000105
01009c00000000
0100a000000005
0200a400000000
01009800000205
01009c00000000
0100a000000005
0200a400000000
01009800000305
01009c00000000
0100a000000005
0200a400000000
01007400000b0a
02007400000b0a
01007800000000
01007c00000007
01008000000003
02008400000000
01007800000001
01007c00000107
01008000000003
02008400000001
01007800000002
01007c00000007
01008000000003
02008400000000
01007800000003
01007c00000007
01008000000003
02008400000000
01007800000100
01007c00000107
01008000000003
02008400000001
01007800000101
01007c00000007
01008000000003
02008400000000
01007800000102
01007c00000007
01008000000003
02008400000000
01007800000103
01007c00000107
01008000000003
02008400000001
01008800000000
01008c85dd493d
01009000000003
02009485dd493d
01008800000001
01008c85e07440
01009000000003
02009485e07440
01008800000002
01008c85e687e7
01009000000003
02009485e687e7
01008800000003
01008c85e9a292
01009000000003
02009485e9a292
01009800000000
01009c00000000
0100a000000005
0200a400000000
01009800000100
01009c00000000
0100a000000005
0200a400000000
01009800000200
01009c00000000
0100a000000005
0200a400000000
01009800000300
01009c00000000
0100a000000005
0200a400000000
01009800000001
01009c00000000
0100a000000005
0200a400000000
01009800000101
01009c00000000
0100a000000005
0200a400000000
01009800000201
01009c00000000
0100a000000005
0200a400000000
01009800000301
01009c00000000
0100a000000005
0200a400000000
01009800000002
01009c00000000
0100a000000005
0200a400000000
01009800000102
01009c00000000
0100a000000005
0200a400000000
01009800000202
01009c00000000
0100a000000005
0200a400000000
01009800000302
01009c00000000
0100a000000005
0200a400000000
01009800000003
01009c00000000
0100a000000005
0200a400000000
01009800000103
01009c00000000
0100a000000005
0200a400000000
01009800000203
01009c00000000
0100a000000005
0200a400000000
01009800000303
01009c00000000
0100a000000005
0200a400000000
01009800000004
01009c00000000
0100a000000005
0200a400000000
01009800000104
01009c00000000
0100a000000005
0200a400000000
01009800000204
01009c00000000
0100a000000005
0200a400000000
01009800000304
01009c00000000
0100a000000005
0200a400000000
01009800000005
01009c00000000
0100a000000005
0200a400000000
01009800000105
01009c00000000
0100a000000005
0200a400000000
01009800000205
01009c00000000
0100a000000005
0200a400000000
01009800000305
01009c00000000
0100a000000005
0200a400000000
01007400000c0a
02007400000c0a
01007800000000
01007c00000107
01008000000003
02008400000001
01007800000001
01007c00000007
01008000000003
02008400000000
01007800000002
01007c00000107
01008000000003
02008400000001
01007800000003
01007c00000107
01008000000003
02008400000001
01007800000100
01007c00000007
01008000000003
02008400000000
01007800000101
01007c00000107
01008000000003
02008400000001
01007800000102
01007c00000107
01008000000003
02008400000001
01007800000103
01007c00000107
01008000000003
02008400000001
01008800000000
01008c85e9ad24
01009000000003
02009485e9ad24
01008800000001
01008c8627086f
01009000000003
0200948627086f
01008800000002
01008c862de524
01009000000003
020094862de524
01008800000003
01008c865d98c2
01009000000003
020094865d98c2
01009800000000
01009c00000000
0100a000000005
0200a400000000
01009800000100
01009c00000000
0100a000000005
0200a400000000
01009800000200
01009c00000000
0100a000000005
0200a400000000
01009800000300
01009c00000000
0100a000000005
0200a400000000
01009800000001
01009c00000000
0100a000000005
0200a400000000
01009800000101
01009c00000000
0100a000000005
0200a400000000
01009800000201
01009c00000000
0100a000000005
0200a400000000
01009800000301
01009c00000000
0100a000000005
0200a400000000
01009800000002
01009c00000000
0100a000000005
0200a400000000
01009800000102
01009c00000000
0100a000000005
0200a400000000
01009800000202
01009c00000000
0100a000000005
0200a400000000
01009800000302
01009c00000000
0100a000000005
0200a400000000
01009800000003
01009c00000000
0100a000000005
0200a400000000
01009800000103
01009c00000000
0100a000000005
0200a400000000
01009800000203
01009c00000000
0100a000000005
0200a400000000
01009800000303
01009c00000000
0100a000000005
0200a400000000
01009800000004
01009c00000000
0100a000000005
0200a400000000
01009800000104
01009c00000000
0100a000000005
0200a400000000
01009800000204
01009c00000000
0100a000000005
0200a400000000
01009800000304
01009c00000000
0100a000000005
0200a400000000
01009800000005
01009c00000000
0100a000000005
0200a400000000
01009800000105
01009c00000000
0100a000000005
0200a400000000
01009800000205
01009c00000000
0100a000000005
0200a400000000
01009800000305
01009c00000000
0100a000000005
0200a400000000
01007400000d0a
02007400000d0a
01007800000000
01007c00000007
01008000000003
02008400000000
01007800000001
01007c00000007
01008000000003
02008400000000
01007800000002
01007c00000007
01008000000003
02008400000000
01007800000003
01007c00000007
01008000000003
02008400000000
01007800000100
01007c00000107
01008000000003
02008400000001
01007800000101
01007c00000007
01008000000003
02008400000000
01007800000102
01007c00000107
01008000000003
02008400000001
01007800000103
01007c00000107
01008000000003
02008400000001
01008800000000
01008c86717590
01009000000003
02009486717590
01008800000001
01008c868e0abf
01009000000003
020094868e0abf
01008800000002
01008c869e1ef0
01009000000003
020094869e1ef0
01008800000003
01008c86b3f0b6
01009000000003
02009486b3f0b6
01009800000000
01009c00000000
0100a000000005
0200a400000000
01009800000100
01009c00000000
0100a000000005
0200a400000000
01009800000200
01009c00000000
0100a000000005
0200a400000000
01009800000300
01009c00000000
0100a000000005
0200a400000000
01009800000001
01009c00000000
0100a000000005
0200a400000000
01009800000101
01009c00000000
0100a000000005
0200a400000000
01009800000201
01009c00000000
0100a000000005
0200a400000000
01009800000301
01009c00000000
0100a000000005
0200a400000000
01009800000002
01009c00000000
0100a000000005
0200a400000000
01009800000102
01009c00000000
0100a000000005
0200a400000000
01009800000202
01009c00000000
0100a000000005
0200a400000000
01009800000302
01009c00000000
0100a000000005
0200a400000000
01009800000003
01009c00000000
0100a000000005
0200a400000000
01009800000103
01009c00000000
0100a000000005
0200a400000000
01009800000203
01009c00000000
0100a000000005
0200a400000000
01009800000303
01009c00000000
0100a000000005
0200a400000000
01009800000004
01009c00000000
0100a000000005
0200a400000000
01009800000104
01009c00000000
0100a000000005
0200a400000000
01009800000204
01009c00000000
0100a000000005
0200a400000000
01009800000304
01009c00000000
0100a000000005
0200a400000000
01009800000005
01009c00000000
0100a000000005
0200a400000000
01009800000105
01009c00000000
0100a000000005
0200a400000000
01009800000205
01009c00000000
0100a000000005
0200a400000000
01009800000305
01009c00000000
0100a000000005
0200a400000000
01007400000e0a
02007400000e0a
01007800000000
01007c00000107
01008000000003
02008400000001
01007800000001
01007c00000107
01008000000003
02008400000001
01007800000002
01007c00000107
01008000000003
02008400000001
01007800000003
01007c00000107
01008000000003
02008400000001
01007800000100
01007c00000107
01008000000003
02008400000001
01007800000101
01007c00000007
01008000000003
02008400000000
01007800000102
01007c00000107
01008000000003
02008400000001
01007800000103
01007c00000107
01008000000003
02008400000001
01008800000000
01008c86b9f767
01009000000003
02009486b9f767
01008800000001
01008c8740e9e7
01009000000003
0200948740e9e7
01008800000002
01008c8795912a
01009000000003
0200948795912a
01008800000003
01008c87c89ecb
01009000000003
02009487c89ecb
01009800000000
01009c00000000
0100a000000005
0200a400000000
01009800000100
01009c00000000
0100a000000005
0200a400000000
01009800000200
01009c00000000
0100a000000005
0200a400000000
01009800000300
01009c00000000
0100a000000005
0200a400000000
01009800000001
01009c00000000
0100a000000005
0200a400000000
01009800000101
01009c00000000
0100a000000005
0200a400000000
01009800000201
01009c00000000
0100a000000005
0200a400000000
01009800000301
01009c00000000
0100a000000005
0200a400000000
01009800000002
01009c00000000
0100a000000005
0200a400000000
01009800000102
01009c00000000
0100a000000005
0200a400000000
01009800000202
01009c00000000
0100a000000005
0200a400000000
01009800000302
01009c00000000
0100a000000005
0200a400000000
01009800000003
01009c00000000
0100a000000005
0200a400000000
01009800000103
01009c00000000
0100a000000005
0200a400000000
01009800000203
01009c00000000
0100a000000005
0200a400000000
01009800000303
01009c00000000
0100a000000005
0200a400000000
01009800000004
01009c00000000
0100a000000005
0200a400000000
01009800000104
01009c00000000
0100a000000005
0200a400000000
01009800000204
01009c00000000
0100a000000005
0200a400000000
01009800000304
01009c00000000
0100a000000005
0200a400000000
01009800000005
01009c00000000
0100a000000005
0200a400000000
01009800000105
01009c00000000
0100a000000005
0200a400000000
01009800000205
01009c00000000
0100a000000005
0200a400000000
01009800000305
01009c00000000
0100a000000005
0200a400000000
01007400000f0a
02007400000f0a
01007800000000
01007c00000107
01008000000003
02008400000001
01007800000001
01007c00000007
01008000000003
02008400000000
01007800000002
01007c00000107
01008000000003
02008400000001
01007800000003
01007c00000007
01008000000003
02008400000000
01007800000100
01007c00000107
01008000000003
02008400000001
01007800000101
01007c00000007
01008000000003
02008400000000
01007800000102
01007c00000107
01008000000003
02008400000001
01007800000103
01007c00000007
01008000000003
02008400000000
01008800000000
01008c87cad9df
01009000000003
02009487cad9df
01008800000001
01008c87d2ce99
01009000000003
02009487d2ce99
01008800000002
01008c87f970e7
01009000000003
02009487f970e7
01008800000003
01008c883399ff
01009000000003
020094883399ff
01009800000000
01009c00000000
0100a000000005
0200a400000000
01009800000100
01009c00000000
0100a000000005
0200a400000000
01009800000200
01009c00000000
0100a000000005
0200a400000000
01009800000300
01009c00000000
0100a000000005
0200a400000000
01009800000001
01009c00000000
0100a000000005
0200a400000000
01009800000101
01009c00000000
0100a000000005
0200a400000000
01009800000201
01009c00000000
0100a000000005
0200a400000000
01009800000301
01009c00000000
0100a000000005
0200a400000000
01009800000002
01009c00000000
0100a000000005
0200a400000000
01009800000102
01009c00000000
0100a000000005
0200a400000000
01009800000202
01009c00000000
0100a000000005
0200a400000000
01009800000302
01009c00000000
0100a000000005
0200a400000000
01009800000003
01009c00000000
0100a000000005
0200a400000000
01009800000103
01009c00000000
0100a000000005
0200a400000000
01009800000203
01009c00000000
0100a000000005
0200a400000000
01009800000303
01009c00000000
0100a000000005
0200a400000000
01009800000004
01009c00000000
0100a000000005
0200a400000000
01009800000104
01009c00000000
0100a000000005
0200a400000000
01009800000204
01009c00000000
0100a000000005
0200a400000000
01009800000304
01009c00000000
0100a000000005
0200a400000000
01009800000005
01009c00000000
0100a000000005
0200a400000000
01009800000105
01009c00000000
0100a000000005
0200a400000000
01009800000205
01009c00000000
0100a000000005
0200a400000000
01009800000305
01009c00000000
0100a000000005
0200a400000000
0100740000100a
0200740000100a
01007800000000
01007c00000007
01008000000003
02008400000000
01007800000001
01007c00000007
01008000000003
02008400000000
01007800000002
01007c00000007
01008000000003
02008400000000
01007800000003
01007c00000107
01008000000003
02008400000001
01007800000100
01007c00000007
01008000000003
02008400000000
01007800000101
01007c00000107
01008000000003
02008400000001
01007800000102
01007c00000107
01008000000003
02008400000001
01007800000103
01007c00000007
01008000000003
02008400000000
01008800000000
01008c8865c330
01009000000003
0200948865c330
01008800000001
01008c8897f46b
01009000000003
0200948897f46b
01008800000002
01008c88c1f056
01009000000003
02009488c1f056
01008800000003
01008c88cb6d87
01009000000003
02009488cb6d87
01009800000000
01009c00000000
0100a000000005
0200a400000000
01009800000100
01009c00000000
0100a000000005
0200a400000000
01009800000200
01009c00000000
0100a000000005
0200a400000000
01009800000300
01009c00000000
0100a000000005
0200a400000000
01009800000001
01009c00000000
0100a000000005
0200a400000000
01009800000101
01009c00000000
0100a000000005
0200a400000000
01009800000201
01009c00000000
0100a000000005
0200a400000000
01009800000301
01009c00000000
0100a000000005
0200a400000000
01009800000002
01009c00000000
0100a000000005
0200a400000000
01009800000102
01009c00000000
0100a000000005
0200a400000000
01009800000202
01009c00000000
0100a000000005
0200a400000000
01009800000302
01009c00000000
0100a000000005
0200a400000000
01009800000003
01009c00000000
0100a000000005
0200a400000000
01009800000103
01009c00000000
0100a000000005
0200a400000000
01009800000203
01009c00000000
0100a000000005
0200a400000000
01009800000303
01009c00000000
0100a000000005
0200a400000000
01009800000004
01009c00000000
0100a000000005
0200a400000000
01009800000104
01009c00000000
0100a000000005
0200a400000000
01009800000204
01009c00000000
0100a000000005
0200a400000000
01009800000304
01009c00000000
0100a000000005
0200a400000000
01009800000005
01009c00000000
0100a000000005
0200a400000000
01009800000105
01009c00000000
0100a000000005
0200a400000000
01009800000205
01009c00000000
0100a000000005
0200a400000000
01009800000305
01009c00000000
0100a000000005
0200a400000000
0100740000110a
0200740000110a
01007800000000
01007c00000007
01008000000003
02008400000000
01007800000001
01007c00000107
01008000000003
02008400000001
01007800000002
01007c00000007
01008000000003
02008400000000
01007800000003
01007c00000107
01008000000003
02008400000001
01007800000100
01007c00000107
01008000000003
02008400000001
01007800000101
01007c00000107
01008000000003
02008400000001
01007800000102
01007c00000007
01008000000003
02008400000000
01007800000103
01007c00000007
01008000000003
02008400000000
01008800000000
01008c88f943b4
01009000000003
02009488f943b4
01008800000001
01008c88ff631c
01009000000003
02009488ff631c
01008800000002
01008c8913934c
01009000000003
0200948913934c
01008800000003
01008c891e5d20
01009000000003
020094891e5d20
01009800000000
01009c00000000
0100a000000005
0200a400000000
01009800000100
01009c00000000
0100a000000005
0200a400000000
01009800000200
01009c00000000
0100a000000005
0200a400000000
01009800000300
01009c00000000
0100a000000005
0200a400000000
01009800000001
01009c00000000
0100a000000005
0200a400000000
01009800000101
01009c00000000
0100a000000005
0200a400000000
01009800000201
01009c00000000
0100a000000005
0200a400000000
01009800000301
01009c00000000
0100a000000005
0200a400000000
01009800000002
01009c00000000
0100a000000005
0200a400000000
01009800000102
01009c00000000
0100a000000005
0200a400000000
01009800000202
01009c00000000
0100a000000005
0200a400000000
01009800000302
01009c00000000
0100a000000005
0200a400000000
01009800000003
01009c00000000
0100a000000005
0200a400000000
01009800000103
01009c00000000
0100a000000005
0200a400000000
01009800000203
01009c00000000
0100a000000005
0200a400000000
01009800000303
01009c00000000
0100a000000005
0200a400000000
01009800000004
01009c00000000
0100a000000005
0200a400000000
01009800000104
01009c00000000
0100a000000005
0200a400000000
01009800000204
01009c00000000
0100a000000005
0200a400000000
01009800000304
01009c00000000
0100a000000005
0200a400000000
01009800000005
01009c00000000
0100a000000005
0200a400000000
01009800000105
01009c00000000
0100a000000005
0200a400000000
01009800000205
01009c00000000
0100a000000005
0200a400000000
01009800000305
01009c00000000
0100a000000005
0200a400000000
0100740000120a
0200740000120a
01007800000000
01007c00000007
01008000000003
02008400000000
01007800000001
01007c00000107
01008000000003
02008400000001
01007800000002
01007c00000107
01008000000003
02008400000001
01007800000003
01007c00000107
01008000000003
02008400000001
01007800000100
01007c00000007
01008000000003
02008400000000
01007800000101
01007c00000107
01008000000003
02008400000001
01007800000102
01007c00000007
01008000000003
02008400000000
01007800000103
01007c00000007
01008000000003
02008400000000
01008800000000
01008c8935879e
01009000000003
0200948935879e
01008800000001
01008c89442362
01009000000003
02009489442362
01008800000002
01008c89538ec7
01009000000003
02009489538ec7
01008800000003
01008c89f5df1c
01009000000003
02009489f5df1c
01009800000000
01009c00000000
0100a000000005
0200a400000000
01009800000100
01009c00000000
0100a000000005
0200a400000000
01009800000200
01009c00000000
0100a000000005
0200a400000000
01009800000300
01009c00000000
0100a000000005
0200a400000000
01009800000001
01009c00000000
0100a000000005
0200a400000000
01009800000101
01009c00000000
0100a000000005
0200a400000000
01009800000201
01009c00000000
0100a000000005
0200a400000000
01009800000301
01009c00000000
0100a000000005
0200a400000000
01009800000002
01009c00000000
0100a000000005
0200a400000000
01009800000102
01009c00000000
0100a000000005
0200a400000000
01009800000202
01009c00000000
0100a000000005
0200a400000000
01009800000302
01009c00000000
0100a000000005
0200a400000000
01009800000003
01009c00000000
0100a000000005
0200a400000000
01009800000103
01009c00000000
0100a000000005
0200a400000000
01009800000203
01009c00000000
0100a000000005
0200a400000000
01009800000303
01009c00000000
0100a000000005
0200a400000000
01009800000004
01009c00000000
0100a000000005
0200a400000000
01009800000104
01009c00000000
0100a000000005
0200a400000000
01009800000204
01009c00000000
0100a000000005
0200a400000000
01009800000304
01009c00000000
0100a000000005
0200a400000000
01009800000005
01009c00000000
0100a000000005
0200a400000000
01009800000105
01009c00000000
0100a000000005
0200a400000000
01009800000205
01009c00000000
0100a000000005
0200a400000000
01009800000305
01009c00000000
0100a000000005
0200a400000000
0100740000130a
0200740000130a
01007800000000
01007c00000107
01008000000003
02008400000001
01007800000001
01007c00000007
01008000000003
02008400000000
01007800000002
01007c00000007
01008000000003
02008400000000
01007800000003
01007c00000107
01008000000003
02008400000001
01007800000100
01007c00000107
01008000000003
02008400000001
01007800000101
01007c00000007
01008000000003
02008400000000
01007800000102
01007c00000007
01008000000003
02008400000000
01007800000103
01007c00000107
01008000000003
02008400000001
01008800000000
01008c8a632601
01009000000003
0200948a632601
01008800000001
01008c8a68121c
01009000000003
0200948a68121c
01008800000002
01008c8aafe4b7
01009000000003
0200948aafe4b7
01008800000003
01008c8b0f8ea7
01009000000003
0200948b0f8ea7
01009800000000
01009c00000000
0100a000000005
0200a400000000
01009800000100
01009c00000000
0100a000000005
0200a400000000
01009800000200
01009c00000000
0100a000000005
0200a400000000
01009800000300
01009c00000000
0100a000000005
0200a400000000
01009800000001
01009c00000000
0100a000000005
0200a400000000
01009800000101
01009c00000000
0100a000000005
0200a400000000
01009800000201
01009c00000000
0100a000000005
0200a400000000
01009800000301
01009c00000000
0100a000000005
0200a400000000
01009800000002
01009c00000000
0100a000000005
0200a400000000
01009800000102
01009c00000000
0100a000000005
0200a400000000
01009800000202
01009c00000000
0100a000000005
0200a400000000
01009800000302
01009c00000000
0100a000000005
0200a400000000
01009800000003
01009c00000000
0100a000000005
0200a400000000
01009800000103
01009c00000000
0100a000000005
0200a400000000
01009800000203
01009c00000000
0100a000000005
0200a400000000
01009800000303
01009c00000000
0100a000000005
0200a400000000
01009800000005
01009c00000000
0100a000000005
0200a400000000
01009800000105
01009c00000000
0100a000000005
0200a400000000
01009800000205
01009c00000000
0100a000000005
0200a400000000
01009800000305
01009c00000000
0100a000000005
0200a400000000
0100740000000b
0200740000000b
01007800000000
01007c00000107
01008000000003
02008400000001
01007800000001
01007c00000107
01008000000003
02008400000001
01007800000002
01007c00000107
01008000000003
02008400000001
01007800000003
01007c00000007
01008000000003
02008400000000
01007800000100
01007c00000107
01008000000003
02008400000001
01007800000101
01007c00000007
01008000000003
02008400000000
01007800000102
01007c00000007
01008000000003
02008400000000
01007800000103
01007c00000107
01008000000003
02008400000001
01008800000000
01008c8b416fec
01009000000003
0200948b416fec
01008800000001
01008c8b668f43
01009000000003
0200948b668f43
01008800000002
01008c8be53df9
01009000000003
0200948be53df9
01008800000003
01008c8beb7097
01009000000003
0200948beb7097
01009800000000
01009c00000000
0100a000000005
0200a400000000
01009800000100
01009c00000000
0100a000000005
0200a400000000
01009800000200
01009c00000000
0100a000000005
0200a400000000
01009800000300
01009c00000000
0100a000000005
0200a400000000
01009800000001
01009c00000000
0100a000000005
0200a400000000
01009800000101
01009c00000000
0100a000000005
0200a400000000
01009800000201
01009c00000000
0100a000000005
0200a400000000
01009800000301
01009c00000000
0100a000000005
0200a400000000
01009800000002
01009c00000000
0100a000000005
0200a400000000
01009800000102
01009c00000000
0100a000000005
0200a400000000
01009800000202
01009c00000000
0100a000000005
0200a400000000
01009800000302
01009c00000000
0100a000000005
0200a400000000
01009800000003
01009c00000000
0100a000000005
0200a400000000
01009800000103
01009c00000000
0100a000000005
0200a400000000
01009800000203
01009c00000000
0100a000000005
0200a400000000
01009800000303
01009c00000000
0100a000000005
0200a400000000
01009800000004
01009c00000000
0100a000000005
0200a400000000
01009800000104
01009c00000000
0100a000000005
0200a400000000
01009800000204
01009c00000000
0100a000000005
0200a400000000
01009800000304
01009c00000000
0100a000000005
0200a400000000
01009800000005
01009c00000000
0100a000000005
0200a400000000
01009800000105
01009c00000000
0100a000000005
0200a400000000
01009800000205
01009c00000000
0100a000000005
0200a400000000
01009800000305
01009c00000000
0100a000000005
0200a400000000
0100740000010b
0200740000010b
01007800000000
01007c00000007
01008000000003
02008400000000
01007800000001
01007c00000107
01008000000003
02008400000001
01007800000002
01007c00000107
01008000000003
02008400000001
01007800000003
01007c00000007
01008000000003
02008400000000
01007800000100
01007c00000007
01008000000003
02008400000000
01007800000101
01007c00000107
01008000000003
02008400000001
01007800000102
01007c00000007
01008000000003
02008400000000
01007800000103
01007c00000107
01008000000003
02008400000001
01008800000000
01008c8befafa7
01009000000003
0200948befafa7
01008800000001
01008c8c00186a
01009000000003
0200948c00186a
01008800000002
01008c8c37c65e
01009000000003
0200948c37c65e
01008800000003
01008c8ccec05e
01009000000003
0200948ccec05e
01009800000000
01009c00000000
0100a000000005
0200a400000000
01009800000100
01009c00000000
0100a000000005
0200a400000000
01009800000200
01009c00000000
0100a000000005
0200a400000000
01009800000300
01009c00000000
0100a000000005
0200a400000000
01009800000001
01009c00000000
0100a000000005
0200a400000000
01009800000101
01009c00000000
0100a000000005
0200a400000000
01009800000201
01009c00000000
0100a000000005
0200a400000000
01009800000301
01009c00000000
0100a000000005
0200a400000000
01009800000002
01009c00000000
0100a000000005
0200a400000000
01009800000102
01009c00000000
0100a000000005
0200a400000000
01009800000202
01009c00000000
0100a000000005
0200a400000000
01009800000302
01009c00000000
0100a000000005
0200a400000000
01009800000003
01009c00000000
0100a000000005
0200a400000000
01009800000103
01009c00000000
0100a000000005
0200a400000000
01009800000203
01009c00000000
0100a000000005
0200a400000000
01009800000303
01009c00000000
0100a000000005
0200a400000000
01009800000004
01009c00000000
0100a000000005
0200a400000000
01009800000104
01009c00000000
0100a000000005
0200a400000000
01009800000204
01009c00000000
0100a000000005
0200a400000000
01009800000304
01009c00000000
0100a000000005
0200a400000000
01009800000005
01009c00000000
0100a000000005
0200a400000000
01009800000105
01009c00000000
0100a000000005
0200a400000000
01009800000205
01009c00000000
0100a000000005
0200a400000000
01009800000305
01009c00000000
0100a000000005
0200a400000000
0100740000020b
0200740000020b
01007800000000
01007c00000107
01008000000003
02008400000001
01007800000001
01007c00000007
01008000000003
02008400000000
01007800000002
01007c00000107
01008000000003
02008400000001
01007800000003
01007c00000007
01008000000003
02008400000000
01007800000100
01007c00000107
01008000000003
02008400000001
01007800000101
01007c00000107
01008000000003
02008400000001
01007800000102
01007c00000107
01008000000003
02008400000001
01007800000103
01007c00000107
01008000000003
02008400000001
01008800000000
01008c8cd7b088
01009000000003
0200948cd7b088
01008800000001
01008c8cd9cca9
01009000000003
0200948cd9cca9
01008800000002
01008c8d276131
01009000000003
0200948d276131
01008800000003
01008c8d33dfb0
01009000000003
0200948d33dfb0
01009800000000
01009c00000000
0100a000000005
0200a400000000
01009800000100
01009c00000000
0100a000000005
0200a400000000
01009800000200
01009c00000000
0100a000000005
0200a400000000
01009800000300
01009c00000000
0100a000000005
0200a400000000
01009800000001
01009c00000000
0100a000000005
0200a400000000
01009800000101
01009c00000000
0100a000000005
0200a400000000
01009800000201
01009c00000000
0100a000000005
0200a400000000
01009800000301
01009c00000000
0100a000000005
0200a400000000
01009800000002
01009c00000000
0100a000000005
0200a400000000
01009800000102
01009c00000000
0100a000000005
0200a400000000
01009800000202
01009c00000000
0100a000000005
0200a400000000
01009800000302
01009c00000000
0100a000000005
0200a400000000
01009800000003
01009c00000000
0100a000000005
0200a400000000
01009800000103
01009c00000000
0100a000000005
0200a400000000
01009800000203
01009c00000000
0100a000000005
0200a400000000
01009800000303
01009c00000000
0100a000000005
0200a400000000
01009800000004
01009c00000000
0100a000000005
0200a400000000
01009800000104
01009c00000000
0100a000000005
0200a400000000
01009800000204
01009c00000000
0100a000000005
0200a400000000
01009800000304
01009c00000000
0100a000000005
0200a400000000
01009800000005
01009c00000000
0100a000000005
0200a400000000
01009800000105
01009c00000000
0100a000000005
0200a400000000
01009800000205
01009c00000000
0100a000000005
0200a400000000
01009800000305
01009c00000000
0100a000000005
0200a400000000
0100740000030b
0200740000030b
01007800000000
01007c00000007
01008000000003
02008400000000
01007800000001
01007c00000107
01008000000003
02008400000001
01007800000002
01007c00000007
01008000000003
02008400000000
01007800000003
01007c00000007
01008000000003
02008400000000
01007800000100
01007c00000107
01008000000003
02008400000001
01007800000101
01007c00000007
01008000000003
02008400000000
01007800000102
01007c00000107
01008000000003
02008400000001
01007800000103
01007c00000107
01008000000003
02008400000001
01008800000000
01008c8dc8019f
01009000000003
0200948dc8019f
01008800000001
01008c8e00feee
01009000000003
0200948e00feee
01008800000002
01008c8e1ec156
01009000000003
0200948e1ec156
01008800000003
01008c8e1f90c4
01009000000003
0200948e1f90c4
01009800000000
01009c00000000
0100a000000005
0200a400000000
01009800000100
01009c00000000
0100a000000005
0200a400000000
01009800000200
01009c00000000
0100a000000005
0200a400000000
01009800000300
01009c00000000
0100a000000005
0200a400000000
01009800000001
01009c00000000
0100a000000005
0200a400000000
01009800000101
01009c00000000
0100a000000005
0200a400000000
01009800000201
01009c00000000
0100a000000005
0200a400000000
01009800000301
01009c00000000
0100a000000005
0200a400000000
01009800000002
01009c00000000
0100a000000005
0200a400000000
01009800000102
01009c00000000
0100a000000005
0200a400000000
01009800000202
01009c00000000
0100a000000005
0200a400000000
01009800000302
01009c00000000
0100a000000005
0200a400000000
01009800000003
01009c00000000
0100a000000005
0200a400000000
01009800000103
01009c00000000
0100a000000005
0200a400000000
01009800000203
01009c00000000
0100a000000005
0200a400000000
01009800000303
01009c00000000
0100a000000005
0200a400000000
01009800000004
01009c00000000
0100a000000005
0200a400000000
01009800000104
01009c00000000
0100a000000005
0200a400000000
01009800000204
01009c00000000
0100a000000005
0200a400000000
01009800000304
01009c00000000
0100a000000005
0200a400000000
01009800000005
01009c00000000
0100a000000005
0200a400000000
01009800000105
01009c00000000
0100a000000005
0200a400000000
01009800000205
01009c00000000
0100a000000005
0200a400000000
01009800000305
01009c00000000
0100a000000005
0200a400000000
0100740000040b
0200740000040b
01007800000000
01007c00000007
01008000000003
02008400000000
01007800000001
01007c00000007
01008000000003
02008400000000
01007800000002
01007c00000107
01008000000003
02008400000001
01007800000003
01007c00000007
01008000000003
02008400000000
01007800000100
01007c00000007
01008000000003
02008400000000
01007800000101
01007c00000107
01008000000003
02008400000001
01007800000102
01007c00000007
01008000000003
02008400000000
01007800000103
01007c00000007
01008000000003
02008400000000
01008800000000
01008c8eb6e01d
01009000000003
0200948eb6e01d
01008800000001
01008c8eedd89a
01009000000003
0200948eedd89a
01008800000002
01008c8f137f61
01009000000003
0200948f137f61
01008800000003
01008c8f3d702f
01009000000003
0200948f3d702f
01009800000000
01009c00000000
0100a000000005
0200a400000000
01009800000100
01009c00000000
0100a000000005
0200a400000000
01009800000200
01009c00000000
0100a000000005
0200a400000000
01009800000300
01009c00000000
0100a000000005
0200a400000000
01009800000001
01009c00000000
0100a000000005
0200a400000000
01009800000101
01009c00000000
0100a000000005
0200a400000000
01009800000201
01009c00000000
0100a000000005
0200a400000000
01009800000301
01009c00000000
0100a000000005
0200a400000000
01009800000002
01009c00000000
0100a000000005
0200a400000000
01009800000102
01009c00000000
0100a000000005
0200a400000000
01009800000202
01009c00000000
0100a000000005
0200a400000000
01009800000302
01009c00000000
0100a000000005
0200a400000000
01009800000003
01009c00000000
0100a000000005
0200a400000000
01009800000103
01009c00000000
0100a000000005
0200a400000000
01009800000203
01009c00000000
0100a000000005
0200a400000000
01009800000303
01009c00000000
0100a000000005
0200a400000000
01009800000004
01009c00000000
0100a000000005
0200a400000000
01009800000104
01009c00000000
0100a000000005
0200a400000000
01009800000204
01009c00000000
0100a000000005
0200a400000000
01009800000304
01009c00000000
0100a000000005
0200a400000000
01009800000005
01009c00000000
0100a000000005
0200a400000000
01009800000105
01009c00000000
0100a000000005
0200a400000000
01009800000205
01009c00000000
0100a000000005
0200a400000000
01009800000305
01009c00000000
0100a000000005
0200a400000000
0100740000050b
0200740000050b
01007800000000
01007c00000107
01008000000003
02008400000001
01007800000001
01007c00000007
01008000000003
02008400000000
01007800000002
01007c00000107
01008000000003
02008400000001
01007800000003
01007c00000007
01008000000003
02008400000000
01007800000100
01007c00000007
01008000000003
02008400000000
01007800000101
01007c00000007
01008000000003
02008400000000
01007800000102
01007c00000007
01008000000003
02008400000000
01007800000103
01007c00000007
01008000000003
02008400000000
01008800000000
01008c8f51bff3
01009000000003
0200948f51bff3
01008800000001
01008c8fe1e594
01009000000003
0200948fe1e594
01008800000002
01008c903b999e
01009000000003
020094903b999e
01008800000003
01008c9056f6d4
01009000000003
0200949056f6d4
01009800000000
01009c00000000
0100a000000005
0200a400000000
01009800000100
01009c00000000
0100a000000005
0200a400000000
01009800000200
01009c00000000
0100a000000005
0200a400000000
01009800000300
01009c00000000
0100a000000005
0200a400000000
01009800000001
01009c00000000
0100a000000005
0200a400000000
01009800000101
01009c00000000
0100a000000005
0200a400000000
01009800000201
01009c00000000
0100a000000005
0200a400000000
01009800000301
01009c00000000
0100a000000005
0200a400000000
01009800000002
01009c00000000
0100a000000005
0200a400000000
01009800000102
01009c00000000
0100a000000005
0200a400000000
01009800000202
01009c00000000
0100a000000005
0200a400000000
01009800000302
01009c00000000
0100a000000005
0200a400000000
01009800000003
01009c00000000
0100a000000005
0200a400000000
01009800000103
01009c00000000
0100a000000005
0200a400000000
01009800000203
01009c00000000
0100a000000005
0200a400000000
01009800000303
01009c00000000
0100a000000005
0200a400000000
01009800000004
01009c00000000
0100a000000005
0200a400000000
01009800000104
01009c00000000
0100a000000005
0200a400000000
01009800000204
01009c00000000
0100a000000005
0200a400000000
01009800000304
01009c00000000
0100a000000005
0200a400000000
01009800000005
01009c00000000
0100a000000005
0200a400000000
01009800000105
01009c00000000
0100a000000005
0200a400000000
01009800000205
01009c00000000
0100a000000005
0200a400000000
01009800000305
01009c00000000
0100a000000005
0200a400000000
0100740000060b
0200740000060b
01007800000000
01007c00000107
01008000000003
02008400000001
01007800000001
01007c00000107
01008000000003
02008400000001
01007800000002
01007c00000007
01008000000003
02008400000000
01007800000003
01007c00000107
01008000000003
02008400000001
01007800000100
01007c00000107
01008000000003
02008400000001
01007800000101
01007c00000007
01008000000003
02008400000000
01007800000102
01007c00000007
01008000000003
02008400000000
01007800000103
01007c00000107
01008000000003
02008400000001
01008800000000
01008c906a9360
01009000000003
020094906a9360
01008800000001
01008c90afb557
01009000000003
02009490afb557
01008800000002
01008c90d9ee2f
01009000000003
02009490d9ee2f
01008800000003
01008c90dcc189
01009000000003
02009490dcc189
01009800000000
01009c00000000
0100a000000005
0200a400000000
01009800000100
01009c00000000
0100a000000005
0200a400000000
01009800000200
01009c00000000
0100a000000005
0200a400000000
01009800000300
01009c00000000
0100a000000005
0200a400000000
01009800000001
01009c00000000
0100a000000005
0200a400000000
01009800000101
01009c00000000
0100a000000005
0200a400000000
01009800000201
01009c00000000
0100a000000005
0200a400000000
01009800000301
01009c00000000
0100a000000005
0200a400000000
01009800000002
01009c00000000
0100a000000005
0200a400000000
01009800000102
01009c00000000
0100a000000005
0200a400000000
01009800000202
01009c00000000
0100a000000005
0200a400000000
01009800000302
01009c00000000
0100a000000005
0200a400000000
01009800000003
01009c00000000
0100a000000005
0200a400000000
01009800000103
01009c00000000
0100a000000005
0200a400000000
01009800000203
01009c00000000
0100a000000005
0200a400000000
01009800000303
01009c00000000
0100a000000005
0200a400000000
01009800000004
01009c00000000
0100a000000005
0200a400000000
01009800000104
01009c00000000
0100a000000005
0200a400000000
01009800000204
01009c00000000
0100a000000005
0200a400000000
01009800000304
01009c00000000
0100a000000005
0200a400000000
01009800000005
01009c00000000
0100a000000005
0200a400000000
01009800000105
01009c00000000
0100a000000005
0200a400000000
01009800000205
01009c00000000
0100a000000005
0200a400000000
01009800000305
01009c00000000
0100a000000005
0200a400000000
0100740000070b
0200740000070b
01007800000000
01007c00000007
01008000000003
02008400000000
01007800000001
01007c00000007
01008000000003
02008400000000
01007800000002
01007c00000007
01008000000003
02008400000000
01007800000003
01007c00000107
01008000000003
02008400000001
01007800000100
01007c00000007
01008000000003
02008400000000
01007800000101
01007c00000107
01008000000003
02008400000001
01007800000102
01007c00000107
01008000000003
02008400000001
01007800000103
01007c00000107
01008000000003
02008400000001
01008800000000
01008c90fd2660
01009000000003
02009490fd2660
01008800000001
01008c915717bc
01009000000003
020094915717bc
01008800000002
01008c91aba709
01009000000003
02009491aba709
01008800000003
01008c91b3ced7
01009000000003
02009491b3ced7
01009800000000
01009c00000000
0100a000000005
0200a400000000
01009800000100
01009c00000000
0100a000000005
0200a400000000
01009800000200
01009c00000000
0100a000000005
0200a400000000
01009800000300
01009c00000000
0100a000000005
0200a400000000
01009800000001
01009c00000000
0100a000000005
0200a400000000
01009800000101
01009c00000000
0100a000000005
0200a400000000
01009800000201
01009c00000000
0100a000000005
0200a400000000
01009800000301
01009c00000000
0100a000000005
0200a400000000
01009800000002
01009c00000000
0100a000000005
0200a400000000
01009800000102
01009c00000000
0100a000000005
0200a400000000
01009800000202
01009c00000000
0100a000000005
0200a400000000
01009800000302
01009c00000000
0100a000000005
0200a400000000
01009800000003
01009c00000000
0100a000000005
0200a400000000
01009800000103
01009c00000000
0100a000000005
0200a400000000
01009800000203
01009c00000000
0100a000000005
0200a400000000
01009800000303
01009c00000000
0100a000000005
0200a400000000
01009800000004
01009c00000000
0100a000000005
0200a400000000
01009800000104
01009c00000000
0100a000000005
0200a400000000
01009800000204
01009c00000000
0100a000000005
0200a400000000
01009800000304
01009c00000000
0100a000000005
0200a400000000
01009800000005
01009c00000000
0100a000000005
0200a400000000
01009800000105
01009c00000000
0100a000000005
0200a400000000
01009800000205
01009c00000000
0100a000000005
0200a400000000
01009800000305
01009c00000000
0100a000000005
0200a400000000
0100740000080b
0200740000080b
01007800000000
01007c00000107
01008000000003
02008400000001
01007800000001
01007c00000007
01008000000003
02008400000000
01007800000002
01007c00000007
01008000000003
02008400000000
01007800000003
01007c00000007
01008000000003
02008400000000
01007800000100
01007c00000007
01008000000003
02008400000000
01007800000101
01007c00000107
01008000000003
02008400000001
01007800000102
01007c00000007
01008000000003
02008400000000
01007800000103
01007c00000007
01008000000003
02008400000000
01008800000000
01008c91c56d53
01009000000003
02009491c56d53
01008800000001
01008c91d5e31a
01009000000003
02009491d5e31a
01008800000002
01008c91d7f0a3
01009000000003
02009491d7f0a3
01008800000003
01008c91ea7814
01009000000003
02009491ea7814
01009800000000
01009c00000000
0100a000000005
0200a400000000
01009800000100
01009c00000000
0100a000000005
0200a400000000
01009800000200
01009c00000000
0100a000000005
0200a400000000
01009800000300
01009c00000000
0100a000000005
0200a400000000
01009800000001
01009c00000000
0100a000000005
0200a400000000
01009800000101
01009c00000000
0100a000000005
0200a400000000
01009800000201
01009c00000000
0100a000000005
0200a400000000
01009800000301
01009c00000000
0100a000000005
0200a400000000
01009800000002
01009c00000000
0100a000000005
0200a400000000
01009800000102
01009c00000000
0100a000000005
0200a400000000
01009800000202
01009c00000000
0100a000000005
0200a400000000
01009800000302
01009c00000000
0100a000000005
0200a400000000
01009800000003
01009c00000000
0100a000000005
0200a400000000
01009800000103
01009c00000000
0100a000000005
0200a400000000
01009800000203
01009c00000000
0100a000000005
0200a400000000
01009800000303
01009c00000000
0100a000000005
0200a400000000
01009800000004
01009c00000000
0100a000000005
0200a400000000
01009800000104
01009c00000000
0100a000000005
0200a400000000
01009800000204
01009c00000000
0100a000000005
0200a400000000
01009800000304
01009c00000000
0100a000000005
0200a400000000
01009800000005
01009c00000000
0100a000000005
0200a400000000
01009800000105
01009c00000000
0100a000000005
0200a400000000
01009800000205
01009c00000000
0100a000000005
0200a400000000
01009800000305
01009c00000000
0100a000000005
0200a400000000
0100740000090b
0200740000090b
01007800000000
01007c00000107
01008000000003
02008400000001
01007800000001
01007c00000007
01008000000003
02008400000000
01007800000002
01007c00000107
01008000000003
02008400000001
01007800000003
01007c00000107
01008000000003
02008400000001
01007800000100
01007c00000007
01008000000003
02008400000000
01007800000101
01007c00000007
01008000000003
02008400000000
01007800000102
01007c00000007
01008000000003
02008400000000
01007800000103
01007c00000007
01008000000003
02008400000000
01008800000000
01008c91f3fe85
01009000000003
02009491f3fe85
01008800000001
01008c920f0e5c
01009000000003
020094920f0e5c
01008800000002
01008c922d3e83
01009000000003
020094922d3e83
01008800000003
01008c924952a8
01009000000003
020094924952a8
01009800000000
01009c00000000
0100a000000005
0200a400000000
01009800000100
01009c00000000
0100a000000005
0200a400000000
01009800000200
01009c00000000
0100a000000005
0200a400000000
01009800000300
01009c00000000
0100a000000005
0200a400000000
01009800000001
01009c00000000
0100a000000005
0200a400000000
01009800000101
01009c00000000
0100a000000005
0200a400000000
01009800000201
01009c00000000
0100a000000005
0200a400000000
01009800000301
01009c00000000
0100a000000005
0200a400000000
01009800000002
01009c00000000
0100a000000005
0200a400000000
01009800000102
01009c00000000
0100a000000005
0200a400000000
01009800000202
01009c00000000
0100a000000005
0200a400000000
01009800000302
01009c00000000
0100a000000005
0200a400000000
01009800000003
01009c00000000
0100a000000005
0200a400000000
01009800000103
01009c00000000
0100a000000005
0200a400000000
01009800000203
01009c00000000
0100a000000005
0200a400000000
01009800000303
01009c00000000
0100a000000005
0200a400000000
01009800000004
01009c00000000
0100a000000005
0200a400000000
01009800000104
01009c00000000
0100a000000005
0200a400000000
01009800000204
01009c00000000
0100a000000005
0200a400000000
01009800000304
01009c00000000
0100a000000005
0200a400000000
01009800000005
01009c00000000
0100a000000005
0200a400000000
01009800000105
01009c00000000
0100a000000005
0200a400000000
01009800000205
01009c00000000
0100a000000005
0200a400000000
01009800000305
01009c00000000
0100a000000005
0200a400000000
01007400000a0b
02007400000a0b
01007800000000
01007c00000107
01008000000003
02008400000001
01007800000001
01007c00000107
01008000000003
02008400000001
01007800000002
01007c00000007
01008000000003
02008400000000
01007800000003
01007c00000107
01008000000003
02008400000001
01007800000100
01007c00000107
01008000000003
02008400000001
01007800000101
01007c00000107
01008000000003
02008400000001
01007800000102
01007c00000107
01008000000003
02008400000001
01007800000103
01007c00000107
01008000000003
02008400000001
01008800000000
01008c92888ae0
01009000000003
02009492888ae0
01008800000001
01008c92b0b7e3
01009000000003
02009492b0b7e3
01008800000002
01008c931ef0f8
01009000000003
020094931ef0f8
01008800000003
01008c938c4732
01009000000003
020094938c4732
01009800000000
01009c00000000
0100a000000005
0200a400000000
01009800000100
01009c00000000
0100a000000005
0200a400000000
01009800000200
01009c00000000
0100a000000005
0200a400000000
01009800000300
01009c00000000
0100a000000005
0200a400000000
01009800000001
01009c00000000
0100a000000005
0200a400000000
01009800000101
01009c00000000
0100a000000005
0200a400000000
01009800000201
01009c00000000
0100a000000005
0200a400000000
01009800000301
01009c00000000
0100a000000005
0200a400000000
01009800000002
01009c00000000
0100a000000005
0200a400000000
01009800000102
01009c00000000
0100a000000005
0200a400000000
01009800000202
01009c00000000
0100a000000005
0200a400000000
01009800000302
01009c00000000
0100a000000005
0200a400000000
01009800000003
01009c00000000
0100a000000005
0200a400000000
01009800000103
01009c00000000
0100a000000005
0200a400000000
01009800000203
01009c00000000
0100a000000005
0200a400000000
01009800000303
01009c00000000
0100a000000005
0200a400000000
01009800000004
01009c00000000
0100a000000005
0200a400000000
01009800000104
01009c00000000
0100a000000005
0200a400000000
01009800000204
01009c00000000
0100a000000005
0200a400000000
01009800000304
01009c00000000
0100a000000005
0200a400000000
01009800000005
01009c00000000
0100a000000005
0200a400000000
01009800000105
01009c00000000
0100a000000005
0200a400000000
01009800000205
01009c00000000
0100a000000005
0200a400000000
01009800000305
01009c00000000
0100a000000005
0200a400000000
01007400000b0b
02007400000b0b
01007800000000
01007c00000007
01008000000003
02008400000000
01007800000001
01007c00000107
01008000000003
02008400000001
01007800000002
01007c00000107
01008000000003
02008400000001
01007800000003
01007c00000007
01008000000003
02008400000000
01007800000100
01007c00000107
01008000000003
02008400000001
01007800000101
01007c00000007
01008000000003
02008400000000
01007800000102
01007c00000107
01008000000003
02008400000001
01007800000103
01007c00000007
01008000000003
02008400000000
01008800000000
01008c9394d7c2
01009000000003
0200949394d7c2
01008800000001
01008c93cfbd8b
01009000000003
02009493cfbd8b
01008800000002
01008c93d7cb39
01009000000003
02009493d7cb39
01008800000003
01008c94076644
01009000000003
02009494076644
01009800000000
01009c00000000
0100a000000005
0200a400000000
01009800000100
01009c00000000
0100a000000005
0200a400000000
01009800000200
01009c00000000
0100a000000005
0200a400000000
01009800000300
01009c00000000
0100a000000005
0200a400000000
01009800000001
01009c00000000
0100a000000005
0200a400000000
01009800000101
01009c00000000
0100a000000005
0200a400000000
01009800000201
01009c00000000
0100a000000005
0200a400000000
01009800000301
01009c00000000
0100a000000005
0200a400000000
01009800000002
01009c00000000
0100a000000005
0200a400000000
01009800000102
01009c00000000
0100a000000005
0200a400000000
01009800000202
01009c00000000
0100a000000005
0200a400000000
01009800000302
01009c00000000
0100a000000005
0200a400000000
01009800000003
01009c00000000
0100a000000005
0200a400000000
01009800000103
01009c00000000
0100a000000005
0200a400000000
01009800000203
01009c00000000
0100a000000005
0200a400000000
01009800000303
01009c00000000
0100a000000005
0200a400000000
01009800000004
01009c00000000
0100a000000005
0200a400000000
01009800000104
01009c00000000
0100a000000005
0200a400000000
01009800000204
01009c00000000
0100a000000005
0200a400000000
01009800000304
01009c00000000
0100a000000005
0200a400000000
01009800000005
01009c00000000
0100a000000005
0200a400000000
01009800000105
01009c00000000
0100a000000005
0200a400000000
01009800000205
01009c00000000
0100a000000005
0200a400000000
01009800000305
01009c00000000
0100a000000005
0200a400000000
01007400000c0b
02007400000c0b
01007800000000
01007c00000107
01008000000003
02008400000001
01007800000001
01007c00000007
01008000000003
02008400000000
01007800000002
01007c00000107
01008000000003
02008400000001
01007800000003
01007c00000107
01008000000003
02008400000001
01007800000100
01007c00000007
01008000000003
02008400000000
01007800000101
01007c00000007
01008000000003
02008400000000
01007800000102
01007c00000107
01008000000003
02008400000001
01007800000103
01007c00000007
01008000000003
02008400000000
01008800000000
01008c942cd307
01009000000003
020094942cd307
01008800000001
01008c943460c5
01009000000003
020094943460c5
01008800000002
01008c94543bb7
01009000000003
02009494543bb7
01008800000003
01008c94c570db
01009000000003
02009494c570db
01009800000000
01009c00000000
0100a000000005
0200a400000000
01009800000100
01009c00000000
0100a000000005
0200a400000000
01009800000200
01009c00000000
0100a000000005
0200a400000000
01009800000300
01009c00000000
0100a000000005
0200a400000000
01009800000001
01009c00000000
0100a000000005
0200a400000000
01009800000101
01009c00000000
0100a000000005
0200a400000000
01009800000201
01009c00000000
0100a000000005
0200a400000000
01009800000301
01009c00000000
0100a000000005
0200a400000000
01009800000002
01009c00000000
0100a000000005
0200a400000000
01009800000102
01009c00000000
0100a000000005
0200a400000000
01009800000202
01009c00000000
0100a000000005
0200a400000000
01009800000302
01009c00000000
0100a000000005
0200a400000000
01009800000003
01009c00000000
0100a000000005
0200a400000000
01009800000103
01009c00000000
0100a000000005
0200a400000000
01009800000203
01009c00000000
0100a000000005
0200a400000000
01009800000303
01009c00000000
0100a000000005
0200a400000000
01009800000004
01009c00000000
0100a000000005
0200a400000000
01009800000104
01009c00000000
0100a000000005
0200a400000000
01009800000204
01009c00000000
0100a000000005
0200a400000000
01009800000304
01009c00000000
0100a000000005
0200a400000000
01009800000005
01009c00000000
0100a000000005
0200a400000000
01009800000105
01009c00000000
0100a000000005
0200a400000000
01009800000205
01009c00000000
0100a000000005
0200a400000000
01009800000305
01009c00000000
0100a000000005
0200a400000000
01007400000d0b
02007400000d0b
01007800000000
01007c00000007
01008000000003
02008400000000
01007800000001
01007c00000107
01008000000003
02008400000001
01007800000002
01007c00000107
01008000000003
02008400000001
01007800000003
01007c00000007
01008000000003
02008400000000
01007800000100
01007c00000007
01008000000003
02008400000000
01007800000101
01007c00000107
01008000000003
02008400000001
01007800000102
01007c00000107
01008000000003
02008400000001
01007800000103
01007c00000107
01008000000003
02008400000001
01008800000000
01008c94e4dfac
01009000000003
02009494e4dfac
01008800000001
01008c95025976
01009000000003
02009495025976
01008800000002
01008c95065294
01009000000003
02009495065294
01008800000003
01008c9538d07c
01009000000003
0200949538d07c
01009800000000
01009c00000000
0100a000000005
0200a400000000
01009800000100
01009c00000000
0100a000000005
0200a400000000
01009800000200
01009c00000000
0100a000000005
0200a400000000
01009800000300
01009c00000000
0100a000000005
0200a400000000
01009800000001
01009c00000000
0100a000000005
0200a400000000
01009800000101
01009c00000000
0100a000000005
0200a400000000
01009800000201
01009c00000000
0100a000000005
0200a400000000
01009800000301
01009c00000000
0100a000000005
0200a400000000
01009800000002
01009c00000000
0100a000000005
0200a400000000
01009800000102
01009c00000000
0100a000000005
0200a400000000
01009800000202
01009c00000000
0100a000000005
0200a400000000
01009800000302
01009c00000000
0100a000000005
0200a400000000
01009800000003
01009c00000000
0100a000000005
0200a400000000
01009800000103
01009c00000000
0100a000000005
0200a400000000
01009800000203
01009c00000000
0100a000000005
0200a400000000
01009800000303
01009c00000000
0100a000000005
0200a400000000
01009800000004
01009c00000000
0100a000000005
0200a400000000
01009800000104
01009c00000000
0100a000000005
0200a400000000
01009800000204
01009c00000000
0100a000000005
0200a400000000
01009800000304
01009c00000000
0100a000000005
0200a400000000
01009800000005
01009c00000000
0100a000000005
0200a400000000
01009800000105
01009c00000000
0100a000000005
0200a400000000
01009800000205
01009c00000000
0100a000000005
0200a400000000
01009800000305
01009c00000000
0100a000000005
0200a400000000
01007400000e0b
02007400000e0b
01007800000000
01007c00000007
01008000000003
02008400000000
01007800000001
01007c00000007
01008000000003
02008400000000
01007800000002
01007c00000107
01008000000003
02008400000001
01007800000003
01007c00000007
01008000000003
02008400000000
01007800000100
01007c00000107
01008000000003
02008400000001
01007800000101
01007c00000007
01008000000003
02008400000000
01007800000102
01007c00000107
01008000000003
02008400000001
01007800000103
01007c00000007
01008000000003
02008400000000
01008800000000
01008c9567b86c
01009000000003
0200949567b86c
01008800000001
01008c95b7f81b
01009000000003
02009495b7f81b
01008800000002
01008c95c74e8d
01009000000003
02009495c74e8d
01008800000003
01008c95ec7782
01009000000003
02009495ec7782
01009800000000
01009c00000000
0100a000000005
0200a400000000
01009800000100
01009c00000000
0100a000000005
0200a400000000
01009800000200
01009c00000000
0100a000000005
0200a400000000
01009800000300
01009c00000000
0100a000000005
0200a400000000
01009800000001
01009c00000000
0100a000000005
0200a400000000
01009800000101
01009c00000000
0100a000000005
0200a400000000
01009800000201
01009c00000000
0100a000000005
0200a400000000
01009800000301
01009c00000000
0100a000000005
0200a400000000
01009800000002
01009c00000000
0100a000000005
0200a400000000
01009800000102
01009c00000000
0100a000000005
0200a400000000
01009800000202
01009c00000000
0100a000000005
0200a400000000
01009800000302
01009c00000000
0100a000000005
0200a400000000
01009800000003
01009c00000000
0100a000000005
0200a400000000
01009800000103
01009c00000000
0100a000000005
0200a400000000
01009800000203
01009c00000000
0100a000000005
0200a400000000
01009800000303
01009c00000000
0100a000000005
0200a400000000
01009800000004
01009c00000000
0100a000000005
0200a400000000
01009800000104
01009c00000000
0100a000000005
0200a400000000
01009800000204
01009c00000000
0100a000000005
0200a400000000
01009800000304
01009c00000000
0100a000000005
0200a400000000
01009800000005
01009c00000000
0100a000000005
0200a400000000
01009800000105
01009c00000000
0100a000000005
0200a400000000
01009800000205
01009c00000000
0100a000000005
0200a400000000
01009800000305
01009c00000000
0100a000000005
0200a400000000
01007400000f0b
02007400000f0b
01007800000000
01007c00000007
01008000000003
02008400000000
01007800000001
01007c00000007
01008000000003
02008400000000
01007800000002
01007c00000107
01008000000003
02008400000001
01007800000003
01007c00000107
01008000000003
02008400000001
01007800000100
01007c00000007
01008000000003
02008400000000
01007800000101
01007c00000107
01008000000003
02008400000001
01007800000102
01007c00000007
01008000000003
02008400000000
01007800000103
01007c00000007
01008000000003
02008400000000
01008800000000
01008c9606c216
01009000000003
0200949606c216
01008800000001
01008c960ab10b
01009000000003
020094960ab10b
01008800000002
01008c96a43d24
01009000000003
02009496a43d24
01008800000003
01008c96de3c51
01009000000003
02009496de3c51
01009800000000
01009c00000000
0100a000000005
0200a400000000
01009800000100
01009c00000000
0100a000000005
0200a400000000
01009800000200
01009c00000000
0100a000000005
0200a400000000
01009800000300
01009c00000000
0100a000000005
0200a400000000
01009800000001
01009c00000000
0100a000000005
0200a400000000
01009800000101
01009c00000000
0100a000000005
0200a400000000
01009800000201
01009c00000000
0100a000000005
0200a400000000
01009800000301
01009c00000000
0100a000000005
0200a400000000
01009800000002
01009c00000000
0100a000000005
0200a400000000
01009800000102
01009c00000000
0100a000000005
0200a400000000
01009800000202
01009c00000000
0100a000000005
0200a400000000
01009800000302
01009c00000000
0100a000000005
0200a400000000
01009800000003
01009c00000000
0100a000000005
0200a400000000
01009800000103
01009c00000000
0100a000000005
0200a400000000
01009800000203
01009c00000000
0100a000000005
0200a400000000
01009800000303
01009c00000000
0100a000000005
0200a400000000
01009800000004
01009c00000000
0100a000000005
0200a400000000
01009800000104
01009c00000000
0100a000000005
0200a400000000
01009800000204
01009c00000000
0100a000000005
0200a400000000
01009800000304
01009c00000000
0100a000000005
0200a400000000
01009800000005
01009c00000000
0100a000000005
0200a400000000
01009800000105
01009c00000000
0100a000000005
0200a400000000
01009800000205
01009c00000000
0100a000000005
0200a400000000
01009800000305
01009c00000000
0100a000000005
0200a400000000
0100740000100b
0200740000100b
01007800000000
01007c00000007
01008000000003
02008400000000
01007800000001
01007c00000007
01008000000003
02008400000000
01007800000002
01007c00000107
01008000000003
02008400000001
01007800000003
01007c00000107
01008000000003
02008400000001
01007800000100
01007c00000107
01008000000003
02008400000001
01007800000101
01007c00000107
01008000000003
02008400000001
01007800000102
01007c00000107
01008000000003
02008400000001
01007800000103
01007c00000007
01008000000003
02008400000000
01008800000000
01008c96fd5dd8
01009000000003
02009496fd5dd8
01008800000001
01008c971979f2
01009000000003
020094971979f2
01008800000002
01008c9767e41a
01009000000003
0200949767e41a
01008800000003
01008c9777da50
01009000000003
0200949777da50
01009800000000
01009c00000000
0100a000000005
0200a400000000
01009800000100
01009c00000000
0100a000000005
0200a400000000
01009800000200
01009c00000000
0100a000000005
0200a400000000
01009800000300
01009c00000000
0100a000000005
0200a400000000
01009800000001
01009c00000000
0100a000000005
0200a400000000
01009800000101
01009c00000000
0100a000000005
0200a400000000
01009800000201
01009c00000000
0100a000000005
0200a400000000
01009800000301
01009c00000000
0100a000000005
0200a400000000
01009800000002
01009c00000000
0100a000000005
0200a400000000
01009800000102
01009c00000000
0100a000000005
0200a400000000
01009800000202
01009c00000000
0100a000000005
0200a400000000
01009800000302
01009c00000000
0100a000000005
0200a400000000
01009800000003
01009c00000000
0100a000000005
0200a400000000
01009800000103
01009c00000000
0100a000000005
0200a400000000
01009800000203
01009c00000000
0100a000000005
0200a400000000
01009800000303
01009c00000000
0100a000000005
0200a400000000
01009800000004
01009c00000000
0100a000000005
0200a400000000
01009800000104
01009c00000000
0100a000000005
0200a400000000
01009800000204
01009c00000000
0100a000000005
0200a400000000
01009800000304
01009c00000000
0100a000000005
0200a400000000
01009800000005
01009c00000000
0100a000000005
0200a400000000
01009800000105
01009c00000000
0100a000000005
0200a400000000
01009800000205
01009c00000000
0100a000000005
0200a400000000
01009800000305
01009c00000000
0100a000000005
0200a400000000
0100740000110b
0200740000110b
01007800000000
01007c00000007
01008000000003
02008400000000
01007800000001
01007c00000107
01008000000003
02008400000001
01007800000002
01007c00000107
01008000000003
02008400000001
01007800000003
01007c00000007
01008000000003
02008400000000
01007800000100
01007c00000007
01008000000003
02008400000000
01007800000101
01007c00000107
01008000000003
02008400000001
01007800000102
01007c00000007
01008000000003
02008400000000
01007800000103
01007c00000007
01008000000003
02008400000000
01008800000000
01008c979dac7d
01009000000003
020094979dac7d
01008800000001
01008c97a89e1b
01009000000003
02009497a89e1b
01008800000002
01008c97b5f2a9
01009000000003
02009497b5f2a9
01008800000003
01008c982cf873
01009000000003
020094982cf873
01009800000000
01009c00000000
0100a000000005
0200a400000000
01009800000100
01009c00000000
0100a000000005
0200a400000000
01009800000200
01009c00000000
0100a000000005
0200a400000000
01009800000300
01009c00000000
0100a000000005
0200a400000000
01009800000001
01009c00000000
0100a000000005
0200a400000000
01009800000101
01009c00000000
0100a000000005
0200a400000000
01009800000201
01009c00000000
0100a000000005
0200a400000000
01009800000301
01009c00000000
0100a000000005
0200a400000000
01009800000002
01009c00000000
0100a000000005
0200a400000000
01009800000102
01009c00000000
0100a000000005
0200a400000000
01009800000202
01009c00000000
0100a000000005
0200a400000000
01009800000302
01009c00000000
0100a000000005
0200a400000000
01009800000003
01009c00000000
0100a000000005
0200a400000000
01009800000103
01009c00000000
0100a000000005
0200a400000000
01009800000203
01009c00000000
0100a000000005
0200a400000000
01009800000303
01009c00000000
0100a000000005
0200a400000000
01009800000004
01009c00000000
0100a000000005
0200a400000000
01009800000104
01009c00000000
0100a000000005
0200a400000000
01009800000204
01009c00000000
0100a000000005
0200a400000000
01009800000304
01009c00000000
0100a000000005
0200a400000000
01009800000005
01009c00000000
0100a000000005
0200a400000000
01009800000105
01009c00000000
0100a000000005
0200a400000000
01009800000205
01009c00000000
0100a000000005
0200a400000000
01009800000305
01009c00000000
0100a000000005
0200a400000000
0100740000120b
0200740000120b
01007800000000
01007c00000107
01008000000003
02008400000001
01007800000001
01007c00000007
01008000000003
02008400000000
01007800000002
01007c00000007
01008000000003
02008400000000
01007800000003
01007c00000107
01008000000003
02008400000001
01007800000100
01007c00000007
01008000000003
02008400000000
01007800000101
01007c00000107
01008000000003
02008400000001
01007800000102
01007c00000007
01008000000003
02008400000000
01007800000103
01007c00000107
01008000000003
02008400000001
01008800000000
01008c984a182a
01009000000003
020094984a182a
01008800000001
01008c985426bc
01009000000003
020094985426bc
01008800000002
01008c98579f73
01009000000003
02009498579f73
01008800000003
01008c98796da9
01009000000003
02009498796da9
01009800000000
01009c00000000
0100a000000005
0200a400000000
01009800000100
01009c00000000
0100a000000005
0200a400000000
01009800000200
01009c00000000
0100a000000005
0200a400000000
01009800000300
01009c00000000
0100a000000005
0200a400000000
01009800000001
01009c00000000
0100a000000005
0200a400000000
01009800000101
01009c00000000
0100a000000005
0200a400000000
01009800000201
01009c00000000
0100a000000005
0200a400000000
01009800000301
01009c00000000
0100a000000005
0200a400000000
01009800000002
01009c00000000
0100a000000005
0200a400000000
01009800000102
01009c00000000
0100a000000005
0200a400000000
01009800000202
01009c00000000
0100a000000005
0200a400000000
01009800000302
01009c00000000
0100a000000005
0200a400000000
01009800000003
01009c00000000
0100a000000005
0200a400000000
01009800000103
01009c00000000
0100a000000005
0200a400000000
01009800000203
01009c00000000
0100a000000005
0200a400000000
01009800000303
01009c00000000
0100a000000005
0200a400000000
01009800000004
01009c00000000
0100a000000005
0200a400000000
01009800000104
01009c00000000
0100a000000005
0200a400000000
01009800000204
01009c00000000
0100a000000005
0200a400000000
01009800000304
01009c00000000
0100a000000005
0200a400000000
01009800000005
01009c00000000
0100a000000005
0200a400000000
01009800000105
01009c00000000
0100a000000005
0200a400000000
01009800000205
01009c00000000
0100a000000005
0200a400000000
01009800000305
01009c00000000
0100a000000005
0200a400000000
0100740000130b
0200740000130b
01007800000000
01007c00000007
01008000000003
02008400000000
01007800000001
01007c00000007
01008000000003
02008400000000
01007800000002
01007c00000007
01008000000003
02008400000000
01007800000003
01007c00000007
01008000000003
02008400000000
01007800000100
01007c00000107
01008000000003
02008400000001
01007800000101
01007c00000007
01008000000003
02008400000000
01007800000102
01007c00000107
01008000000003
02008400000001
01007800000103
01007c00000007
01008000000003
02008400000000
01008800000000
01008c987d7a6f
01009000000003
020094987d7a6f
01008800000001
01008c98aacc8e
01009000000003
02009498aacc8e
01008800000002
01008c98b6549d
01009000000003
02009498b6549d
01008800000003
01008c98ff1be0
01009000000003
02009498ff1be0
01009800000000
01009c00000000
0100a000000005
0200a400000000
01009800000100
01009c00000000
0100a000000005
0200a400000000
01009800000200
01009c00000000
0100a000000005
0200a400000000
01009800000300
01009c00000000
0100a000000005
0200a400000000
01009800000001
01009c00000000
0100a000000005
0200a400000000
01009800000101
01009c00000000
0100a000000005
0200a400000000
01009800000201
01009c00000000
0100a000000005
0200a400000000
01009800000301
01009c00000000
0100a000000005
0200a400000000
01009800000002
01009c00000000
0100a000000005
0200a400000000
01009800000102
01009c00000000
0100a000000005
0200a400000000
01009800000202
01009c00000000
0100a000000005
0200a400000000
01009800000302
01009c00000000
0100a000000005
0200a400000000
01009800000003
01009c00000000
0100a000000005
0200a400000000
01009800000103
01009c00000000
0100a000000005
0200a400000000
01009800000203
01009c00000000
0100a000000005
0200a400000000
01009800000303
01009c00000000
0100a000000005
0200a400000000
01009800000005
01009c00000000
0100a000000005
0200a400000000
01009800000105
01009c00000000
0100a000000005
0200a400000000
01009800000205
01009c00000000
0100a000000005
0200a400000000
01009800000305
01009c00000000
0100a000000005
0200a400000000
0100740000000c
0200740000000c
01007800000000
01007c00000007
01008000000003
02008400000000
01007800000001
01007c00000007
01008000000003
02008400000000
01007800000002
01007c00000107
01008000000003
02008400000001
01007800000003
01007c00000107
01008000000003
02008400000001
01007800000100
01007c00000107
01008000000003
02008400000001
01007800000101
01007c00000107
01008000000003
02008400000001
01007800000102
01007c00000007
01008000000003
02008400000000
01007800000103
01007c00000107
01008000000003
02008400000001
01008800000000
01008c990869ea
01009000000003
020094990869ea
01008800000001
01008c992eb0b6
01009000000003
020094992eb0b6
01008800000002
01008c99430105
01009000000003
02009499430105
01008800000003
01008c99d1a4f4
01009000000003
02009499d1a4f4
01009800000000
01009c00000000
0100a000000005
0200a400000000
01009800000100
01009c00000000
0100a000000005
0200a400000000
01009800000200
01009c00000000
0100a000000005
0200a400000000
01009800000300
01009c00000000
0100a000000005
0200a400000000
01009800000001
01009c00000000
0100a000000005
0200a400000000
01009800000101
01009c00000000
0100a000000005
0200a400000000
01009800000201
01009c00000000
0100a000000005
0200a400000000
01009800000301
01009c00000000
0100a000000005
0200a400000000
01009800000002
01009c00000000
0100a000000005
0200a400000000
01009800000102
01009c00000000
0100a000000005
0200a400000000
01009800000202
01009c00000000
0100a000000005
0200a400000000
01009800000302
01009c00000000
0100a000000005
0200a400000000
01009800000003
01009c00000000
0100a000000005
0200a400000000
01009800000103
01009c00000000
0100a000000005
0200a400000000
01009800000203
01009c00000000
0100a000000005
0200a400000000
01009800000303
01009c00000000
0100a000000005
0200a400000000
01009800000004
01009c00000000
0100a000000005
0200a400000000
01009800000104
01009c00000000
0100a000000005
0200a400000000
01009800000204
01009c00000000
0100a000000005
0200a400000000
01009800000304
01009c00000000
0100a000000005
0200a400000000
01009800000005
01009c00000000
0100a000000005
0200a400000000
01009800000105
01009c00000000
0100a000000005
0200a400000000
01009800000205
01009c00000000
0100a000000005
0200a400000000
01009800000305
01009c00000000
0100a000000005
0200a400000000
0100740000010c
0200740000010c
01007800000000
01007c00000107
01008000000003
02008400000001
01007800000001
01007c00000007
01008000000003
02008400000000
01007800000002
01007c00000007
01008000000003
02008400000000
01007800000003
01007c00000107
01008000000003
02008400000001
01007800000100
01007c00000107
01008000000003
02008400000001
01007800000101
01007c00000007
01008000000003
02008400000000
01007800000102
01007c00000107
01008000000003
02008400000001
01007800000103
01007c00000107
01008000000003
02008400000001
01008800000000
01008c99d37fa1
01009000000003
02009499d37fa1
01008800000001
01008c9a1e3c46
01009000000003
0200949a1e3c46
01008800000002
01008c9a2df796
01009000000003
0200949a2df796
01008800000003
01008c9a3108ca
01009000000003
0200949a3108ca
01009800000000
01009c00000000
0100a000000005
0200a400000000
01009800000100
01009c00000000
0100a000000005
0200a400000000
01009800000200
01009c00000000
0100a000000005
0200a400000000
01009800000300
01009c00000000
0100a000000005
0200a400000000
01009800000001
01009c00000000
0100a000000005
0200a400000000
01009800000101
01009c00000000
0100a000000005
0200a400000000
01009800000201
01009c00000000
0100a000000005
0200a400000000
01009800000301
01009c00000000
0100a000000005
0200a400000000
01009800000002
01009c00000000
0100a000000005
0200a400000000
01009800000102
01009c00000000
0100a000000005
0200a400000000
01009800000202
01009c00000000
0100a000000005
0200a400000000
01009800000302
01009c00000000
0100a000000005
0200a400000000
01009800000003
01009c00000000
0100a000000005
0200a400000000
01009800000103
01009c00000000
0100a000000005
0200a400000000
01009800000203
01009c00000000
0100a000000005
0200a400000000
01009800000303
01009c00000000
0100a000000005
0200a400000000
01009800000004
01009c00000000
0100a000000005
0200a400000000
01009800000104
01009c00000000
0100a000000005
0200a400000000
01009800000204
01009c00000000
0100a000000005
0200a400000000
01009800000304
01009c00000000
0100a000000005
0200a400000000
01009800000005
01009c00000000
0100a000000005
0200a400000000
01009800000105
01009c00000000
0100a000000005
0200a400000000
01009800000205
01009c00000000
0100a000000005
0200a400000000
01009800000305
01009c00000000
0100a000000005
0200a400000000
0100740000020c
0200740000020c
01007800000000
01007c00000107
01008000000003
02008400000001
01007800000001
01007c00000007
01008000000003
02008400000000
01007800000002
01007c00000007
01008000000003
02008400000000
01007800000003
01007c00000107
01008000000003
02008400000001
01007800000100
01007c00000007
01008000000003
02008400000000
01007800000101
01007c00000007
01008000000003
02008400000000
01007800000102
01007c00000007
01008000000003
02008400000000
01007800000103
01007c00000107
01008000000003
02008400000001
01008800000000
01008c9a6beba7
01009000000003
0200949a6beba7
01008800000001
01008c9a9c0ae1
01009000000003
0200949a9c0ae1
01008800000002
01008c9ab6d791
01009000000003
0200949ab6d791
01008800000003
01008c9added31
01009000000003
0200949added31
01009800000000
01009c00000000
0100a000000005
0200a400000000
01009800000100
01009c00000000
0100a000000005
0200a400000000
01009800000200
01009c00000000
0100a000000005
0200a400000000
01009800000300
01009c00000000
0100a000000005
0200a400000000
01009800000001
01009c00000000
0100a000000005
0200a400000000
01009800000101
01009c00000000
0100a000000005
0200a400000000
01009800000201
01009c00000000
0100a000000005
0200a400000000
01009800000301
01009c00000000
0100a000000005
0200a400000000
01009800000002
01009c00000000
0100a000000005
0200a400000000
01009800000102
01009c00000000
0100a000000005
0200a400000000
01009800000202
01009c00000000
0100a000000005
0200a400000000
01009800000302
01009c00000000
0100a000000005
0200a400000000
01009800000003
01009c00000000
0100a000000005
0200a400000000
01009800000103
01009c00000000
0100a000000005
0200a400000000
01009800000203
01009c00000000
0100a000000005
0200a400000000
01009800000303
01009c00000000
0100a000000005
0200a400000000
01009800000004
01009c00000000
0100a000000005
0200a400000000
01009800000104
01009c00000000
0100a000000005
0200a400000000
01009800000204
01009c00000000
0100a000000005
0200a400000000
01009800000304
01009c00000000
0100a000000005
0200a400000000
01009800000005
01009c00000000
0100a000000005
0200a400000000
01009800000105
01009c00000000
0100a000000005
0200a400000000
01009800000205
01009c00000000
0100a000000005
0200a400000000
01009800000305
01009c00000000
0100a000000005
0200a400000000
0100740000030c
0200740000030c
01007800000000
01007c00000007
01008000000003
02008400000000
01007800000001
01007c00000007
01008000000003
02008400000000
01007800000002
01007c00000107
01008000000003
02008400000001
01007800000003
01007c00000007
01008000000003
02008400000000
01007800000100
01007c00000007
01008000000003
02008400000000
01007800000101
01007c00000107
01008000000003
02008400000001
01007800000102
01007c00000107
01008000000003
02008400000001
01007800000103
01007c00000007
01008000000003
02008400000000
01008800000000
01008c9b0dc23e
01009000000003
0200949b0dc23e
01008800000001
01008c9b3af3a4
01009000000003
0200949b3af3a4
01008800000002
01008c9b563e27
01009000000003
0200949b563e27
01008800000003
01008c9c411db6
01009000000003
0200949c411db6
01009800000000
01009c00000000
0100a000000005
0200a400000000
01009800000100
01009c00000000
0100a000000005
0200a400000000
01009800000200
01009c00000000
0100a000000005
0200a400000000
01009800000300
01009c00000000
0100a000000005
0200a400000000
01009800000001
01009c00000000
0100a000000005
0200a400000000
01009800000101
01009c00000000
0100a000000005
0200a400000000
01009800000201
01009c00000000
0100a000000005
0200a400000000
01009800000301
01009c00000000
0100a000000005
0200a400000000
01009800000002
01009c00000000
0100a000000005
0200a400000000
01009800000102
01009c00000000
0100a000000005
0200a400000000
01009800000202
01009c00000000
0100a000000005
0200a400000000
01009800000302
01009c00000000
0100a000000005
0200a400000000
01009800000003
01009c00000000
0100a000000005
0200a400000000
01009800000103
01009c00000000
0100a000000005
0200a400000000
01009800000203
01009c00000000
0100a000000005
0200a400000000
01009800000303
01009c00000000
0100a000000005
0200a400000000
01009800000004
01009c00000000
0100a000000005
0200a400000000
01009800000104
01009c00000000
0100a000000005
0200a400000000
01009800000204
01009c00000000
0100a000000005
0200a400000000
01009800000304
01009c00000000
0100a000000005
0200a400000000
01009800000005
01009c00000000
0100a000000005
0200a400000000
01009800000105
01009c00000000
0100a000000005
0200a400000000
01009800000205
01009c00000000
0100a000000005
0200a400000000
01009800000305
01009c00000000
0100a000000005
0200a400000000
0100740000040c
0200740000040c
01007800000000
01007c00000107
01008000000003
02008400000001
01007800000001
01007c00000007
01008000000003
02008400000000
01007800000002
01007c00000107
01008000000003
02008400000001
01007800000003
01007c00000007
01008000000003
02008400000000
01007800000100
01007c00000107
01008000000003
02008400000001
01007800000101
01007c00000107
01008000000003
02008400000001
01007800000102
01007c00000107
01008000000003
02008400000001
01007800000103
01007c00000107
01008000000003
02008400000001
01008800000000
01008c9cc94887
01009000000003
0200949cc94887
01008800000001
01008c9cdb00b9
01009000000003
0200949cdb00b9
01008800000002
01008c9cdf955a
01009000000003
0200949cdf955a
01008800000003
01008c9d359bff
01009000000003
0200949d359bff
01009800000000
01009c00000000
0100a000000005
0200a400000000
01009800000100
01009c00000000
0100a000000005
0200a400000000
01009800000200
01009c00000000
0100a000000005
0200a400000000
01009800000300
01009c00000000
0100a000000005
0200a400000000
01009800000001
01009c00000000
0100a000000005
0200a400000000
01009800000101
01009c00000000
0100a000000005
0200a400000000
01009800000201
01009c00000000
0100a000000005
0200a400000000
01009800000301
01009c00000000
0100a000000005
0200a400000000
01009800000002
01009c00000000
0100a000000005
0200a400000000
01009800000102
01009c00000000
0100a000000005
0200a400000000
01009800000202
01009c00000000
0100a000000005
0200a400000000
01009800000302
01009c00000000
0100a000000005
0200a400000000
01009800000003
01009c00000000
0100a000000005
0200a400000000
01009800000103
01009c00000000
0100a000000005
0200a400000000
01009800000203
01009c00000000
0100a000000005
0200a400000000
01009800000303
01009c00000000
0100a000000005
0200a400000000
01009800000004
01009c00000000
0100a000000005
0200a400000000
01009800000104
01009c00000000
0100a000000005
0200a400000000
01009800000204
01009c00000000
0100a000000005
0200a400000000
01009800000304
01009c00000000
0100a000000005
0200a400000000
01009800000005
01009c00000000
0100a000000005
0200a400000000
01009800000105
01009c00000000
0100a000000005
0200a400000000
01009800000205
01009c00000000
0100a000000005
0200a400000000
01009800000305
01009c00000000
0100a000000005
0200a400000000
0100740000050c
0200740000050c
01007800000000
01007c00000107
01008000000003
02008400000001
01007800000001
01007c00000107
01008000000003
02008400000001
01007800000002
01007c00000007
01008000000003
02008400000000
01007800000003
01007c00000007
01008000000003
02008400000000
01007800000100
01007c00000107
01008000000003
02008400000001
01007800000101
01007c00000007
01008000000003
02008400000000
01007800000102
01007c00000007
01008000000003
02008400000000
01007800000103
01007c00000107
01008000000003
02008400000001
01008800000000
01008c9d732f67
01009000000003
0200949d732f67
01008800000001
01008c9db6dd8f
01009000000003
0200949db6dd8f
01008800000002
01008c9dbae181
01009000000003
0200949dbae181
01008800000003
01008c9dc8b6ea
01009000000003
0200949dc8b6ea
01009800000000
01009c00000000
0100a000000005
0200a400000000
01009800000100
01009c00000000
0100a000000005
0200a400000000
01009800000200
01009c00000000
0100a000000005
0200a400000000
01009800000300
01009c00000000
0100a000000005
0200a400000000
01009800000001
01009c00000000
0100a000000005
0200a400000000
01009800000101
01009c00000000
0100a000000005
0200a400000000
01009800000201
01009c00000000
0100a000000005
0200a400000000
01009800000301
01009c00000000
0100a000000005
0200a400000000
01009800000002
01009c00000000
0100a000000005
0200a400000000
01009800000102
01009c00000000
0100a000000005
0200a400000000
01009800000202
01009c00000000
0100a000000005
0200a400000000
01009800000302
01009c00000000
0100a000000005
0200a400000000
01009800000003
01009c00000000
0100a000000005
0200a400000000
01009800000103
01009c00000000
0100a000000005
0200a400000000
01009800000203
01009c00000000
0100a000000005
0200a400000000
01009800000303
01009c00000000
0100a000000005
0200a400000000
01009800000004
01009c00000000
0100a000000005
0200a400000000
01009800000104
01009c00000000
0100a000000005
0200a400000000
01009800000204
01009c00000000
0100a000000005
0200a400000000
01009800000304
01009c00000000
0100a000000005
0200a400000000
01009800000005
01009c00000000
0100a000000005
0200a400000000
01009800000105
01009c00000000
0100a000000005
0200a400000000
01009800000205
01009c00000000
0100a000000005
0200a400000000
01009800000305
01009c00000000
0100a000000005
0200a400000000
0100740000060c
0200740000060c
01007800000000
01007c00000107
01008000000003
02008400000001
01007800000001
01007c00000007
01008000000003
02008400000000
01007800000002
01007c00000107
01008000000003
02008400000001
01007800000003
01007c00000107
01008000000003
02008400000001
01007800000100
01007c00000107
01008000000003
02008400000001
01007800000101
01007c00000007
01008000000003
02008400000000
01007800000102
01007c00000007
01008000000003
02008400000000
01007800000103
01007c00000107
01008000000003
02008400000001
01008800000000
01008c9e1414e1
01009000000003
0200949e1414e1
01008800000001
01008c9e2af4c9
01009000000003
0200949e2af4c9
01008800000002
01008c9e7676ff
01009000000003
0200949e7676ff
01008800000003
01008c9e9fee09
01009000000003
0200949e9fee09
01009800000000
01009c00000000
0100a000000005
0200a400000000
01009800000100
01009c00000000
0100a000000005
0200a400000000
01009800000200
01009c00000000
0100a000000005
0200a400000000
01009800000300
01009c00000000
0100a000000005
0200a400000000
01009800000001
01009c00000000
0100a000000005
0200a400000000
01009800000101
01009c00000000
0100a000000005
0200a400000000
01009800000201
01009c00000000
0100a000000005
0200a400000000
01009800000301
01009c00000000
0100a000000005
0200a400000000
01009800000002
01009c00000000
0100a000000005
0200a400000000
01009800000102
01009c00000000
0100a000000005
0200a400000000
01009800000202
01009c00000000
0100a000000005
0200a400000000
01009800000302
01009c00000000
0100a000000005
0200a400000000
01009800000003
01009c00000000
0100a000000005
0200a400000000
01009800000103
01009c00000000
0100a000000005
0200a400000000
01009800000203
01009c00000000
0100a000000005
0200a400000000
01009800000303
01009c00000000
0100a000000005
0200a400000000
01009800000004
01009c00000000
0100a000000005
0200a400000000
01009800000104
01009c00000000
0100a000000005
0200a400000000
01009800000204
01009c00000000
0100a000000005
0200a400000000
01009800000304
01009c00000000
0100a000000005
0200a400000000
01009800000005
01009c00000000
0100a000000005
0200a400000000
01009800000105
01009c00000000
0100a000000005
0200a400000000
01009800000205
01009c00000000
0100a000000005
0200a400000000
01009800000305
01009c00000000
0100a000000005
0200a400000000
0100740000070c
0200740000070c
01007800000000
01007c00000007
01008000000003
02008400000000
01007800000001
01007c00000107
01008000000003
02008400000001
01007800000002
01007c00000107
01008000000003
02008400000001
01007800000003
01007c00000107
01008000000003
02008400000001
01007800000100
01007c00000107
01008000000003
02008400000001
01007800000101
01007c00000007
01008000000003
02008400000000
01007800000102
01007c00000107
01008000000003
02008400000001
01007800000103
01007c00000007
01008000000003
02008400000000
01008800000000
01008c9eaa6781
01009000000003
0200949eaa6781
01008800000001
01008c9ede18c3
01009000000003
0200949ede18c3
01008800000002
01008c9ee8ab82
01009000000003
0200949ee8ab82
01008800000003
01008c9f728345
01009000000003
0200949f728345
01009800000000
01009c00000000
0100a000000005
0200a400000000
01009800000100
01009c00000000
0100a000000005
0200a400000000
01009800000200
01009c00000000
0100a000000005
0200a400000000
01009800000300
01009c00000000
0100a000000005
0200a400000000
01009800000001
01009c00000000
0100a000000005
0200a400000000
01009800000101
01009c00000000
0100a000000005
0200a400000000
01009800000201
01009c00000000
0100a000000005
0200a400000000
01009800000301
01009c00000000
0100a000000005
0200a400000000
01009800000002
01009c00000000
0100a000000005
0200a400000000
01009800000102
01009c00000000
0100a000000005
0200a400000000
01009800000202
01009c00000000
0100a000000005
0200a400000000
01009800000302
01009c00000000
0100a000000005
0200a400000000
01009800000003
01009c00000000
0100a000000005
0200a400000000
01009800000103
01009c00000000
0100a000000005
0200a400000000
01009800000203
01009c00000000
0100a000000005
0200a400000000
01009800000303
01009c00000000
0100a000000005
0200a400000000
01009800000004
01009c00000000
0100a000000005
0200a400000000
01009800000104
01009c00000000
0100a000000005
0200a400000000
01009800000204
01009c00000000
0100a000000005
0200a400000000
01009800000304
01009c00000000
0100a000000005
0200a400000000
01009800000005
01009c00000000
0100a000000005
0200a400000000
01009800000105
01009c00000000
0100a000000005
0200a400000000
01009800000205
01009c00000000
0100a000000005
0200a400000000
01009800000305
01009c00000000
0100a000000005
0200a400000000
0100740000080c
0200740000080c
01007800000000
01007c00000007
01008000000003
02008400000000
01007800000001
01007c00000007
01008000000003
02008400000000
01007800000002
01007c00000007
01008000000003
02008400000000
01007800000003
01007c00000007
01008000000003
02008400000000
01007800000100
01007c00000107
01008000000003
02008400000001
01007800000101
01007c00000107
01008000000003
02008400000001
01007800000102
01007c00000007
01008000000003
02008400000000
01007800000103
01007c00000007
01008000000003
02008400000000
01008800000000
01008c9fc4676c
01009000000003
0200949fc4676c
01008800000001
01008ca018f0de
01009000000003
020094a018f0de
01008800000002
01008ca020207a
01009000000003
020094a020207a
01008800000003
01008ca07769eb
01009000000003
020094a07769eb
01009800000000
01009c00000000
0100a000000005
0200a400000000
01009800000100
01009c00000000
0100a000000005
0200a400000000
01009800000200
01009c00000000
0100a000000005
0200a400000000
01009800000300
01009c00000000
0100a000000005
0200a400000000
01009800000001
01009c00000000
0100a000000005
0200a400000000
01009800000101
01009c00000000
0100a000000005
0200a400000000
01009800000201
01009c00000000
0100a000000005
0200a400000000
01009800000301
01009c00000000
0100a000000005
0200a400000000
01009800000002
01009c00000000
0100a000000005
0200a400000000
01009800000102
01009c00000000
0100a000000005
0200a400000000
01009800000202
01009c00000000
0100a000000005
0200a400000000
01009800000302
01009c00000000
0100a000000005
0200a400000000
01009800000003
01009c00000000
0100a000000005
0200a400000000
01009800000103
01009c00000000
0100a000000005
0200a400000000
01009800000203
01009c00000000
0100a000000005
0200a400000000
01009800000303
01009c00000000
0100a000000005
0200a400000000
01009800000004
01009c00000000
0100a000000005
0200a400000000
01009800000104
01009c00000000
0100a000000005
0200a400000000
01009800000204
01009c00000000
0100a000000005
0200a400000000
01009800000304
01009c00000000
0100a000000005
0200a400000000
01009800000005
01009c00000000
0100a000000005
0200a400000000
01009800000105
01009c00000000
0100a000000005
0200a400000000
01009800000205
01009c00000000
0100a000000005
0200a400000000
01009800000305
01009c00000000
0100a000000005
0200a400000000
0100740000090c
0200740000090c
01007800000000
01007c00000007
01008000000003
02008400000000
01007800000001
01007c00000007
01008000000003
02008400000000
01007800000002
01007c00000107
01008000000003
02008400000001
01007800000003
01007c00000107
01008000000003
02008400000001
01007800000100
01007c00000107
01008000000003
02008400000001
01007800000101
01007c00000107
01008000000003
02008400000001
01007800000102
01007c00000007
01008000000003
02008400000000
01007800000103
01007c00000107
01008000000003
02008400000001
01008800000000
01008ca0a297d2
01009000000003
020094a0a297d2
01008800000001
01008ca0a856cb
01009000000003
020094a0a856cb
01008800000002
01008ca0a9b61f
01009000000003
020094a0a9b61f
01008800000003
01008ca0b11540
01009000000003
020094a0b11540
01009800000000
01009c00000000
0100a000000005
0200a400000000
01009800000100
01009c00000000
0100a000000005
0200a400000000
01009800000200
01009c00000000
0100a000000005
0200a400000000
01009800000300
01009c00000000
0100a000000005
0200a400000000
01009800000001
01009c00000000
0100a000000005
0200a400000000
01009800000101
01009c00000000
0100a000000005
0200a400000000
01009800000201
01009c00000000
0100a000000005
0200a400000000
01009800000301
01009c00000000
0100a000000005
0200a400000000
01009800000002
01009c00000000
0100a000000005
0200a400000000
01009800000102
01009c00000000
0100a000000005
0200a400000000
01009800000202
01009c00000000
0100a000000005
0200a400000000
01009800000302
01009c00000000
0100a000000005
0200a400000000
01009800000003
01009c00000000
0100a000000005
0200a400000000
01009800000103
01009c00000000
0100a000000005
0200a400000000
01009800000203
01009c00000000
0100a000000005
0200a400000000
01009800000303
01009c00000000
0100a000000005
0200a400000000
01009800000004
01009c00000000
0100a000000005
0200a400000000
01009800000104
01009c00000000
0100a000000005
0200a400000000
01009800000204
01009c00000000
0100a000000005
0200a400000000
01009800000304
01009c00000000
0100a000000005
0200a400000000
01009800000005
01009c00000000
0100a000000005
0200a400000000
01009800000105
01009c00000000
0100a000000005
0200a400000000
01009800000205
01009c00000000
0100a000000005
0200a400000000
01009800000305
01009c00000000
0100a000000005
0200a400000000
01007400000a0c
02007400000a0c
01007800000000
01007c00000107
01008000000003
02008400000001
01007800000001
01007c00000107
01008000000003
02008400000001
01007800000002
01007c00000007
01008000000003
02008400000000
01007800000003
01007c00000007
01008000000003
02008400000000
01007800000100
01007c00000007
01008000000003
02008400000000
01007800000101
01007c00000007
01008000000003
02008400000000
01007800000102
01007c00000007
01008000000003
02008400000000
01007800000103
01007c00000107
01008000000003
02008400000001
01008800000000
01008ca0b256f2
01009000000003
020094a0b256f2
01008800000001
01008ca0bca599
01009000000003
020094a0bca599
01008800000002
01008ca0bf334c
01009000000003
020094a0bf334c
01008800000003
01008ca0e54fed
01009000000003
020094a0e54fed
01009800000000
01009c00000000
0100a000000005
0200a400000000
01009800000100
01009c00000000
0100a000000005
0200a400000000
01009800000200
01009c00000000
0100a000000005
0200a400000000
01009800000300
01009c00000000
0100a000000005
0200a400000000
01009800000001
01009c00000000
0100a000000005
0200a400000000
01009800000101
01009c00000000
0100a000000005
0200a400000000
01009800000201
01009c00000000
0100a000000005
0200a400000000
01009800000301
01009c00000000
0100a000000005
0200a400000000
01009800000002
01009c00000000
0100a000000005
0200a400000000
01009800000102
01009c00000000
0100a000000005
0200a400000000
01009800000202
01009c00000000
0100a000000005
0200a400000000
01009800000302
01009c00000000
0100a000000005
0200a400000000
01009800000003
01009c00000000
0100a000000005
0200a400000000
01009800000103
01009c00000000
0100a000000005
0200a400000000
01009800000203
01009c00000000
0100a000000005
0200a400000000
01009800000303
01009c00000000
0100a000000005
0200a400000000
01009800000004
01009c00000000
0100a000000005
0200a400000000
01009800000104
01009c00000000
0100a000000005
0200a400000000
01009800000204
01009c00000000
0100a000000005
0200a400000000
01009800000304
01009c00000000
0100a000000005
0200a400000000
01009800000005
01009c00000000
0100a000000005
0200a400000000
01009800000105
01009c00000000
0100a000000005
0200a400000000
01009800000205
01009c00000000
0100a000000005
0200a400000000
01009800000305
01009c00000000
0100a000000005
0200a400000000
01007400000b0c
02007400000b0c
01007800000000
01007c00000107
01008000000003
02008400000001
01007800000001
01007c00000107
01008000000003
02008400000001
01007800000002
01007c00000007
01008000000003
02008400000000
01007800000003
01007c00000107
01008000000003
02008400000001
01007800000100
01007c00000007
01008000000003
02008400000000
01007800000101
01007c00000107
01008000000003
02008400000001
01007800000102
01007c00000007
01008000000003
02008400000000
01007800000103
01007c00000107
01008000000003
02008400000001
01008800000000
01008ca0f5c1fb
01009000000003
020094a0f5c1fb
01008800000001
01008ca10f42a4
01009000000003
020094a10f42a4
01008800000002
01008ca11f6c0f
01009000000003
020094a11f6c0f
01008800000003
01008ca151e35b
01009000000003
020094a151e35b
01009800000000
01009c00000000
0100a000000005
0200a400000000
01009800000100
01009c00000000
0100a000000005
0200a400000000
01009800000200
01009c00000000
0100a000000005
0200a400000000
01009800000300
01009c00000000
0100a000000005
0200a400000000
01009800000001
01009c00000000
0100a000000005
0200a400000000
01009800000101
01009c00000000
0100a000000005
0200a400000000
01009800000201
01009c00000000
0100a000000005
0200a400000000
01009800000301
01009c00000000
0100a000000005
0200a400000000
01009800000002
01009c00000000
0100a000000005
0200a400000000
01009800000102
01009c00000000
0100a000000005
0200a400000000
01009800000202
01009c00000000
0100a000000005
0200a400000000
01009800000302
01009c00000000
0100a000000005
0200a400000000
01009800000003
01009c00000000
0100a000000005
0200a400000000
01009800000103
01009c00000000
0100a000000005
0200a400000000
01009800000203
01009c00000000
0100a000000005
0200a400000000
01009800000303
01009c00000000
0100a000000005
0200a400000000
01009800000004
01009c00000000
0100a000000005
0200a400000000
01009800000104
01009c00000000
0100a000000005
0200a400000000
01009800000204
01009c00000000
0100a000000005
0200a400000000
01009800000304
01009c00000000
0100a000000005
0200a400000000
01009800000005
01009c00000000
0100a000000005
0200a400000000
01009800000105
01009c00000000
0100a000000005
0200a400000000
01009800000205
01009c00000000
0100a000000005
0200a400000000
01009800000305
01009c00000000
0100a000000005
0200a400000000
01007400000c0c
02007400000c0c
01007800000000
01007c00000007
01008000000003
02008400000000
01007800000001
01007c00000007
01008000000003
02008400000000
01007800000002
01007c00000107
01008000000003
02008400000001
01007800000003
01007c00000007
01008000000003
02008400000000
01007800000100
01007c00000007
01008000000003
02008400000000
01007800000101
01007c00000007
01008000000003
02008400000000
01007800000102
01007c00000107
01008000000003
02008400000001
01007800000103
01007c00000007
01008000000003
02008400000000
01008800000000
01008ca176ae10
01009000000003
020094a176ae10
01008800000001
01008ca192b040
01009000000003
020094a192b040
01008800000002
01008ca1efea8b
01009000000003
020094a1efea8b
01008800000003
01008ca21064fc
01009000000003
020094a21064fc
01009800000000
01009c00000000
0100a000000005
0200a400000000
01009800000100
01009c00000000
0100a000000005
0200a400000000
01009800000200
01009c00000000
0100a000000005
0200a400000000
01009800000300
01009c00000000
0100a000000005
0200a400000000
01009800000001
01009c00000000
0100a000000005
0200a400000000
01009800000101
01009c00000000
0100a000000005
0200a400000000
01009800000201
01009c00000000
0100a000000005
0200a400000000
01009800000301
01009c00000000
0100a000000005
0200a400000000
01009800000002
01009c00000000
0100a000000005
0200a400000000
01009800000102
01009c00000000
0100a000000005
0200a400000000
01009800000202
01009c00000000
0100a000000005
0200a400000000
01009800000302
01009c00000000
0100a000000005
0200a400000000
01009800000003
01009c00000000
0100a000000005
0200a400000000
01009800000103
01009c00000000
0100a000000005
0200a400000000
01009800000203
01009c00000000
0100a000000005
0200a400000000
01009800000303
01009c00000000
0100a000000005
0200a400000000
01009800000004
01009c00000000
0100a000000005
0200a400000000
01009800000104
01009c00000000
0100a000000005
0200a400000000
01009800000204
01009c00000000
0100a000000005
0200a400000000
01009800000304
01009c00000000
0100a000000005
0200a400000000
01009800000005
01009c00000000
0100a000000005
0200a400000000
01009800000105
01009c00000000
0100a000000005
0200a400000000
01009800000205
01009c00000000
0100a000000005
0200a400000000
01009800000305
01009c00000000
0100a000000005
0200a400000000
01007400000d0c
02007400000d0c
01007800000000
01007c00000107
01008000000003
02008400000001
01007800000001
01007c00000107
01008000000003
02008400000001
01007800000002
01007c00000107
01008000000003
02008400000001
01007800000003
01007c00000107
01008000000003
02008400000001
01007800000100
01007c00000107
01008000000003
02008400000001
01007800000101
01007c00000007
01008000000003
02008400000000
01007800000102
01007c00000007
01008000000003
02008400000000
01007800000103
01007c00000007
01008000000003
02008400000000
01008800000000
01008ca22bdef3
01009000000003
020094a22bdef3
01008800000001
01008ca248a3b8
01009000000003
020094a248a3b8
01008800000002
01008ca259d320
01009000000003
020094a259d320
01008800000003
01008ca2871a20
01009000000003
020094a2871a20
01009800000000
01009c00000000
0100a000000005
0200a400000000
01009800000100
01009c00000000
0100a000000005
0200a400000000
01009800000200
01009c00000000
0100a000000005
0200a400000000
01009800000300
01009c00000000
0100a000000005
0200a400000000
01009800000001
01009c00000000
0100a000000005
0200a400000000
01009800000101
01009c00000000
0100a000000005
0200a400000000
01009800000201
01009c00000000
0100a000000005
0200a400000000
01009800000301
01009c00000000
0100a000000005
0200a400000000
01009800000002
01009c00000000
0100a000000005
0200a400000000
01009800000102
01009c00000000
0100a000000005
0200a400000000
01009800000202
01009c00000000
0100a000000005
0200a400000000
01009800000302
01009c00000000
0100a000000005
0200a400000000
01009800000003
01009c00000000
0100a000000005
0200a400000000
01009800000103
01009c00000000
0100a000000005
0200a400000000
01009800000203
01009c00000000
0100a000000005
0200a400000000
01009800000303
01009c00000000
0100a000000005
0200a400000000
01009800000004
01009c00000000
0100a000000005
0200a400000000
01009800000104
01009c00000000
0100a000000005
0200a400000000
01009800000204
01009c00000000
0100a000000005
0200a400000000
01009800000304
01009c00000000
0100a000000005
0200a400000000
01009800000005
01009c00000000
0100a000000005
0200a400000000
01009800000105
01009c00000000
0100a000000005
0200a400000000
01009800000205
01009c00000000
0100a000000005
0200a400000000
01009800000305
01009c00000000
0100a000000005
0200a400000000
01007400000e0c
02007400000e0c
01007800000000
01007c00000107
01008000000003
02008400000001
01007800000001
01007c00000107
01008000000003
02008400000001
01007800000002
01007c00000007
01008000000003
02008400000000
01007800000003
01007c00000007
01008000000003
02008400000000
01007800000100
01007c00000007
01008000000003
02008400000000
01007800000101
01007c00000107
01008000000003
02008400000001
01007800000102
01007c00000107
01008000000003
02008400000001
01007800000103
01007c00000107
01008000000003
02008400000001
01008800000000
01008ca2b374da
01009000000003
020094a2b374da
01008800000001
01008ca2b4c5e4
01009000000003
020094a2b4c5e4
01008800000002
01008ca36bc6a6
01009000000003
020094a36bc6a6
01008800000003
01008ca391b4a6
01009000000003
020094a391b4a6
01009800000000
01009c00000000
0100a000000005
0200a400000000
01009800000100
01009c00000000
0100a000000005
0200a400000000
01009800000200
01009c00000000
0100a000000005
0200a400000000
01009800000300
01009c00000000
0100a000000005
0200a400000000
01009800000001
01009c00000000
0100a000000005
0200a400000000
01009800000101
01009c00000000
0100a000000005
0200a400000000
01009800000201
01009c00000000
0100a000000005
0200a400000000
01009800000301
01009c00000000
0100a000000005
0200a400000000
01009800000002
01009c00000000
0100a000000005
0200a400000000
01009800000102
01009c00000000
0100a000000005
0200a400000000
01009800000202
01009c00000000
0100a000000005
0200a400000000
01009800000302
01009c00000000
0100a000000005
0200a400000000
01009800000003
01009c00000000
0100a000000005
0200a400000000
01009800000103
01009c00000000
0100a000000005
0200a400000000
01009800000203
01009c00000000
0100a000000005
0200a400000000
01009800000303
01009c00000000
0100a000000005
0200a400000000
01009800000004
01009c00000000
0100a000000005
0200a400000000
01009800000104
01009c00000000
0100a000000005
0200a400000000
01009800000204
01009c00000000
0100a000000005
0200a400000000
01009800000304
01009c00000000
0100a000000005
0200a400000000
01009800000005
01009c00000000
0100a000000005
0200a400000000
01009800000105
01009c00000000
0100a000000005
0200a400000000
01009800000205
01009c00000000
0100a000000005
0200a400000000
01009800000305
01009c00000000
0100a000000005
0200a400000000
01007400000f0c
02007400000f0c
01007800000000
01007c00000007
01008000000003
02008400000000
01007800000001
01007c00000007
01008000000003
02008400000000
01007800000002
01007c00000007
01008000000003
02008400000000
01007800000003
01007c00000107
01008000000003
02008400000001
01007800000100
01007c00000007
01008000000003
02008400000000
01007800000101
01007c00000007
01008000000003
02008400000000
01007800000102
01007c00000107
01008000000003
02008400000001
01007800000103
01007c00000107
01008000000003
02008400000001
01008800000000
01008ca3a09f5b
01009000000003
020094a3a09f5b
01008800000001
01008ca3ac4348
01009000000003
020094a3ac4348
01008800000002
01008ca3c5530c
01009000000003
020094a3c5530c
01008800000003
01008ca3e613df
01009000000003
020094a3e613df
01009800000000
01009c00000000
0100a000000005
0200a400000000
01009800000100
01009c00000000
0100a000000005
0200a400000000
01009800000200
01009c00000000
0100a000000005
0200a400000000
01009800000300
01009c00000000
0100a000000005
0200a400000000
01009800000001
01009c00000000
0100a000000005
0200a400000000
01009800000101
01009c00000000
0100a000000005
0200a400000000
01009800000201
01009c00000000
0100a000000005
0200a400000000
01009800000301
01009c00000000
0100a000000005
0200a400000000
01009800000002
01009c00000000
0100a000000005
0200a400000000
01009800000102
01009c00000000
0100a000000005
0200a400000000
01009800000202
01009c00000000
0100a000000005
0200a400000000
01009800000302
01009c00000000
0100a000000005
0200a400000000
01009800000003
01009c00000000
0100a000000005
0200a400000000
01009800000103
01009c00000000
0100a000000005
0200a400000000
01009800000203
01009c00000000
0100a000000005
0200a400000000
01009800000303
01009c00000000
0100a000000005
0200a400000000
01009800000004
01009c00000000
0100a000000005
0200a400000000
01009800000104
01009c00000000
0100a000000005
0200a400000000
01009800000204
01009c00000000
0100a000000005
0200a400000000
01009800000304
01009c00000000
0100a000000005
0200a400000000
01009800000005
01009c00000000
0100a000000005
0200a400000000
01009800000105
01009c00000000
0100a000000005
0200a400000000
01009800000205
01009c00000000
0100a000000005
0200a400000000
01009800000305
01009c00000000
0100a000000005
0200a400000000
0100740000100c
0200740000100c
01007800000000
01007c00000107
01008000000003
02008400000001
01007800000001
01007c00000107
01008000000003
02008400000001
01007800000002
01007c00000007
01008000000003
02008400000000
01007800000003
01007c00000107
01008000000003
02008400000001
01007800000100
01007c00000107
01008000000003
02008400000001
01007800000101
01007c00000007
01008000000003
02008400000000
01007800000102
01007c00000107
01008000000003
02008400000001
01007800000103
01007c00000007
01008000000003
02008400000000
01008800000000
01008ca3feae9c
01009000000003
020094a3feae9c
01008800000001
01008ca432db0d
01009000000003
020094a432db0d
01008800000002
01008ca444219d
01009000000003
020094a444219d
01008800000003
01008ca472b8bf
01009000000003
020094a472b8bf
01009800000000
01009c00000000
0100a000000005
0200a400000000
01009800000100
01009c00000000
0100a000000005
0200a400000000
01009800000200
01009c00000000
0100a000000005
0200a400000000
01009800000300
01009c00000000
0100a000000005
0200a400000000
01009800000001
01009c00000000
0100a000000005
0200a400000000
01009800000101
01009c00000000
0100a000000005
0200a400000000
01009800000201
01009c00000000
0100a000000005
0200a400000000
01009800000301
01009c00000000
0100a000000005
0200a400000000
01009800000002
01009c00000000
0100a000000005
0200a400000000
01009800000102
01009c00000000
0100a000000005
0200a400000000
01009800000202
01009c00000000
0100a000000005
0200a400000000
01009800000302
01009c00000000
0100a000000005
0200a400000000
01009800000003
01009c00000000
0100a000000005
0200a400000000
01009800000103
01009c00000000
0100a000000005
0200a400000000
01009800000203
01009c00000000
0100a000000005
0200a400000000
01009800000303
01009c00000000
0100a000000005
0200a400000000
01009800000004
01009c00000000
0100a000000005
0200a400000000
01009800000104
01009c00000000
0100a000000005
0200a400000000
01009800000204
01009c00000000
0100a000000005
0200a400000000
01009800000304
01009c00000000
0100a000000005
0200a400000000
01009800000005
01009c00000000
0100a000000005
0200a400000000
01009800000105
01009c00000000
0100a000000005
0200a400000000
01009800000205
01009c00000000
0100a000000005
0200a400000000
01009800000305
01009c00000000
0100a000000005
0200a400000000
0100740000110c
0200740000110c
01007800000000
01007c00000007
01008000000003
02008400000000
01007800000001
01007c00000107
01008000000003
02008400000001
01007800000002
01007c00000007
01008000000003
02008400000000
01007800000003
01007c00000107
01008000000003
02008400000001
01007800000100
01007c00000107
01008000000003
02008400000001
01007800000101
01007c00000107
01008000000003
02008400000001
01007800000102
01007c00000007
01008000000003
02008400000000
01007800000103
01007c00000107
01008000000003
02008400000001
01008800000000
01008ca475ee63
01009000000003
020094a475ee63
01008800000001
01008ca4b3ef15
01009000000003
020094a4b3ef15
01008800000002
01008ca4d41f72
01009000000003
020094a4d41f72
01008800000003
01008ca521af0a
01009000000003
020094a521af0a
01009800000000
01009c00000000
0100a000000005
0200a400000000
01009800000100
01009c00000000
0100a000000005
0200a400000000
01009800000200
01009c00000000
0100a000000005
0200a400000000
01009800000300
01009c00000000
0100a000000005
0200a400000000
01009800000001
01009c00000000
0100a000000005
0200a400000000
01009800000101
01009c00000000
0100a000000005
0200a400000000
01009800000201
01009c00000000
0100a000000005
0200a400000000
01009800000301
01009c00000000
0100a000000005
0200a400000000
01009800000002
01009c00000000
0100a000000005
0200a400000000
01009800000102
01009c00000000
0100a000000005
0200a400000000
01009800000202
01009c00000000
0100a000000005
0200a400000000
01009800000302
01009c00000000
0100a000000005
0200a400000000
01009800000003
01009c00000000
0100a000000005
0200a400000000
01009800000103
01009c00000000
0100a000000005
0200a400000000
01009800000203
01009c00000000
0100a000000005
0200a400000000
01009800000303
01009c00000000
0100a000000005
0200a400000000
01009800000004
01009c00000000
0100a000000005
0200a400000000
01009800000104
01009c00000000
0100a000000005
0200a400000000
01009800000204
01009c00000000
0100a000000005
0200a400000000
01009800000304
01009c00000000
0100a000000005
0200a400000000
01009800000005
01009c00000000
0100a000000005
0200a400000000
01009800000105
01009c00000000
0100a000000005
0200a400000000
01009800000205
01009c00000000
0100a000000005
0200a400000000
01009800000305
01009c00000000
0100a000000005
0200a400000000
0100740000120c
0200740000120c
01007800000000
01007c00000007
01008000000003
02008400000000
01007800000001
01007c00000107
01008000000003
02008400000001
01007800000002
01007c00000107
01008000000003
02008400000001
01007800000003
01007c00000007
01008000000003
02008400000000
01007800000100
01007c00000007
01008000000003
02008400000000
01007800000101
01007c00000007
01008000000003
02008400000000
01007800000102
01007c00000007
01008000000003
02008400000000
01007800000103
01007c00000007
01008000000003
02008400000000
01008800000000
01008ca5303aa9
01009000000003
020094a5303aa9
01008800000001
01008ca539dc20
01009000000003
020094a539dc20
01008800000002
01008ca5490160
01009000000003
020094a5490160
01008800000003
01008ca551f530
01009000000003
020094a551f530
01009800000000
01009c00000000
0100a000000005
0200a400000000
01009800000100
01009c00000000
0100a000000005
0200a400000000
01009800000200
01009c00000000
0100a000000005
0200a400000000
01009800000300
01009c00000000
0100a000000005
0200a400000000
01009800000001
01009c00000000
0100a000000005
0200a400000000
01009800000101
01009c00000000
0100a000000005
0200a400000000
01009800000201
01009c00000000
0100a000000005
0200a400000000
01009800000301
01009c00000000
0100a000000005
0200a400000000
01009800000002
01009c00000000
0100a000000005
0200a400000000
01009800000102
01009c00000000
0100a000000005
0200a400000000
01009800000202
01009c00000000
0100a000000005
0200a400000000
01009800000302
01009c00000000
0100a000000005
0200a400000000
01009800000003
01009c00000000
0100a000000005
0200a400000000
01009800000103
01009c00000000
0100a000000005
0200a400000000
01009800000203
01009c00000000
0100a000000005
0200a400000000
01009800000303
01009c00000000
0100a000000005
0200a400000000
01009800000004
01009c00000000
0100a000000005
0200a400000000
01009800000104
01009c00000000
0100a000000005
0200a400000000
01009800000204
01009c00000000
0100a000000005
0200a400000000
01009800000304
01009c00000000
0100a000000005
0200a400000000
01009800000005
01009c00000000
0100a000000005
0200a400000000
01009800000105
01009c00000000
0100a000000005
0200a400000000
01009800000205
01009c00000000
0100a000000005
0200a400000000
01009800000305
01009c00000000
0100a000000005
0200a400000000
0100740000130c
0200740000130c
01007800000000
01007c00000007
01008000000003
02008400000000
01007800000001
01007c00000107
01008000000003
02008400000001
01007800000002
01007c00000007
01008000000003
02008400000000
01007800000003
01007c00000007
01008000000003
02008400000000
01007800000100
01007c00000107
01008000000003
02008400000001
01007800000101
01007c00000107
01008000000003
02008400000001
01007800000102
01007c00000107
01008000000003
02008400000001
01007800000103
01007c00000007
01008000000003
02008400000000
01008800000000
01008ca5544828
01009000000003
020094a5544828
01008800000001
01008ca576751f
01009000000003
020094a576751f
01008800000002
01008ca584f2f6
01009000000003
020094a584f2f6
01008800000003
01008ca58db65c
01009000000003
020094a58db65c
01009800000000
01009c00000000
0100a000000005
0200a400000000
01009800000100
01009c00000000
0100a000000005
0200a400000000
01009800000200
01009c00000000
0100a000000005
0200a400000000
01009800000300
01009c00000000
0100a000000005
0200a400000000
01009800000001
01009c00000000
0100a000000005
0200a400000000
01009800000101
01009c00000000
0100a000000005
0200a400000000
01009800000201
01009c00000000
0100a000000005
0200a400000000
01009800000301
01009c00000000
0100a000000005
0200a400000000
01009800000002
01009c00000000
0100a000000005
0200a400000000
01009800000102
01009c00000000
0100a000000005
0200a400000000
01009800000202
01009c00000000
0100a000000005
0200a400000000
01009800000302
01009c00000000
0100a000000005
0200a400000000
01009800000003
01009c00000000
0100a000000005
0200a400000000
01009800000103
01009c00000000
0100a000000005
0200a400000000
01009800000203
01009c00000000
0100a000000005
0200a400000000
01009800000303
01009c00000000
0100a000000005
0200a400000000
01009800000005
01009c00000000
0100a000000005
0200a400000000
01009800000105
01009c00000000
0100a000000005
0200a400000000
01009800000205
01009c00000000
0100a000000005
0200a400000000
01009800000305
01009c00000000
0100a000000005
0200a400000000
0100740000000d
0200740000000d
01007800000000
01007c00000007
01008000000003
02008400000000
01007800000001
01007c00000007
01008000000003
02008400000000
01007800000002
01007c00000107
01008000000003
02008400000001
01007800000003
01007c00000107
01008000000003
02008400000001
01007800000100
01007c00000107
01008000000003
02008400000001
01007800000101
01007c00000107
01008000000003
02008400000001
01007800000102
01007c00000107
01008000000003
02008400000001
01007800000103
01007c00000107
01008000000003
02008400000001
01008800000000
01008ca5e76f21
01009000000003
020094a5e76f21
01008800000001
01008ca5f19356
01009000000003
020094a5f19356
01008800000002
01008ca6688238
01009000000003
020094a6688238
01008800000003
01008ca675229f
01009000000003
020094a675229f
01009800000000
01009c00000000
0100a000000005
0200a400000000
01009800000100
01009c00000000
0100a000000005
0200a400000000
01009800000200
01009c00000000
0100a000000005
0200a400000000
01009800000300
01009c00000000
0100a000000005
0200a400000000
01009800000001
01009c00000000
0100a000000005
0200a400000000
01009800000101
01009c00000000
0100a000000005
0200a400000000
01009800000201
01009c00000000
0100a000000005
0200a400000000
01009800000301
01009c00000000
0100a000000005
0200a400000000
01009800000002
01009c00000000
0100a000000005
0200a400000000
01009800000102
01009c00000000
0100a000000005
0200a400000000
01009800000202
01009c00000000
0100a000000005
0200a400000000
01009800000302
01009c00000000
0100a000000005
0200a400000000
01009800000003
01009c00000000
0100a000000005
0200a400000000
01009800000103
01009c00000000
0100a000000005
0200a400000000
01009800000203
01009c00000000
0100a000000005
0200a400000000
01009800000303
01009c00000000
0100a000000005
0200a400000000
01009800000004
01009c00000000
0100a000000005
0200a400000000
01009800000104
01009c00000000
0100a000000005
0200a400000000
01009800000204
01009c00000000
0100a000000005
0200a400000000
01009800000304
01009c00000000
0100a000000005
0200a400000000
01009800000005
01009c00000000
0100a000000005
0200a400000000
01009800000105
01009c00000000
0100a000000005
0200a400000000
01009800000205
01009c00000000
0100a000000005
0200a400000000
01009800000305
01009c00000000
0100a000000005
0200a400000000
0100740000010d
0200740000010d
01007800000000
01007c00000107
01008000000003
02008400000001
01007800000001
01007c00000107
01008000000003
02008400000001
01007800000002
01007c00000007
01008000000003
02008400000000
01007800000003
01007c00000007
01008000000003
02008400000000
01007800000100
01007c00000107
01008000000003
02008400000001
01007800000101
01007c00000007
01008000000003
02008400000000
01007800000102
01007c00000107
01008000000003
02008400000001
01007800000103
01007c00000107
01008000000003
02008400000001
01008800000000
01008ca688ec51
01009000000003
020094a688ec51
01008800000001
01008ca69f8959
01009000000003
020094a69f8959
01008800000002
01008ca6c58550
01009000000003
020094a6c58550
01008800000003
01008ca6e34b04
01009000000003
020094a6e34b04
01009800000000
01009c00000000
0100a000000005
0200a400000000
01009800000100
01009c00000000
0100a000000005
0200a400000000
01009800000200
01009c00000000
0100a000000005
0200a400000000
01009800000300
01009c00000000
0100a000000005
0200a400000000
01009800000001
01009c00000000
0100a000000005
0200a400000000
01009800000101
01009c00000000
0100a000000005
0200a400000000
01009800000201
01009c00000000
0100a000000005
0200a400000000
01009800000301
01009c00000000
0100a000000005
0200a400000000
01009800000002
01009c00000000
0100a000000005
0200a400000000
01009800000102
01009c00000000
0100a000000005
0200a400000000
01009800000202
01009c00000000
0100a000000005
0200a400000000
01009800000302
01009c00000000
0100a000000005
0200a400000000
01009800000003
01009c00000000
0100a000000005
0200a400000000
01009800000103
01009c00000000
0100a000000005
0200a400000000
01009800000203
01009c00000000
0100a000000005
0200a400000000
01009800000303
01009c00000000
0100a000000005
0200a400000000
01009800000004
01009c00000000
0100a000000005
0200a400000000
01009800000104
01009c00000000
0100a000000005
0200a400000000
01009800000204
01009c00000000
0100a000000005
0200a400000000
01009800000304
01009c00000000
0100a000000005
0200a400000000
01009800000005
01009c00000000
0100a000000005
0200a400000000
01009800000105
01009c00000000
0100a000000005
0200a400000000
01009800000205
01009c00000000
0100a000000005
0200a400000000
01009800000305
01009c00000000
0100a000000005
0200a400000000
0100740000020d
0200740000020d
01007800000000
01007c00000007
01008000000003
02008400000000
01007800000001
01007c00000007
01008000000003
02008400000000
01007800000002
01007c00000007
01008000000003
02008400000000
01007800000003
01007c00000107
01008000000003
02008400000001
01007800000100
01007c00000007
01008000000003
02008400000000
01007800000101
01007c00000107
01008000000003
02008400000001
01007800000102
01007c00000107
01008000000003
02008400000001
01007800000103
01007c00000007
01008000000003
02008400000000
01008800000000
01008ca6ff50e1
01009000000003
020094a6ff50e1
01008800000001
01008ca740816c
01009000000003
020094a740816c
01008800000002
01008ca7409458
01009000000003
020094a7409458
01008800000003
01008ca77ce534
01009000000003
020094a77ce534
01009800000000
01009c00000000
0100a000000005
0200a400000000
01009800000100
01009c00000000
0100a000000005
0200a400000000
01009800000200
01009c00000000
0100a000000005
0200a400000000
01009800000300
01009c00000000
0100a000000005
0200a400000000
01009800000001
01009c00000000
0100a000000005
0200a400000000
01009800000101
01009c00000000
0100a000000005
0200a400000000
01009800000201
01009c00000000
0100a000000005
0200a400000000
01009800000301
01009c00000000
0100a000000005
0200a400000000
01009800000002
01009c00000000
0100a000000005
0200a400000000
01009800000102
01009c00000000
0100a000000005
0200a400000000
01009800000202
01009c00000000
0100a000000005
0200a400000000
01009800000302
01009c00000000
0100a000000005
0200a400000000
01009800000003
01009c00000000
0100a000000005
0200a400000000
01009800000103
01009c00000000
0100a000000005
0200a400000000
01009800000203
01009c00000000
0100a000000005
0200a400000000
01009800000303
01009c00000000
0100a000000005
0200a400000000
01009800000004
01009c00000000
0100a000000005
0200a400000000
01009800000104
01009c00000000
0100a000000005
0200a400000000
01009800000204
01009c00000000
0100a000000005
0200a400000000
01009800000304
01009c00000000
0100a000000005
0200a400000000
01009800000005
01009c00000000
0100a000000005
0200a400000000
01009800000105
01009c00000000
0100a000000005
0200a400000000
01009800000205
01009c00000000
0100a000000005
0200a400000000
01009800000305
01009c00000000
0100a000000005
0200a400000000
0100740000030d
0200740000030d
01007800000000
01007c00000007
01008000000003
02008400000000
01007800000001
01007c00000007
01008000000003
02008400000000
01007800000002
01007c00000107
01008000000003
02008400000001
01007800000003
01007c00000007
01008000000003
02008400000000
01007800000100
01007c00000107
01008000000003
02008400000001
01007800000101
01007c00000107
01008000000003
02008400000001
01007800000102
01007c00000007
01008000000003
02008400000000
01007800000103
01007c00000007
01008000000003
02008400000000
01008800000000
01008ca7d076bb
01009000000003
020094a7d076bb
01008800000001
01008ca7ff7cad
01009000000003
020094a7ff7cad
01008800000002
01008ca81ae85d
01009000000003
020094a81ae85d
01008800000003
01008ca825355c
01009000000003
020094a825355c
01009800000000
01009c00000000
0100a000000005
0200a400000000
01009800000100
01009c00000000
0100a000000005
0200a400000000
01009800000200
01009c00000000
0100a000000005
0200a400000000
01009800000300
01009c00000000
0100a000000005
0200a400000000
01009800000001
01009c00000000
0100a000000005
0200a400000000
01009800000101
01009c00000000
0100a000000005
0200a400000000
01009800000201
01009c00000000
0100a000000005
0200a400000000
01009800000301
01009c00000000
0100a000000005
0200a400000000
01009800000002
01009c00000000
0100a000000005
0200a400000000
01009800000102
01009c00000000
0100a000000005
0200a400000000
01009800000202
01009c00000000
0100a000000005
0200a400000000
01009800000302
01009c00000000
0100a000000005
0200a400000000
01009800000003
01009c00000000
0100a000000005
0200a400000000
01009800000103
01009c00000000
0100a000000005
0200a400000000
01009800000203
01009c00000000
0100a000000005
0200a400000000
01009800000303
01009c00000000
0100a000000005
0200a400000000
01009800000004
01009c00000000
0100a000000005
0200a400000000
01009800000104
01009c00000000
0100a000000005
0200a400000000
01009800000204
01009c00000000
0100a000000005
0200a400000000
01009800000304
01009c00000000
0100a000000005
0200a400000000
01009800000005
01009c00000000
0100a000000005
0200a400000000
01009800000105
01009c00000000
0100a000000005
0200a400000000
01009800000205
01009c00000000
0100a000000005
0200a400000000
01009800000305
01009c00000000
0100a000000005
0200a400000000
0100740000040d
0200740000040d
01007800000000
01007c00000007
01008000000003
02008400000000
01007800000001
01007c00000007
01008000000003
02008400000000
01007800000002
01007c00000007
01008000000003
02008400000000
01007800000003
01007c00000107
01008000000003
02008400000001
01007800000100
01007c00000107
01008000000003
02008400000001
01007800000101
01007c00000007
01008000000003
02008400000000
01007800000102
01007c00000007
01008000000003
02008400000000
01007800000103
01007c00000107
01008000000003
02008400000001
01008800000000
01008ca8324dbf
01009000000003
020094a8324dbf
01008800000001
01008ca840db74
01009000000003
020094a840db74
01008800000002
01008ca872a0b2
01009000000003
020094a872a0b2
01008800000003
01008ca87e3bb5
01009000000003
020094a87e3bb5
01009800000000
01009c00000000
0100a000000005
0200a400000000
01009800000100
01009c00000000
0100a000000005
0200a400000000
01009800000200
01009c00000000
0100a000000005
0200a400000000
01009800000300
01009c00000000
0100a000000005
0200a400000000
01009800000001
01009c00000000
0100a000000005
0200a400000000
01009800000101
01009c00000000
0100a000000005
0200a400000000
01009800000201
01009c00000000
0100a000000005
0200a400000000
01009800000301
01009c00000000
0100a000000005
0200a400000000
01009800000002
01009c00000000
0100a000000005
0200a400000000
01009800000102
01009c00000000
0100a000000005
0200a400000000
01009800000202
01009c00000000
0100a000000005
0200a400000000
01009800000302
01009c00000000
0100a000000005
0200a400000000
01009800000003
01009c00000000
0100a000000005
0200a400000000
01009800000103
01009c00000000
0100a000000005
0200a400000000
01009800000203
01009c00000000
0100a000000005
0200a400000000
01009800000303
01009c00000000
0100a000000005
0200a400000000
01009800000004
01009c00000000
0100a000000005
0200a400000000
01009800000104
01009c00000000
0100a000000005
0200a400000000
01009800000204
01009c00000000
0100a000000005
0200a400000000
01009800000304
01009c00000000
0100a000000005
0200a400000000
01009800000005
01009c00000000
0100a000000005
0200a400000000
01009800000105
01009c00000000
0100a000000005
0200a400000000
01009800000205
01009c00000000
0100a000000005
0200a400000000
01009800000305
01009c00000000
0100a000000005
0200a400000000
0100740000050d
0200740000050d
01007800000000
01007c00000007
01008000000003
02008400000000
01007800000001
01007c00000107
01008000000003
02008400000001
01007800000002
01007c00000107
01008000000003
02008400000001
01007800000003
01007c00000107
01008000000003
02008400000001
01007800000100
01007c00000007
01008000000003
02008400000000
01007800000101
01007c00000107
01008000000003
02008400000001
01007800000102
01007c00000007
01008000000003
02008400000000
01007800000103
01007c00000007
01008000000003
02008400000000
01008800000000
01008ca8d7c3d9
01009000000003
020094a8d7c3d9
01008800000001
01008ca905bfa4
01009000000003
020094a905bfa4
01008800000002
01008ca93a86f6
01009000000003
020094a93a86f6
01008800000003
01008ca98f7503
01009000000003
020094a98f7503
01009800000000
01009c00000000
0100a000000005
0200a400000000
01009800000100
01009c00000000
0100a000000005
0200a400000000
01009800000200
01009c00000000
0100a000000005
0200a400000000
01009800000300
01009c00000000
0100a000000005
0200a400000000
01009800000001
01009c00000000
0100a000000005
0200a400000000
01009800000101
01009c00000000
0100a000000005
0200a400000000
01009800000201
01009c00000000
0100a000000005
0200a400000000
01009800000301
01009c00000000
0100a000000005
0200a400000000
01009800000002
01009c00000000
0100a000000005
0200a400000000
01009800000102
01009c00000000
0100a000000005
0200a400000000
01009800000202
01009c00000000
0100a000000005
0200a400000000
01009800000302
01009c00000000
0100a000000005
0200a400000000
01009800000003
01009c00000000
0100a000000005
0200a400000000
01009800000103
01009c00000000
0100a000000005
0200a400000000
01009800000203
01009c00000000
0100a000000005
0200a400000000
01009800000303
01009c00000000
0100a000000005
0200a400000000
01009800000004
01009c00000000
0100a000000005
0200a400000000
01009800000104
01009c00000000
0100a000000005
0200a400000000
01009800000204
01009c00000000
0100a000000005
0200a400000000
01009800000304
01009c00000000
0100a000000005
0200a400000000
01009800000005
01009c00000000
0100a000000005
0200a400000000
01009800000105
01009c00000000
0100a000000005
0200a400000000
01009800000205
01009c00000000
0100a000000005
0200a400000000
01009800000305
01009c00000000
0100a000000005
0200a400000000
0100740000060d
0200740000060d
01007800000000
01007c00000107
01008000000003
02008400000001
01007800000001
01007c00000107
01008000000003
02008400000001
01007800000002
01007c00000107
01008000000003
02008400000001
01007800000003
01007c00000007
01008000000003
02008400000000
01007800000100
01007c00000107
01008000000003
02008400000001
01007800000101
01007c00000007
01008000000003
02008400000000
01007800000102
01007c00000007
01008000000003
02008400000000
01007800000103
01007c00000007
01008000000003
02008400000000
01008800000000
01008caa08904b
01009000000003
020094aa08904b
01008800000001
01008caa2e9c67
01009000000003
020094aa2e9c67
01008800000002
01008caa793f4d
01009000000003
020094aa793f4d
01008800000003
01008caa881936
01009000000003
020094aa881936
01009800000000
01009c00000000
0100a000000005
0200a400000000
01009800000100
01009c00000000
0100a000000005
0200a400000000
01009800000200
01009c00000000
0100a000000005
0200a400000000
01009800000300
01009c00000000
0100a000000005
0200a400000000
01009800000001
01009c00000000
0100a000000005
0200a400000000
01009800000101
01009c00000000
0100a000000005
0200a400000000
01009800000201
01009c00000000
0100a000000005
0200a400000000
01009800000301
01009c00000000
0100a000000005
0200a400000000
01009800000002
01009c00000000
0100a000000005
0200a400000000
01009800000102
01009c00000000
0100a000000005
0200a400000000
01009800000202
01009c00000000
0100a000000005
0200a400000000
01009800000302
01009c00000000
0100a000000005
0200a400000000
01009800000003
01009c00000000
0100a000000005
0200a400000000
01009800000103
01009c00000000
0100a000000005
0200a400000000
01009800000203
01009c00000000
0100a000000005
0200a400000000
01009800000303
01009c00000000
0100a000000005
0200a400000000
01009800000004
01009c00000000
0100a000000005
0200a400000000
01009800000104
01009c00000000
0100a000000005
0200a400000000
01009800000204
01009c00000000
0100a000000005
0200a400000000
01009800000304
01009c00000000
0100a000000005
0200a400000000
01009800000005
01009c00000000
0100a000000005
0200a400000000
01009800000105
01009c00000000
0100a000000005
0200a400000000
01009800000205
01009c00000000
0100a000000005
0200a400000000
01009800000305
01009c00000000
0100a000000005
0200a400000000
0100740000070d
0200740000070d
01007800000000
01007c00000007
01008000000003
02008400000000
01007800000001
01007c00000107
01008000000003
02008400000001
01007800000002
01007c00000107
01008000000003
02008400000001
01007800000003
01007c00000007
01008000000003
02008400000000
01007800000100
01007c00000007
01008000000003
02008400000000
01007800000101
01007c00000007
01008000000003
02008400000000
01007800000102
01007c00000007
01008000000003
02008400000000
01007800000103
01007c00000107
01008000000003
02008400000001
01008800000000
01008caa9f0cad
01009000000003
020094aa9f0cad
01008800000001
01008caace797a
01009000000003
020094aace797a
01008800000002
01008caaec35f8
01009000000003
020094aaec35f8
01008800000003
01008cab5af2a4
01009000000003
020094ab5af2a4
01009800000000
01009c00000000
0100a000000005
0200a400000000
01009800000100
01009c00000000
0100a000000005
0200a400000000
01009800000200
01009c00000000
0100a000000005
0200a400000000
01009800000300
01009c00000000
0100a000000005
0200a400000000
01009800000001
01009c00000000
0100a000000005
0200a400000000
01009800000101
01009c00000000
0100a000000005
0200a400000000
01009800000201
01009c00000000
0100a000000005
0200a400000000
01009800000301
01009c00000000
0100a000000005
0200a400000000
01009800000002
01009c00000000
0100a000000005
0200a400000000
01009800000102
01009c00000000
0100a000000005
0200a400000000
01009800000202
01009c00000000
0100a000000005
0200a400000000
01009800000302
01009c00000000
0100a000000005
0200a400000000
01009800000003
01009c00000000
0100a000000005
0200a400000000
01009800000103
01009c00000000
0100a000000005
0200a400000000
01009800000203
01009c00000000
0100a000000005
0200a400000000
01009800000303
01009c00000000
0100a000000005
0200a400000000
01009800000004
01009c00000000
0100a000000005
0200a400000000
01009800000104
01009c00000000
0100a000000005
0200a400000000
01009800000204
01009c00000000
0100a000000005
0200a400000000
01009800000304
01009c00000000
0100a000000005
0200a400000000
01009800000005
01009c00000000
0100a000000005
0200a400000000
01009800000105
01009c00000000
0100a000000005
0200a400000000
01009800000205
01009c00000000
0100a000000005
0200a400000000
01009800000305
01009c00000000
0100a000000005
0200a400000000
0100740000080d
0200740000080d
01007800000000
01007c00000007
01008000000003
02008400000000
01007800000001
01007c00000007
01008000000003
02008400000000
01007800000002
01007c00000007
01008000000003
02008400000000
01007800000003
01007c00000007
01008000000003
02008400000000
01007800000100
01007c00000107
01008000000003
02008400000001
01007800000101
01007c00000107
01008000000003
02008400000001
01007800000102
01007c00000107
01008000000003
02008400000001
01007800000103
01007c00000007
01008000000003
02008400000000
01008800000000
01008cab6f8a9b
01009000000003
020094ab6f8a9b
01008800000001
01008cabeff74a
01009000000003
020094abeff74a
01008800000002
01008cac00e0de
01009000000003
020094ac00e0de
01008800000003
01008cac10055f
01009000000003
020094ac10055f
01009800000000
01009c00000000
0100a000000005
0200a400000000
01009800000100
01009c00000000
0100a000000005
0200a400000000
01009800000200
01009c00000000
0100a000000005
0200a400000000
01009800000300
01009c00000000
0100a000000005
0200a400000000
01009800000001
01009c00000000
0100a000000005
0200a400000000
01009800000101
01009c00000000
0100a000000005
0200a400000000
01009800000201
01009c00000000
0100a000000005
0200a400000000
01009800000301
01009c00000000
0100a000000005
0200a400000000
01009800000002
01009c00000000
0100a000000005
0200a400000000
01009800000102
01009c00000000
0100a000000005
0200a400000000
01009800000202
01009c00000000
0100a000000005
0200a400000000
01009800000302
01009c00000000
0100a000000005
0200a400000000
01009800000003
01009c00000000
0100a000000005
0200a400000000
01009800000103
01009c00000000
0100a000000005
0200a400000000
01009800000203
01009c00000000
0100a000000005
0200a400000000
01009800000303
01009c00000000
0100a000000005
0200a400000000
01009800000004
01009c00000000
0100a000000005
0200a400000000
01009800000104
01009c00000000
0100a000000005
0200a400000000
01009800000204
01009c00000000
0100a000000005
0200a400000000
01009800000304
01009c00000000
0100a000000005
0200a400000000
01009800000005
01009c00000000
0100a000000005
0200a400000000
01009800000105
01009c00000000
0100a000000005
0200a400000000
01009800000205
01009c00000000
0100a000000005
0200a400000000
01009800000305
01009c00000000
0100a000000005
0200a400000000
0100740000090d
0200740000090d
01007800000000
01007c00000007
01008000000003
02008400000000
01007800000001
01007c00000107
01008000000003
02008400000001
01007800000002
01007c00000107
01008000000003
02008400000001
01007800000003
01007c00000107
01008000000003
02008400000001
01007800000100
01007c00000007
01008000000003
02008400000000
01007800000101
01007c00000007
01008000000003
02008400000000
01007800000102
01007c00000007
01008000000003
02008400000000
01007800000103
01007c00000107
01008000000003
02008400000001
01008800000000
01008cac2175c2
01009000000003
020094ac2175c2
01008800000001
01008cac262322
01009000000003
020094ac262322
01008800000002
01008cac3b30c2
01009000000003
020094ac3b30c2
01008800000003
01008cac4503db
01009000000003
020094ac4503db
01009800000000
01009c00000000
0100a000000005
0200a400000000
01009800000100
01009c00000000
0100a000000005
0200a400000000
01009800000200
01009c00000000
0100a000000005
0200a400000000
01009800000300
01009c00000000
0100a000000005
0200a400000000
01009800000001
01009c00000000
0100a000000005
0200a400000000
01009800000101
01009c00000000
0100a000000005
0200a400000000
01009800000201
01009c00000000
0100a000000005
0200a400000000
01009800000301
01009c00000000
0100a000000005
0200a400000000
01009800000002
01009c00000000
0100a000000005
0200a400000000
01009800000102
01009c00000000
0100a000000005
0200a400000000
01009800000202
01009c00000000
0100a000000005
0200a400000000
01009800000302
01009c00000000
0100a000000005
0200a400000000
01009800000003
01009c00000000
0100a000000005
0200a400000000
01009800000103
01009c00000000
0100a000000005
0200a400000000
01009800000203
01009c00000000
0100a000000005
0200a400000000
01009800000303
01009c00000000
0100a000000005
0200a400000000
01009800000004
01009c00000000
0100a000000005
0200a400000000
01009800000104
01009c00000000
0100a000000005
0200a400000000
01009800000204
01009c00000000
0100a000000005
0200a400000000
01009800000304
01009c00000000
0100a000000005
0200a400000000
01009800000005
01009c00000000
0100a000000005
0200a400000000
01009800000105
01009c00000000
0100a000000005
0200a400000000
01009800000205
01009c00000000
0100a000000005
0200a400000000
01009800000305
01009c00000000
0100a000000005
0200a400000000
01007400000a0d
02007400000a0d
01007800000000
01007c00000107
01008000000003
02008400000001
01007800000001
01007c00000107
01008000000003
02008400000001
01007800000002
01007c00000107
01008000000003
02008400000001
01007800000003
01007c00000007
01008000000003
02008400000000
01007800000100
01007c00000007
01008000000003
02008400000000
01007800000101
01007c00000107
01008000000003
02008400000001
01007800000102
01007c00000107
01008000000003
02008400000001
01007800000103
01007c00000007
01008000000003
02008400000000
01008800000000
01008cac7b4d6c
01009000000003
020094ac7b4d6c
01008800000001
01008caca8033a
01009000000003
020094aca8033a
01008800000002
01008cacec0ca4
01009000000003
020094acec0ca4
01008800000003
01008cad19804b
01009000000003
020094ad19804b
01009800000000
01009c00000000
0100a000000005
0200a400000000
01009800000100
01009c00000000
0100a000000005
0200a400000000
01009800000200
01009c00000000
0100a000000005
0200a400000000
01009800000300
01009c00000000
0100a000000005
0200a400000000
01009800000001
01009c00000000
0100a000000005
0200a400000000
01009800000101
01009c00000000
0100a000000005
0200a400000000
01009800000201
01009c00000000
0100a000000005
0200a400000000
01009800000301
01009c00000000
0100a000000005
0200a400000000
01009800000002
01009c00000000
0100a000000005
0200a400000000
01009800000102
01009c00000000
0100a000000005
0200a400000000
01009800000202
01009c00000000
0100a000000005
0200a400000000
01009800000302
01009c00000000
0100a000000005
0200a400000000
01009800000003
01009c00000000
0100a000000005
0200a400000000
01009800000103
01009c00000000
0100a000000005
0200a400000000
01009800000203
01009c00000000
0100a000000005
0200a400000000
01009800000303
01009c00000000
0100a000000005
0200a400000000
01009800000004
01009c00000000
0100a000000005
0200a400000000
01009800000104
01009c00000000
0100a000000005
0200a400000000
01009800000204
01009c00000000
0100a000000005
0200a400000000
01009800000304
01009c00000000
0100a000000005
0200a400000000
01009800000005
01009c00000000
0100a000000005
0200a400000000
01009800000105
01009c00000000
0100a000000005
0200a400000000
01009800000205
01009c00000000
0100a000000005
0200a400000000
01009800000305
01009c00000000
0100a000000005
0200a400000000
01007400000b0d
02007400000b0d
01007800000000
01007c00000107
01008000000003
02008400000001
01007800000001
01007c00000007
01008000000003
02008400000000
01007800000002
01007c00000107
01008000000003
02008400000001
01007800000003
01007c00000007
01008000000003
02008400000000
01007800000100
01007c00000007
01008000000003
02008400000000
01007800000101
01007c00000007
01008000000003
02008400000000
01007800000102
01007c00000007
01008000000003
02008400000000
01007800000103
01007c00000007
01008000000003
02008400000000
01008800000000
01008cadcc1cb0
01009000000003
020094adcc1cb0
01008800000001
01008cae7ab62e
01009000000003
020094ae7ab62e
01008800000002
01008cae964730
01009000000003
020094ae964730
01008800000003
01008caebccbb9
01009000000003
020094aebccbb9
01009800000000
01009c00000000
0100a000000005
0200a400000000
01009800000100
01009c00000000
0100a000000005
0200a400000000
01009800000200
01009c00000000
0100a000000005
0200a400000000
01009800000300
01009c00000000
0100a000000005
0200a400000000
01009800000001
01009c00000000
0100a000000005
0200a400000000
01009800000101
01009c00000000
0100a000000005
0200a400000000
01009800000201
01009c00000000
0100a000000005
0200a400000000
01009800000301
01009c00000000
0100a000000005
0200a400000000
01009800000002
01009c00000000
0100a000000005
0200a400000000
01009800000102
01009c00000000
0100a000000005
0200a400000000
01009800000202
01009c00000000
0100a000000005
0200a400000000
01009800000302
01009c00000000
0100a000000005
0200a400000000
01009800000003
01009c00000000
0100a000000005
0200a400000000
01009800000103
01009c00000000
0100a000000005
0200a400000000
01009800000203
01009c00000000
0100a000000005
0200a400000000
01009800000303
01009c00000000
0100a000000005
0200a400000000
01009800000004
01009c00000000
0100a000000005
0200a400000000
01009800000104
01009c00000000
0100a000000005
0200a400000000
01009800000204
01009c00000000
0100a000000005
0200a400000000
01009800000304
01009c00000000
0100a000000005
0200a400000000
01009800000005
01009c00000000
0100a000000005
0200a400000000
01009800000105
01009c00000000
0100a000000005
0200a400000000
01009800000205
01009c00000000
0100a000000005
0200a400000000
01009800000305
01009c00000000
0100a000000005
0200a400000000
01007400000c0d
02007400000c0d
01007800000000
01007c00000107
01008000000003
02008400000001
01007800000001
01007c00000007
01008000000003
02008400000000
01007800000002
01007c00000107
01008000000003
02008400000001
01007800000003
01007c00000107
01008000000003
02008400000001
01007800000100
01007c00000107
01008000000003
02008400000001
01007800000101
01007c00000007
01008000000003
02008400000000
01007800000102
01007c00000107
01008000000003
02008400000001
01007800000103
01007c00000007
01008000000003
02008400000000
01008800000000
01008caebe66a0
01009000000003
020094aebe66a0
01008800000001
01008caec2ba4a
01009000000003
020094aec2ba4a
01008800000002
01008caee14526
01009000000003
020094aee14526
01008800000003
01008caeff40a3
01009000000003
020094aeff40a3
01009800000000
01009c00000000
0100a000000005
0200a400000000
01009800000100
01009c00000000
0100a000000005
0200a400000000
01009800000200
01009c00000000
0100a000000005
0200a400000000
01009800000300
01009c00000000
0100a000000005
0200a400000000
01009800000001
01009c00000000
0100a000000005
0200a400000000
01009800000101
01009c00000000
0100a000000005
0200a400000000
01009800000201
01009c00000000
0100a000000005
0200a400000000
01009800000301
01009c00000000
0100a000000005
0200a400000000
01009800000002
01009c00000000
0100a000000005
0200a400000000
01009800000102
01009c00000000
0100a000000005
0200a400000000
01009800000202
01009c00000000
0100a000000005
0200a400000000
01009800000302
01009c00000000
0100a000000005
0200a400000000
01009800000003
01009c00000000
0100a000000005
0200a400000000
01009800000103
01009c00000000
0100a000000005
0200a400000000
01009800000203
01009c00000000
0100a000000005
0200a400000000
01009800000303
01009c00000000
0100a000000005
0200a400000000
01009800000004
01009c00000000
0100a000000005
0200a400000000
01009800000104
01009c00000000
0100a000000005
0200a400000000
01009800000204
01009c00000000
0100a000000005
0200a400000000
01009800000304
01009c00000000
0100a000000005
0200a400000000
01009800000005
01009c00000000
0100a000000005
0200a400000000
01009800000105
01009c00000000
0100a000000005
0200a400000000
01009800000205
01009c00000000
0100a000000005
0200a400000000
01009800000305
01009c00000000
0100a000000005
0200a400000000
01007400000d0d
02007400000d0d
01007800000000
01007c00000007
01008000000003
02008400000000
01007800000001
01007c00000107
01008000000003
02008400000001
01007800000002
01007c00000007
01008000000003
02008400000000
01007800000003
01007c00000107
01008000000003
02008400000001
01007800000100
01007c00000007
01008000000003
02008400000000
01007800000101
01007c00000107
01008000000003
02008400000001
01007800000102
01007c00000007
01008000000003
02008400000000
01007800000103
01007c00000007
01008000000003
02008400000000
01008800000000
01008caf0a9b41
01009000000003
020094af0a9b41
01008800000001
01008caf1d3088
01009000000003
020094af1d3088
01008800000002
01008caf654c18
01009000000003
020094af654c18
01008800000003
01008caf6b71b4
01009000000003
020094af6b71b4
01009800000000
01009c00000000
0100a000000005
0200a400000000
01009800000100
01009c00000000
0100a000000005
0200a400000000
01009800000200
01009c00000000
0100a000000005
0200a400000000
01009800000300
01009c00000000
0100a000000005
0200a400000000
01009800000001
01009c00000000
0100a000000005
0200a400000000
01009800000101
01009c00000000
0100a000000005
0200a400000000
01009800000201
01009c00000000
0100a000000005
0200a400000000
01009800000301
01009c00000000
0100a000000005
0200a400000000
01009800000002
01009c00000000
0100a000000005
0200a400000000
01009800000102
01009c00000000
0100a000000005
0200a400000000
01009800000202
01009c00000000
0100a000000005
0200a400000000
01009800000302
01009c00000000
0100a000000005
0200a400000000
01009800000003
01009c00000000
0100a000000005
0200a400000000
01009800000103
01009c00000000
0100a000000005
0200a400000000
01009800000203
01009c00000000
0100a000000005
0200a400000000
01009800000303
01009c00000000
0100a000000005
0200a400000000
01009800000004
01009c00000000
0100a000000005
0200a400000000
01009800000104
01009c00000000
0100a000000005
0200a400000000
01009800000204
01009c00000000
0100a000000005
0200a400000000
01009800000304
01009c00000000
0100a000000005
0200a400000000
01009800000005
01009c00000000
0100a000000005
0200a400000000
01009800000105
01009c00000000
0100a000000005
0200a400000000
01009800000205
01009c00000000
0100a000000005
0200a400000000
01009800000305
01009c00000000
0100a000000005
0200a400000000
01007400000e0d
02007400000e0d
01007800000000
01007c00000007
01008000000003
02008400000000
01007800000001
01007c00000107
01008000000003
02008400000001
01007800000002
01007c00000007
01008000000003
02008400000000
01007800000003
01007c00000107
01008000000003
02008400000001
01007800000100
01007c00000107
01008000000003
02008400000001
01007800000101
01007c00000107
01008000000003
02008400000001
01007800000102
01007c00000007
01008000000003
02008400000000
01007800000103
01007c00000107
01008000000003
02008400000001
01008800000000
01008cb03e2f4f
01009000000003
020094b03e2f4f
01008800000001
01008cb08c59b1
01009000000003
020094b08c59b1
01008800000002
01008cb0a0e987
01009000000003
020094b0a0e987
01008800000003
01008cb12590fb
01009000000003
020094b12590fb
01009800000000
01009c00000000
0100a000000005
0200a400000000
01009800000100
01009c00000000
0100a000000005
0200a400000000
01009800000200
01009c00000000
0100a000000005
0200a400000000
01009800000300
01009c00000000
0100a000000005
0200a400000000
01009800000001
01009c00000000
0100a000000005
0200a400000000
01009800000101
01009c00000000
0100a000000005
0200a400000000
01009800000201
01009c00000000
0100a000000005
0200a400000000
01009800000301
01009c00000000
0100a000000005
0200a400000000
01009800000002
01009c00000000
0100a000000005
0200a400000000
01009800000102
01009c00000000
0100a000000005
0200a400000000
01009800000202
01009c00000000
0100a000000005
0200a400000000
01009800000302
01009c00000000
0100a000000005
0200a400000000
01009800000003
01009c00000000
0100a000000005
0200a400000000
01009800000103
01009c00000000
0100a000000005
0200a400000000
01009800000203
01009c00000000
0100a000000005
0200a400000000
01009800000303
01009c00000000
0100a000000005
0200a400000000
01009800000004
01009c00000000
0100a000000005
0200a400000000
01009800000104
01009c00000000
0100a000000005
0200a400000000
01009800000204
01009c00000000
0100a000000005
0200a400000000
01009800000304
01009c00000000
0100a000000005
0200a400000000
01009800000005
01009c00000000
0100a000000005
0200a400000000
01009800000105
01009c00000000
0100a000000005
0200a400000000
01009800000205
01009c00000000
0100a000000005
0200a400000000
01009800000305
01009c00000000
0100a000000005
0200a400000000
01007400000f0d
02007400000f0d
01007800000000
01007c00000107
01008000000003
02008400000001
01007800000001
01007c00000107
01008000000003
02008400000001
01007800000002
01007c00000007
01008000000003
02008400000000
01007800000003
01007c00000107
01008000000003
02008400000001
01007800000100
01007c00000007
01008000000003
02008400000000
01007800000101
01007c00000107
01008000000003
02008400000001
01007800000102
01007c00000107
01008000000003
02008400000001
01007800000103
01007c00000107
01008000000003
02008400000001
01008800000000
01008cb14b5025
01009000000003
020094b14b5025
01008800000001
01008cb1b84f2f
01009000000003
020094b1b84f2f
01008800000002
01008cb1c9baf3
01009000000003
020094b1c9baf3
01008800000003
01008cb1d67d8b
01009000000003
020094b1d67d8b
01009800000000
01009c00000000
0100a000000005
0200a400000000
01009800000100
01009c00000000
0100a000000005
0200a400000000
01009800000200
01009c00000000
0100a000000005
0200a400000000
01009800000300
01009c00000000
0100a000000005
0200a400000000
01009800000001
01009c00000000
0100a000000005
0200a400000000
01009800000101
01009c00000000
0100a000000005
0200a400000000
01009800000201
01009c00000000
0100a000000005
0200a400000000
01009800000301
01009c00000000
0100a000000005
0200a400000000
01009800000002
01009c00000000
0100a000000005
0200a400000000
01009800000102
01009c00000000
0100a000000005
0200a400000000
01009800000202
01009c00000000
0100a000000005
0200a400000000
01009800000302
01009c00000000
0100a000000005
0200a400000000
01009800000003
01009c00000000
0100a000000005
0200a400000000
01009800000103
01009c00000000
0100a000000005
0200a400000000
01009800000203
01009c00000000
0100a000000005
0200a400000000
01009800000303
01009c00000000
0100a000000005
0200a400000000
01009800000004
01009c00000000
0100a000000005
0200a400000000
01009800000104
01009c00000000
0100a000000005
0200a400000000
01009800000204
01009c00000000
0100a000000005
0200a400000000
01009800000304
01009c00000000
0100a000000005
0200a400000000
01009800000005
01009c00000000
0100a000000005
0200a400000000
01009800000105
01009c00000000
0100a000000005
0200a400000000
01009800000205
01009c00000000
0100a000000005
0200a400000000
01009800000305
01009c00000000
0100a000000005
0200a400000000
0100740000100d
0200740000100d
01007800000000
01007c00000107
01008000000003
02008400000001
01007800000001
01007c00000107
01008000000003
02008400000001
01007800000002
01007c00000107
01008000000003
02008400000001
01007800000003
01007c00000007
01008000000003
02008400000000
01007800000100
01007c00000007
01008000000003
02008400000000
01007800000101
01007c00000007
01008000000003
02008400000000
01007800000102
01007c00000107
01008000000003
02008400000001
01007800000103
01007c00000007
01008000000003
02008400000000
01008800000000
01008cb222cd04
01009000000003
020094b222cd04
01008800000001
01008cb23b164e
01009000000003
020094b23b164e
01008800000002
01008cb24203ee
01009000000003
020094b24203ee
01008800000003
01008cb25c00ec
01009000000003
020094b25c00ec
01009800000000
01009c00000000
0100a000000005
0200a400000000
01009800000100
01009c00000000
0100a000000005
0200a400000000
01009800000200
01009c00000000
0100a000000005
0200a400000000
01009800000300
01009c00000000
0100a000000005
0200a400000000
01009800000001
01009c00000000
0100a000000005
0200a400000000
01009800000101
01009c00000000
0100a000000005
0200a400000000
01009800000201
01009c00000000
0100a000000005
0200a400000000
01009800000301
01009c00000000
0100a000000005
0200a400000000
01009800000002
01009c00000000
0100a000000005
0200a400000000
01009800000102
01009c00000000
0100a000000005
0200a400000000
01009800000202
01009c00000000
0100a000000005
0200a400000000
01009800000302
01009c00000000
0100a000000005
0200a400000000
01009800000003
01009c00000000
0100a000000005
0200a400000000
01009800000103
01009c00000000
0100a000000005
0200a400000000
01009800000203
01009c00000000
0100a000000005
0200a400000000
01009800000303
01009c00000000
0100a000000005
0200a400000000
01009800000004
01009c00000000
0100a000000005
0200a400000000
01009800000104
01009c00000000
0100a000000005
0200a400000000
01009800000204
01009c00000000
0100a000000005
0200a400000000
01009800000304
01009c00000000
0100a000000005
0200a400000000
01009800000005
01009c00000000
0100a000000005
0200a400000000
01009800000105
01009c00000000
0100a000000005
0200a400000000
01009800000205
01009c00000000
0100a000000005
0200a400000000
01009800000305
01009c00000000
0100a000000005
0200a400000000
0100740000110d
0200740000110d
01007800000000
01007c00000107
01008000000003
02008400000001
01007800000001
01007c00000107
01008000000003
02008400000001
01007800000002
01007c00000107
01008000000003
02008400000001
01007800000003
01007c00000007
01008000000003
02008400000000
01007800000100
01007c00000107
01008000000003
02008400000001
01007800000101
01007c00000107
01008000000003
02008400000001
01007800000102
01007c00000107
01008000000003
02008400000001
01007800000103
01007c00000107
01008000000003
02008400000001
01008800000000
01008cb275653d
01009000000003
020094b275653d
01008800000001
01008cb29fc815
01009000000003
020094b29fc815
01008800000002
01008cb30eadf4
01009000000003
020094b30eadf4
01008800000003
01008cb3178084
01009000000003
020094b3178084
01009800000000
01009c00000000
0100a000000005
0200a400000000
01009800000100
01009c00000000
0100a000000005
0200a400000000
01009800000200
01009c00000000
0100a000000005
0200a400000000
01009800000300
01009c00000000
0100a000000005
0200a400000000
01009800000001
01009c00000000
0100a000000005
0200a400000000
01009800000101
01009c00000000
0100a000000005
0200a400000000
01009800000201
01009c00000000
0100a000000005
0200a400000000
01009800000301
01009c00000000
0100a000000005
0200a400000000
01009800000002
01009c00000000
0100a000000005
0200a400000000
01009800000102
01009c00000000
0100a000000005
0200a400000000
01009800000202
01009c00000000
0100a000000005
0200a400000000
01009800000302
01009c00000000
0100a000000005
0200a400000000
01009800000003
01009c00000000
0100a000000005
0200a400000000
01009800000103
01009c00000000
0100a000000005
0200a400000000
01009800000203
01009c00000000
0100a000000005
0200a400000000
01009800000303
01009c00000000
0100a000000005
0200a400000000
01009800000004
01009c00000000
0100a000000005
0200a400000000
01009800000104
01009c00000000
0100a000000005
0200a400000000
01009800000204
01009c00000000
0100a000000005
0200a400000000
01009800000304
01009c00000000
0100a000000005
0200a400000000
01009800000005
01009c00000000
0100a000000005
0200a400000000
01009800000105
01009c00000000
0100a000000005
0200a400000000
01009800000205
01009c00000000
0100a000000005
0200a400000000
01009800000305
01009c00000000
0100a000000005
0200a400000000
0100740000120d
0200740000120d
01007800000000
01007c00000007
01008000000003
02008400000000
01007800000001
01007c00000107
01008000000003
02008400000001
01007800000002
01007c00000107
01008000000003
02008400000001
01007800000003
01007c00000007
01008000000003
02008400000000
01007800000100
01007c00000107
01008000000003
02008400000001
01007800000101
01007c00000107
01008000000003
02008400000001
01007800000102
01007c00000107
01008000000003
02008400000001
01007800000103
01007c00000007
01008000000003
02008400000000
01008800000000
01008cb3199663
01009000000003
020094b3199663
01008800000001
01008cb34163d1
01009000000003
020094b34163d1
01008800000002
01008cb3443067
01009000000003
020094b3443067
01008800000003
01008cb3566ca0
01009000000003
020094b3566ca0
01009800000000
01009c00000000
0100a000000005
0200a400000000
01009800000100
01009c00000000
0100a000000005
0200a400000000
01009800000200
01009c00000000
0100a000000005
0200a400000000
01009800000300
01009c00000000
0100a000000005
0200a400000000
01009800000001
01009c00000000
0100a000000005
0200a400000000
01009800000101
01009c00000000
0100a000000005
0200a400000000
01009800000201
01009c00000000
0100a000000005
0200a400000000
01009800000301
01009c00000000
0100a000000005
0200a400000000
01009800000002
01009c00000000
0100a000000005
0200a400000000
01009800000102
01009c00000000
0100a000000005
0200a400000000
01009800000202
01009c00000000
0100a000000005
0200a400000000
01009800000302
01009c00000000
0100a000000005
0200a400000000
01009800000003
01009c00000000
0100a000000005
0200a400000000
01009800000103
01009c00000000
0100a000000005
0200a400000000
01009800000203
01009c00000000
0100a000000005
0200a400000000
01009800000303
01009c00000000
0100a000000005
0200a400000000
01009800000004
01009c00000000
0100a000000005
0200a400000000
01009800000104
01009c00000000
0100a000000005
0200a400000000
01009800000204
01009c00000000
0100a000000005
0200a400000000
01009800000304
01009c00000000
0100a000000005
0200a400000000
01009800000005
01009c00000000
0100a000000005
0200a400000000
01009800000105
01009c00000000
0100a000000005
0200a400000000
01009800000205
01009c00000000
0100a000000005
0200a400000000
01009800000305
01009c00000000
0100a000000005
0200a400000000
0100740000130d
0200740000130d
01007800000000
01007c00000107
01008000000003
02008400000001
01007800000001
01007c00000007
01008000000003
02008400000000
01007800000002
01007c00000107
01008000000003
02008400000001
01007800000003
01007c00000007
01008000000003
02008400000000
01007800000100
01007c00000007
01008000000003
02008400000000
01007800000101
01007c00000107
01008000000003
02008400000001
01007800000102
01007c00000107
01008000000003
02008400000001
01007800000103
01007c00000007
01008000000003
02008400000000
01008800000000
01008cb367097e
01009000000003
020094b367097e
01008800000001
01008cb3905a52
01009000000003
020094b3905a52
01008800000002
01008cb3ada9e2
01009000000003
020094b3ada9e2
01008800000003
01008cb44c8b5c
01009000000003
020094b44c8b5c
01009800000000
01009c00000000
0100a000000005
0200a400000000
01009800000100
01009c00000000
0100a000000005
0200a400000000
01009800000200
01009c00000000
0100a000000005
0200a400000000
01009800000300
01009c00000000
0100a000000005
0200a400000000
01009800000001
01009c00000000
0100a000000005
0200a400000000
01009800000101
01009c00000000
0100a000000005
0200a400000000
01009800000201
01009c00000000
0100a000000005
0200a400000000
01009800000301
01009c00000000
0100a000000005
0200a400000000
01009800000002
01009c00000000
0100a000000005
0200a400000000
01009800000102
01009c00000000
0100a000000005
0200a400000000
01009800000202
01009c00000000
0100a000000005
0200a400000000
01009800000302
01009c00000000
0100a000000005
0200a400000000
01009800000003
01009c00000000
0100a000000005
0200a400000000
01009800000103
01009c00000000
0100a000000005
0200a400000000
01009800000203
01009c00000000
0100a000000005
0200a400000000
01009800000303
01009c00000000
0100a000000005
0200a400000000
01009800000005
01009c00000000
0100a000000005
0200a400000000
01009800000105
01009c00000000
0100a000000005
0200a400000000
01009800000205
01009c00000000
0100a000000005
0200a400000000
01009800000305
01009c00000000
0100a000000005
0200a400000000
0100740000000e
0200740000000e
01007800000000
01007c00000107
01008000000003
02008400000001
01007800000001
01007c00000007
01008000000003
02008400000000
01007800000002
01007c00000107
01008000000003
02008400000001
01007800000003
01007c00000007
01008000000003
02008400000000
01007800000100
01007c00000007
01008000000003
02008400000000
01007800000101
01007c00000107
01008000000003
02008400000001
01007800000102
01007c00000007
01008000000003
02008400000000
01007800000103
01007c00000007
01008000000003
02008400000000
01008800000000
01008cb44f32c9
01009000000003
020094b44f32c9
01008800000001
01008cb48414ad
01009000000003
020094b48414ad
01008800000002
01008cb580800f
01009000000003
020094b580800f
01008800000003
01008cb5812aa9
01009000000003
020094b5812aa9
01009800000000
01009c00000000
0100a000000005
0200a400000000
01009800000100
01009c00000000
0100a000000005
0200a400000000
01009800000200
01009c00000000
0100a000000005
0200a400000000
01009800000300
01009c00000000
0100a000000005
0200a400000000
01009800000001
01009c00000000
0100a000000005
0200a400000000
01009800000101
01009c00000000
0100a000000005
0200a400000000
01009800000201
01009c00000000
0100a000000005
0200a400000000
01009800000301
01009c00000000
0100a000000005
0200a400000000
01009800000002
01009c00000000
0100a000000005
0200a400000000
01009800000102
01009c00000000
0100a000000005
0200a400000000
01009800000202
01009c00000000
0100a000000005
0200a400000000
01009800000302
01009c00000000
0100a000000005
0200a400000000
01009800000003
01009c00000000
0100a000000005
0200a400000000
01009800000103
01009c00000000
0100a000000005
0200a400000000
01009800000203
01009c00000000
0100a000000005
0200a400000000
01009800000303
01009c00000000
0100a000000005
0200a400000000
01009800000004
01009c00000000
0100a000000005
0200a400000000
01009800000104
01009c00000000
0100a000000005
0200a400000000
01009800000204
01009c00000000
0100a000000005
0200a400000000
01009800000304
01009c00000000
0100a000000005
0200a400000000
01009800000005
01009c00000000
0100a000000005
0200a400000000
01009800000105
01009c00000000
0100a000000005
0200a400000000
01009800000205
01009c00000000
0100a000000005
0200a400000000
01009800000305
01009c00000000
0100a000000005
0200a400000000
0100740000010e
0200740000010e
01007800000000
01007c00000007
01008000000003
02008400000000
01007800000001
01007c00000107
01008000000003
02008400000001
01007800000002
01007c00000107
01008000000003
02008400000001
01007800000003
01007c00000107
01008000000003
02008400000001
01007800000100
01007c00000007
01008000000003
02008400000000
01007800000101
01007c00000007
01008000000003
02008400000000
01007800000102
01007c00000007
01008000000003
02008400000000
01007800000103
01007c00000107
01008000000003
02008400000001
01008800000000
01008cb589fdca
01009000000003
020094b589fdca
01008800000001
01008cb6224036
01009000000003
020094b6224036
01008800000002
01008cb64fb254
01009000000003
020094b64fb254
01008800000003
01008cb653fc26
01009000000003
020094b653fc26
01009800000000
01009c00000000
0100a000000005
0200a400000000
01009800000100
01009c00000000
0100a000000005
0200a400000000
01009800000200
01009c00000000
0100a000000005
0200a400000000
01009800000300
01009c00000000
0100a000000005
0200a400000000
01009800000001
01009c00000000
0100a000000005
0200a400000000
01009800000101
01009c00000000
0100a000000005
0200a400000000
01009800000201
01009c00000000
0100a000000005
0200a400000000
01009800000301
01009c00000000
0100a000000005
0200a400000000
01009800000002
01009c00000000
0100a000000005
0200a400000000
01009800000102
01009c00000000
0100a000000005
0200a400000000
01009800000202
01009c00000000
0100a000000005
0200a400000000
01009800000302
01009c00000000
0100a000000005
0200a400000000
01009800000003
01009c00000000
0100a000000005
0200a400000000
01009800000103
01009c00000000
0100a000000005
0200a400000000
01009800000203
01009c00000000
0100a000000005
0200a400000000
01009800000303
01009c00000000
0100a000000005
0200a400000000
01009800000004
01009c00000000
0100a000000005
0200a400000000
01009800000104
01009c00000000
0100a000000005
0200a400000000
01009800000204
01009c00000000
0100a000000005
0200a400000000
01009800000304
01009c00000000
0100a000000005
0200a400000000
01009800000005
01009c00000000
0100a000000005
0200a400000000
01009800000105
01009c00000000
0100a000000005
0200a400000000
01009800000205
01009c00000000
0100a000000005
0200a400000000
01009800000305
01009c00000000
0100a000000005
0200a400000000
0100740000020e
0200740000020e
01007800000000
01007c00000007
01008000000003
02008400000000
01007800000001
01007c00000007
01008000000003
02008400000000
01007800000002
01007c00000107
01008000000003
02008400000001
01007800000003
01007c00000007
01008000000003
02008400000000
01007800000100
01007c00000107
01008000000003
02008400000001
01007800000101
01007c00000007
01008000000003
02008400000000
01007800000102
01007c00000107
01008000000003
02008400000001
01007800000103
01007c00000107
01008000000003
02008400000001
01008800000000
01008cb699fc3b
01009000000003
020094b699fc3b
01008800000001
01008cb6a57992
01009000000003
020094b6a57992
01008800000002
01008cb7370a33
01009000000003
020094b7370a33
01008800000003
01008cb73b955f
01009000000003
020094b73b955f
01009800000000
01009c00000000
0100a000000005
0200a400000000
01009800000100
01009c00000000
0100a000000005
0200a400000000
01009800000200
01009c00000000
0100a000000005
0200a400000000
01009800000300
01009c00000000
0100a000000005
0200a400000000
01009800000001
01009c00000000
0100a000000005
0200a400000000
01009800000101
01009c00000000
0100a000000005
0200a400000000
01009800000201
01009c00000000
0100a000000005
0200a400000000
01009800000301
01009c00000000
0100a000000005
0200a400000000
01009800000002
01009c00000000
0100a000000005
0200a400000000
01009800000102
01009c00000000
0100a000000005
0200a400000000
01009800000202
01009c00000000
0100a000000005
0200a400000000
01009800000302
01009c00000000
0100a000000005
0200a400000000
01009800000003
01009c00000000
0100a000000005
0200a400000000
01009800000103
01009c00000000
0100a000000005
0200a400000000
01009800000203
01009c00000000
0100a000000005
0200a400000000
01009800000303
01009c00000000
0100a000000005
0200a400000000
01009800000004
01009c00000000
0100a000000005
0200a400000000
01009800000104
01009c00000000
0100a000000005
0200a400000000
01009800000204
01009c00000000
0100a000000005
0200a400000000
01009800000304
01009c00000000
0100a000000005
0200a400000000
01009800000005
01009c00000000
0100a000000005
0200a400000000
01009800000105
01009c00000000
0100a000000005
0200a400000000
01009800000205
01009c00000000
0100a000000005
0200a400000000
01009800000305
01009c00000000
0100a000000005
0200a400000000
0100740000030e
0200740000030e
01007800000000
01007c00000007
01008000000003
02008400000000
01007800000001
01007c00000107
01008000000003
02008400000001
01007800000002
01007c00000007
01008000000003
02008400000000
01007800000003
01007c00000007
01008000000003
02008400000000
01007800000100
01007c00000007
01008000000003
02008400000000
01007800000101
01007c00000107
01008000000003
02008400000001
01007800000102
01007c00000007
01008000000003
02008400000000
01007800000103
01007c00000007
01008000000003
02008400000000
01008800000000
01008cb75adb0e
01009000000003
020094b75adb0e
01008800000001
01008cb75c7ce6
01009000000003
020094b75c7ce6
01008800000002
01008cb76405a1
01009000000003
020094b76405a1
01008800000003
01008cb778aed7
01009000000003
020094b778aed7
01009800000000
01009c00000000
0100a000000005
0200a400000000
01009800000100
01009c00000000
0100a000000005
0200a400000000
01009800000200
01009c00000000
0100a000000005
0200a400000000
01009800000300
01009c00000000
0100a000000005
0200a400000000
01009800000001
01009c00000000
0100a000000005
0200a400000000
01009800000101
01009c00000000
0100a000000005
0200a400000000
01009800000201
01009c00000000
0100a000000005
0200a400000000
01009800000301
01009c00000000
0100a000000005
0200a400000000
01009800000002
01009c00000000
0100a000000005
0200a400000000
01009800000102
01009c00000000
0100a000000005
0200a400000000
01009800000202
01009c00000000
0100a000000005
0200a400000000
01009800000302
01009c00000000
0100a000000005
0200a400000000
01009800000003
01009c00000000
0100a000000005
0200a400000000
01009800000103
01009c00000000
0100a000000005
0200a400000000
01009800000203
01009c00000000
0100a000000005
0200a400000000
01009800000303
01009c00000000
0100a000000005
0200a400000000
01009800000004
01009c00000000
0100a000000005
0200a400000000
01009800000104
01009c00000000
0100a000000005
0200a400000000
01009800000204
01009c00000000
0100a000000005
0200a400000000
01009800000304
01009c00000000
0100a000000005
0200a400000000
01009800000005
01009c00000000
0100a000000005
0200a400000000
01009800000105
01009c00000000
0100a000000005
0200a400000000
01009800000205
01009c00000000
0100a000000005
0200a400000000
01009800000305
01009c00000000
0100a000000005
0200a400000000
0100740000040e
0200740000040e
01007800000000
01007c00000007
01008000000003
02008400000000
01007800000001
01007c00000107
01008000000003
02008400000001
01007800000002
01007c00000007
01008000000003
02008400000000
01007800000003
01007c00000107
01008000000003
02008400000001
01007800000100
01007c00000107
01008000000003
02008400000001
01007800000101
01007c00000007
01008000000003
02008400000000
01007800000102
01007c00000107
01008000000003
02008400000001
01007800000103
01007c00000107
01008000000003
02008400000001
01008800000000
01008cb782b5bb
01009000000003
020094b782b5bb
01008800000001
01008cb78a842d
01009000000003
020094b78a842d
01008800000002
01008cb79996f5
01009000000003
020094b79996f5
01008800000003
01008cb7b38de9
01009000000003
020094b7b38de9
01009800000000
01009c00000000
0100a000000005
0200a400000000
01009800000100
01009c00000000
0100a000000005
0200a400000000
01009800000200
01009c00000000
0100a000000005
0200a400000000
01009800000300
01009c00000000
0100a000000005
0200a400000000
01009800000001
01009c00000000
0100a000000005
0200a400000000
01009800000101
01009c00000000
0100a000000005
0200a400000000
01009800000201
01009c00000000
0100a000000005
0200a400000000
01009800000301
01009c00000000
0100a000000005
0200a400000000
01009800000002
01009c00000000
0100a000000005
0200a400000000
01009800000102
01009c00000000
0100a000000005
0200a400000000
01009800000202
01009c00000000
0100a000000005
0200a400000000
01009800000302
01009c00000000
0100a000000005
0200a400000000
01009800000003
01009c00000000
0100a000000005
0200a400000000
01009800000103
01009c00000000
0100a000000005
0200a400000000
01009800000203
01009c00000000
0100a000000005
0200a400000000
01009800000303
01009c00000000
0100a000000005
0200a400000000
01009800000004
01009c00000000
0100a000000005
0200a400000000
01009800000104
01009c00000000
0100a000000005
0200a400000000
01009800000204
01009c00000000
0100a000000005
0200a400000000
01009800000304
01009c00000000
0100a000000005
0200a400000000
01009800000005
01009c00000000
0100a000000005
0200a400000000
01009800000105
01009c00000000
0100a000000005
0200a400000000
01009800000205
01009c00000000
0100a000000005
0200a400000000
01009800000305
01009c00000000
0100a000000005
0200a400000000
0100740000050e
0200740000050e
01007800000000
01007c00000107
01008000000003
02008400000001
01007800000001
01007c00000107
01008000000003
02008400000001
01007800000002
01007c00000007
01008000000003
02008400000000
01007800000003
01007c00000007
01008000000003
02008400000000
01007800000100
01007c00000107
01008000000003
02008400000001
01007800000101
01007c00000007
01008000000003
02008400000000
01007800000102
01007c00000107
01008000000003
02008400000001
01007800000103
01007c00000107
01008000000003
02008400000001
01008800000000
01008cb7fdcb1f
01009000000003
020094b7fdcb1f
01008800000001
01008cb81f4f7e
01009000000003
020094b81f4f7e
01008800000002
01008cb87c2944
01009000000003
020094b87c2944
01008800000003
01008cb886fa76
01009000000003
020094b886fa76
01009800000000
01009c00000000
0100a000000005
0200a400000000
01009800000100
01009c00000000
0100a000000005
0200a400000000
01009800000200
01009c00000000
0100a000000005
0200a400000000
01009800000300
01009c00000000
0100a000000005
0200a400000000
01009800000001
01009c00000000
0100a000000005
0200a400000000
01009800000101
01009c00000000
0100a000000005
0200a400000000
01009800000201
01009c00000000
0100a000000005
0200a400000000
01009800000301
01009c00000000
0100a000000005
0200a400000000
01009800000002
01009c00000000
0100a000000005
0200a400000000
01009800000102
01009c00000000
0100a000000005
0200a400000000
01009800000202
01009c00000000
0100a000000005
0200a400000000
01009800000302
01009c00000000
0100a000000005
0200a400000000
01009800000003
01009c00000000
0100a000000005
0200a400000000
01009800000103
01009c00000000
0100a000000005
0200a400000000
01009800000203
01009c00000000
0100a000000005
0200a400000000
01009800000303
01009c00000000
0100a000000005
0200a400000000
01009800000004
01009c00000000
0100a000000005
0200a400000000
01009800000104
01009c00000000
0100a000000005
0200a400000000
01009800000204
01009c00000000
0100a000000005
0200a400000000
01009800000304
01009c00000000
0100a000000005
0200a400000000
01009800000005
01009c00000000
0100a000000005
0200a400000000
01009800000105
01009c00000000
0100a000000005
0200a400000000
01009800000205
01009c00000000
0100a000000005
0200a400000000
01009800000305
01009c00000000
0100a000000005
0200a400000000
0100740000060e
0200740000060e
01007800000000
01007c00000007
01008000000003
02008400000000
01007800000001
01007c00000107
01008000000003
02008400000001
01007800000002
01007c00000007
01008000000003
02008400000000
01007800000003
01007c00000007
01008000000003
02008400000000
01007800000100
01007c00000107
01008000000003
02008400000001
01007800000101
01007c00000107
01008000000003
02008400000001
01007800000102
01007c00000107
01008000000003
02008400000001
01007800000103
01007c00000007
01008000000003
02008400000000
01008800000000
01008cb88824ed
01009000000003
020094b88824ed
01008800000001
01008cb8bb27f4
01009000000003
020094b8bb27f4
01008800000002
01008cb8beb33c
01009000000003
020094b8beb33c
01008800000003
01008cb8cddc5b
01009000000003
020094b8cddc5b
01009800000000
01009c00000000
0100a000000005
0200a400000000
01009800000100
01009c00000000
0100a000000005
0200a400000000
01009800000200
01009c00000000
0100a000000005
0200a400000000
01009800000300
01009c00000000
0100a000000005
0200a400000000
01009800000001
01009c00000000
0100a000000005
0200a400000000
01009800000101
01009c00000000
0100a000000005
0200a400000000
01009800000201
01009c00000000
0100a000000005
0200a400000000
01009800000301
01009c00000000
0100a000000005
0200a400000000
01009800000002
01009c00000000
0100a000000005
0200a400000000
01009800000102
01009c00000000
0100a000000005
0200a400000000
01009800000202
01009c00000000
0100a000000005
0200a400000000
01009800000302
01009c00000000
0100a000000005
0200a400000000
01009800000003
01009c00000000
0100a000000005
0200a400000000
01009800000103
01009c00000000
0100a000000005
0200a400000000
01009800000203
01009c00000000
0100a000000005
0200a400000000
01009800000303
01009c00000000
0100a000000005
0200a400000000
01009800000004
01009c00000000
0100a000000005
0200a400000000
01009800000104
01009c00000000
0100a000000005
0200a400000000
01009800000204
01009c00000000
0100a000000005
0200a400000000
01009800000304
01009c00000000
0100a000000005
0200a400000000
01009800000005
01009c00000000
0100a000000005
0200a400000000
01009800000105
01009c00000000
0100a000000005
0200a400000000
01009800000205
01009c00000000
0100a000000005
0200a400000000
01009800000305
01009c00000000
0100a000000005
0200a400000000
0100740000070e
0200740000070e
01007800000000
01007c00000107
01008000000003
02008400000001
01007800000001
01007c00000107
01008000000003
02008400000001
01007800000002
01007c00000107
01008000000003
02008400000001
01007800000003
01007c00000007
01008000000003
02008400000000
01007800000100
01007c00000007
01008000000003
02008400000000
01007800000101
01007c00000007
01008000000003
02008400000000
01007800000102
01007c00000107
01008000000003
02008400000001
01007800000103
01007c00000007
01008000000003
02008400000000
01008800000000
01008cb8d32093
01009000000003
020094b8d32093
01008800000001
01008cb95d345f
01009000000003
020094b95d345f
01008800000002
01008cb95fae34
01009000000003
020094b95fae34
01008800000003
01008cb96b48de
01009000000003
020094b96b48de
01009800000000
01009c00000000
0100a000000005
0200a400000000
01009800000100
01009c00000000
0100a000000005
0200a400000000
01009800000200
01009c00000000
0100a000000005
0200a400000000
01009800000300
01009c00000000
0100a000000005
0200a400000000
01009800000001
01009c00000000
0100a000000005
0200a400000000
01009800000101
01009c00000000
0100a000000005
0200a400000000
01009800000201
01009c00000000
0100a000000005
0200a400000000
01009800000301
01009c00000000
0100a000000005
0200a400000000
01009800000002
01009c00000000
0100a000000005
0200a400000000
01009800000102
01009c00000000
0100a000000005
0200a400000000
01009800000202
01009c00000000
0100a000000005
0200a400000000
01009800000302
01009c00000000
0100a000000005
0200a400000000
01009800000003
01009c00000000
0100a000000005
0200a400000000
01009800000103
01009c00000000
0100a000000005
0200a400000000
01009800000203
01009c00000000
0100a000000005
0200a400000000
01009800000303
01009c00000000
0100a000000005
0200a400000000
01009800000004
01009c00000000
0100a000000005
0200a400000000
01009800000104
01009c00000000
0100a000000005
0200a400000000
01009800000204
01009c00000000
0100a000000005
0200a400000000
01009800000304
01009c00000000
0100a000000005
0200a400000000
01009800000005
01009c00000000
0100a000000005
0200a400000000
01009800000105
01009c00000000
0100a000000005
0200a400000000
01009800000205
01009c00000000
0100a000000005
0200a400000000
01009800000305
01009c00000000
0100a000000005
0200a400000000
0100740000080e
0200740000080e
01007800000000
01007c00000107
01008000000003
02008400000001
01007800000001
01007c00000007
01008000000003
02008400000000
01007800000002
01007c00000007
01008000000003
02008400000000
01007800000003
01007c00000107
01008000000003
02008400000001
01007800000100
01007c00000107
01008000000003
02008400000001
01007800000101
01007c00000107
01008000000003
02008400000001
01007800000102
01007c00000107
01008000000003
02008400000001
01007800000103
01007c00000007
01008000000003
02008400000000
01008800000000
01008cb96b625f
01009000000003
020094b96b625f
01008800000001
01008cb97035f3
01009000000003
020094b97035f3
01008800000002
01008cb97ed403
01009000000003
020094b97ed403
01008800000003
01008cb9c96b6d
01009000000003
020094b9c96b6d
01009800000000
01009c00000000
0100a000000005
0200a400000000
01009800000100
01009c00000000
0100a000000005
0200a400000000
01009800000200
01009c00000000
0100a000000005
0200a400000000
01009800000300
01009c00000000
0100a000000005
0200a400000000
01009800000001
01009c00000000
0100a000000005
0200a400000000
01009800000101
01009c00000000
0100a000000005
0200a400000000
01009800000201
01009c00000000
0100a000000005
0200a400000000
01009800000301
01009c00000000
0100a000000005
0200a400000000
01009800000002
01009c00000000
0100a000000005
0200a400000000
01009800000102
01009c00000000
0100a000000005
0200a400000000
01009800000202
01009c00000000
0100a000000005
0200a400000000
01009800000302
01009c00000000
0100a000000005
0200a400000000
01009800000003
01009c00000000
0100a000000005
0200a400000000
01009800000103
01009c00000000
0100a000000005
0200a400000000
01009800000203
01009c00000000
0100a000000005
0200a400000000
01009800000303
01009c00000000
0100a000000005
0200a400000000
01009800000004
01009c00000000
0100a000000005
0200a400000000
01009800000104
01009c00000000
0100a000000005
0200a400000000
01009800000204
01009c00000000
0100a000000005
0200a400000000
01009800000304
01009c00000000
0100a000000005
0200a400000000
01009800000005
01009c00000000
0100a000000005
0200a400000000
01009800000105
01009c00000000
0100a000000005
0200a400000000
01009800000205
01009c00000000
0100a000000005
0200a400000000
01009800000305
01009c00000000
0100a000000005
0200a400000000
0100740000090e
0200740000090e
01007800000000
01007c00000007
01008000000003
02008400000000
01007800000001
01007c00000107
01008000000003
02008400000001
01007800000002
01007c00000007
01008000000003
02008400000000
01007800000003
01007c00000007
01008000000003
02008400000000
01007800000100
01007c00000007
01008000000003
02008400000000
01007800000101
01007c00000007
01008000000003
02008400000000
01007800000102
01007c00000007
01008000000003
02008400000000
01007800000103
01007c00000007
01008000000003
02008400000000
01008800000000
01008cb9d4c5c5
01009000000003
020094b9d4c5c5
01008800000001
01008cb9ecd58b
01009000000003
020094b9ecd58b
01008800000002
01008cba02aa54
01009000000003
020094ba02aa54
01008800000003
01008cba07579e
01009000000003
020094ba07579e
01009800000000
01009c00000000
0100a000000005
0200a400000000
01009800000100
01009c00000000
0100a000000005
0200a400000000
01009800000200
01009c00000000
0100a000000005
0200a400000000
01009800000300
01009c00000000
0100a000000005
0200a400000000
01009800000001
01009c00000000
0100a000000005
0200a400000000
01009800000101
01009c00000000
0100a000000005
0200a400000000
01009800000201
01009c00000000
0100a000000005
0200a400000000
01009800000301
01009c00000000
0100a000000005
0200a400000000
01009800000002
01009c00000000
0100a000000005
0200a400000000
01009800000102
01009c00000000
0100a000000005
0200a400000000
01009800000202
01009c00000000
0100a000000005
0200a400000000
01009800000302
01009c00000000
0100a000000005
0200a400000000
01009800000003
01009c00000000
0100a000000005
0200a400000000
01009800000103
01009c00000000
0100a000000005
0200a400000000
01009800000203
01009c00000000
0100a000000005
0200a400000000
01009800000303
01009c00000000
0100a000000005
0200a400000000
01009800000004
01009c00000000
0100a000000005
0200a400000000
01009800000104
01009c00000000
0100a000000005
0200a400000000
01009800000204
01009c00000000
0100a000000005
0200a400000000
01009800000304
01009c00000000
0100a000000005
0200a400000000
01009800000005
01009c00000000
0100a000000005
0200a400000000
01009800000105
01009c00000000
0100a000000005
0200a400000000
01009800000205
01009c00000000
0100a000000005
0200a400000000
01009800000305
01009c00000000
0100a000000005
0200a400000000
01007400000a0e
02007400000a0e
01007800000000
01007c00000107
01008000000003
02008400000001
01007800000001
01007c00000007
01008000000003
02008400000000
01007800000002
01007c00000107
01008000000003
02008400000001
01007800000003
01007c00000107
01008000000003
02008400000001
01007800000100
01007c00000007
01008000000003
02008400000000
01007800000101
01007c00000007
01008000000003
02008400000000
01007800000102
01007c00000007
01008000000003
02008400000000
01007800000103
01007c00000007
01008000000003
02008400000000
01008800000000
01008cba1a6c36
01009000000003
020094ba1a6c36
01008800000001
01008cba2b01ae
01009000000003
020094ba2b01ae
01008800000002
01008cba2b106e
01009000000003
020094ba2b106e
01008800000003
01008cba4a962e
01009000000003
020094ba4a962e
01009800000000
01009c00000000
0100a000000005
0200a400000000
01009800000100
01009c00000000
0100a000000005
0200a400000000
01009800000200
01009c00000000
0100a000000005
0200a400000000
01009800000300
01009c00000000
0100a000000005
0200a400000000
01009800000001
01009c00000000
0100a000000005
0200a400000000
01009800000101
01009c00000000
0100a000000005
0200a400000000
01009800000201
01009c00000000
0100a000000005
0200a400000000
01009800000301
01009c00000000
0100a000000005
0200a400000000
01009800000002
01009c00000000
0100a000000005
0200a400000000
01009800000102
01009c00000000
0100a000000005
0200a400000000
01009800000202
01009c00000000
0100a000000005
0200a400000000
01009800000302
01009c00000000
0100a000000005
0200a400000000
01009800000003
01009c00000000
0100a000000005
0200a400000000
01009800000103
01009c00000000
0100a000000005
0200a400000000
01009800000203
01009c00000000
0100a000000005
0200a400000000
01009800000303
01009c00000000
0100a000000005
0200a400000000
01009800000004
01009c00000000
0100a000000005
0200a400000000
01009800000104
01009c00000000
0100a000000005
0200a400000000
01009800000204
01009c00000000
0100a000000005
0200a400000000
01009800000304
01009c00000000
0100a000000005
0200a400000000
01009800000005
01009c00000000
0100a000000005
0200a400000000
01009800000105
01009c00000000
0100a000000005
0200a400000000
01009800000205
01009c00000000
0100a000000005
0200a400000000
01009800000305
01009c00000000
0100a000000005
0200a400000000
01007400000b0e
02007400000b0e
01007800000000
01007c00000107
01008000000003
02008400000001
01007800000001
01007c00000107
01008000000003
02008400000001
01007800000002
01007c00000007
01008000000003
02008400000000
01007800000003
01007c00000007
01008000000003
02008400000000
01007800000100
01007c00000107
01008000000003
02008400000001
01007800000101
01007c00000107
01008000000003
02008400000001
01007800000102
01007c00000107
01008000000003
02008400000001
01007800000103
01007c00000107
01008000000003
02008400000001
01008800000000
01008cba955bba
01009000000003
020094ba955bba
01008800000001
01008cbab28727
01009000000003
020094bab28727
01008800000002
01008cbac2385e
01009000000003
020094bac2385e
01008800000003
01008cbadc6b9b
01009000000003
020094badc6b9b
01009800000000
01009c00000000
0100a000000005
0200a400000000
01009800000100
01009c00000000
0100a000000005
0200a400000000
01009800000200
01009c00000000
0100a000000005
0200a400000000
01009800000300
01009c00000000
0100a000000005
0200a400000000
01009800000001
01009c00000000
0100a000000005
0200a400000000
01009800000101
01009c00000000
0100a000000005
0200a400000000
01009800000201
01009c00000000
0100a000000005
0200a400000000
01009800000301
01009c00000000
0100a000000005
0200a400000000
01009800000002
01009c00000000
0100a000000005
0200a400000000
01009800000102
01009c00000000
0100a000000005
0200a400000000
01009800000202
01009c00000000
0100a000000005
0200a400000000
01009800000302
01009c00000000
0100a000000005
0200a400000000
01009800000003
01009c00000000
0100a000000005
0200a400000000
01009800000103
01009c00000000
0100a000000005
0200a400000000
01009800000203
01009c00000000
0100a000000005
0200a400000000
01009800000303
01009c00000000
0100a000000005
0200a400000000
01009800000004
01009c00000000
0100a000000005
0200a400000000
01009800000104
01009c00000000
0100a000000005
0200a400000000
01009800000204
01009c00000000
0100a000000005
0200a400000000
01009800000304
01009c00000000
0100a000000005
0200a400000000
01009800000005
01009c00000000
0100a000000005
0200a400000000
01009800000105
01009c00000000
0100a000000005
0200a400000000
01009800000205
01009c00000000
0100a000000005
0200a400000000
01009800000305
01009c00000000
0100a000000005
0200a400000000
01007400000c0e
02007400000c0e
01007800000000
01007c00000107
01008000000003
02008400000001
01007800000001
01007c00000007
01008000000003
02008400000000
01007800000002
01007c00000107
01008000000003
02008400000001
01007800000003
01007c00000007
01008000000003
02008400000000
01007800000100
01007c00000007
01008000000003
02008400000000
01007800000101
01007c00000107
01008000000003
02008400000001
01007800000102
01007c00000107
01008000000003
02008400000001
01007800000103
01007c00000007
01008000000003
02008400000000
01008800000000
01008cbaffc924
01009000000003
020094baffc924
01008800000001
01008cbb2ec31c
01009000000003
020094bb2ec31c
01008800000002
01008cbb624b5d
01009000000003
020094bb624b5d
01008800000003
01008cbb6cb2a2
01009000000003
020094bb6cb2a2
01009800000000
01009c00000000
0100a000000005
0200a400000000
01009800000100
01009c00000000
0100a000000005
0200a400000000
01009800000200
01009c00000000
0100a000000005
0200a400000000
01009800000300
01009c00000000
0100a000000005
0200a400000000
01009800000001
01009c00000000
0100a000000005
0200a400000000
01009800000101
01009c00000000
0100a000000005
0200a400000000
01009800000201
01009c00000000
0100a000000005
0200a400000000
01009800000301
01009c00000000
0100a000000005
0200a400000000
01009800000002
01009c00000000
0100a000000005
0200a400000000
01009800000102
01009c00000000
0100a000000005
0200a400000000
01009800000202
01009c00000000
0100a000000005
0200a400000000
01009800000302
01009c00000000
0100a000000005
0200a400000000
01009800000003
01009c00000000
0100a000000005
0200a400000000
01009800000103
01009c00000000
0100a000000005
0200a400000000
01009800000203
01009c00000000
0100a000000005
0200a400000000
01009800000303
01009c00000000
0100a000000005
0200a400000000
01009800000004
01009c00000000
0100a000000005
0200a400000000
01009800000104
01009c00000000
0100a000000005
0200a400000000
01009800000204
01009c00000000
0100a000000005
0200a400000000
01009800000304
01009c00000000
0100a000000005
0200a400000000
01009800000005
01009c00000000
0100a000000005
0200a400000000
01009800000105
01009c00000000
0100a000000005
0200a400000000
01009800000205
01009c00000000
0100a000000005
0200a400000000
01009800000305
01009c00000000
0100a000000005
0200a400000000
01007400000d0e
02007400000d0e
01007800000000
01007c00000007
01008000000003
02008400000000
01007800000001
01007c00000007
01008000000003
02008400000000
01007800000002
01007c00000007
01008000000003
02008400000000
01007800000003
01007c00000007
01008000000003
02008400000000
01007800000100
01007c00000007
01008000000003
02008400000000
01007800000101
01007c00000007
01008000000003
02008400000000
01007800000102
01007c00000107
01008000000003
02008400000001
01007800000103
01007c00000007
01008000000003
02008400000000
01008800000000
01008cbb8d62a8
01009000000003
020094bb8d62a8
01008800000001
01008cbbadee45
01009000000003
020094bbadee45
01008800000002
01008cbbb245f4
01009000000003
020094bbb245f4
01008800000003
01008cbc2ea568
01009000000003
020094bc2ea568
01009800000000
01009c00000000
0100a000000005
0200a400000000
01009800000100
01009c00000000
0100a000000005
0200a400000000
01009800000200
01009c00000000
0100a000000005
0200a400000000
01009800000300
01009c00000000
0100a000000005
0200a400000000
01009800000001
01009c00000000
0100a000000005
0200a400000000
01009800000101
01009c00000000
0100a000000005
0200a400000000
01009800000201
01009c00000000
0100a000000005
0200a400000000
01009800000301
01009c00000000
0100a000000005
0200a400000000
01009800000002
01009c00000000
0100a000000005
0200a400000000
01009800000102
01009c00000000
0100a000000005
0200a400000000
01009800000202
01009c00000000
0100a000000005
0200a400000000
01009800000302
01009c00000000
0100a000000005
0200a400000000
01009800000003
01009c00000000
0100a000000005
0200a400000000
01009800000103
01009c00000000
0100a000000005
0200a400000000
01009800000203
01009c00000000
0100a000000005
0200a400000000
01009800000303
01009c00000000
0100a000000005
0200a400000000
01009800000004
01009c00000000
0100a000000005
0200a400000000
01009800000104
01009c00000000
0100a000000005
0200a400000000
01009800000204
01009c00000000
0100a000000005
0200a400000000
01009800000304
01009c00000000
0100a000000005
0200a400000000
01009800000005
01009c00000000
0100a000000005
0200a400000000
01009800000105
01009c00000000
0100a000000005
0200a400000000
01009800000205
01009c00000000
0100a000000005
0200a400000000
01009800000305
01009c00000000
0100a000000005
0200a400000000
01007400000e0e
02007400000e0e
01007800000000
01007c00000007
01008000000003
02008400000000
01007800000001
01007c00000007
01008000000003
02008400000000
01007800000002
01007c00000007
01008000000003
02008400000000
01007800000003
01007c00000007
01008000000003
02008400000000
01007800000100
01007c00000107
01008000000003
02008400000001
01007800000101
01007c00000007
01008000000003
02008400000000
01007800000102
01007c00000007
01008000000003
02008400000000
01007800000103
01007c00000007
01008000000003
02008400000000
01008800000000
01008cbc2fadd0
01009000000003
020094bc2fadd0
01008800000001
01008cbc3c1453
01009000000003
020094bc3c1453
01008800000002
01008cbc4d18e6
01009000000003
020094bc4d18e6
01008800000003
01008cbc502807
01009000000003
020094bc502807
01009800000000
01009c00000000
0100a000000005
0200a400000000
01009800000100
01009c00000000
0100a000000005
0200a400000000
01009800000200
01009c00000000
0100a000000005
0200a400000000
01009800000300
01009c00000000
0100a000000005
0200a400000000
01009800000001
01009c00000000
0100a000000005
0200a400000000
01009800000101
01009c00000000
0100a000000005
0200a400000000
01009800000201
01009c00000000
0100a000000005
0200a400000000
01009800000301
01009c00000000
0100a000000005
0200a400000000
01009800000002
01009c00000000
0100a000000005
0200a400000000
01009800000102
01009c00000000
0100a000000005
0200a400000000
01009800000202
01009c00000000
0100a000000005
0200a400000000
01009800000302
01009c00000000
0100a000000005
0200a400000000
01009800000003
01009c00000000
0100a000000005
0200a400000000
01009800000103
01009c00000000
0100a000000005
0200a400000000
01009800000203
01009c00000000
0100a000000005
0200a400000000
01009800000303
01009c00000000
0100a000000005
0200a400000000
01009800000004
01009c00000000
0100a000000005
0200a400000000
01009800000104
01009c00000000
0100a000000005
0200a400000000
01009800000204
01009c00000000
0100a000000005
0200a400000000
01009800000304
01009c00000000
0100a000000005
0200a400000000
01009800000005
01009c00000000
0100a000000005
0200a400000000
01009800000105
01009c00000000
0100a000000005
0200a400000000
01009800000205
01009c00000000
0100a000000005
0200a400000000
01009800000305
01009c00000000
0100a000000005
0200a400000000
01007400000f0e
02007400000f0e
01007800000000
01007c00000007
01008000000003
02008400000000
01007800000001
01007c00000107
01008000000003
02008400000001
01007800000002
01007c00000107
01008000000003
02008400000001
01007800000003
01007c00000107
01008000000003
02008400000001
01007800000100
01007c00000007
01008000000003
02008400000000
01007800000101
01007c00000007
01008000000003
02008400000000
01007800000102
01007c00000107
01008000000003
02008400000001
01007800000103
01007c00000007
01008000000003
02008400000000
01008800000000
01008cbc889e58
01009000000003
020094bc889e58
01008800000001
01008cbcf7d487
01009000000003
020094bcf7d487
01008800000002
01008cbcfd607a
01009000000003
020094bcfd607a
01008800000003
01008cbd146485
01009000000003
020094bd146485
01009800000000
01009c00000000
0100a000000005
0200a400000000
01009800000100
01009c00000000
0100a000000005
0200a400000000
01009800000200
01009c00000000
0100a000000005
0200a400000000
01009800000300
01009c00000000
0100a000000005
0200a400000000
01009800000001
01009c00000000
0100a000000005
0200a400000000
01009800000101
01009c00000000
0100a000000005
0200a400000000
01009800000201
01009c00000000
0100a000000005
0200a400000000
01009800000301
01009c00000000
0100a000000005
0200a400000000
01009800000002
01009c00000000
0100a000000005
0200a400000000
01009800000102
01009c00000000
0100a000000005
0200a400000000
01009800000202
01009c00000000
0100a000000005
0200a400000000
01009800000302
01009c00000000
0100a000000005
0200a400000000
01009800000003
01009c00000000
0100a000000005
0200a400000000
01009800000103
01009c00000000
0100a000000005
0200a400000000
01009800000203
01009c00000000
0100a000000005
0200a400000000
01009800000303
01009c00000000
0100a000000005
0200a400000000
01009800000004
01009c00000000
0100a000000005
0200a400000000
01009800000104
01009c00000000
0100a000000005
0200a400000000
01009800000204
01009c00000000
0100a000000005
0200a400000000
01009800000304
01009c00000000
0100a000000005
0200a400000000
01009800000005
01009c00000000
0100a000000005
0200a400000000
01009800000105
01009c00000000
0100a000000005
0200a400000000
01009800000205
01009c00000000
0100a000000005
0200a400000000
01009800000305
01009c00000000
0100a000000005
0200a400000000
0100740000100e
0200740000100e
01007800000000
01007c00000007
01008000000003
02008400000000
01007800000001
01007c00000007
01008000000003
02008400000000
01007800000002
01007c00000107
01008000000003
02008400000001
01007800000003
01007c00000107
01008000000003
02008400000001
01007800000100
01007c00000107
01008000000003
02008400000001
01007800000101
01007c00000107
01008000000003
02008400000001
01007800000102
01007c00000107
01008000000003
02008400000001
01007800000103
01007c00000007
01008000000003
02008400000000
01008800000000
01008cbd157bd5
01009000000003
020094bd157bd5
01008800000001
01008cbd17df04
01009000000003
020094bd17df04
01008800000002
01008cbd270e7c
01009000000003
020094bd270e7c
01008800000003
01008cbd7b2d84
01009000000003
020094bd7b2d84
01009800000000
01009c00000000
0100a000000005
0200a400000000
01009800000100
01009c00000000
0100a000000005
0200a400000000
01009800000200
01009c00000000
0100a000000005
0200a400000000
01009800000300
01009c00000000
0100a000000005
0200a400000000
01009800000001
01009c00000000
0100a000000005
0200a400000000
01009800000101
01009c00000000
0100a000000005
0200a400000000
01009800000201
01009c00000000
0100a000000005
0200a400000000
01009800000301
01009c00000000
0100a000000005
0200a400000000
01009800000002
01009c00000000
0100a000000005
0200a400000000
01009800000102
01009c00000000
0100a000000005
0200a400000000
01009800000202
01009c00000000
0100a000000005
0200a400000000
01009800000302
01009c00000000
0100a000000005
0200a400000000
01009800000003
01009c00000000
0100a000000005
0200a400000000
01009800000103
01009c00000000
0100a000000005
0200a400000000
01009800000203
01009c00000000
0100a000000005
0200a400000000
01009800000303
01009c00000000
0100a000000005
0200a400000000
01009800000004
01009c00000000
0100a000000005
0200a400000000
01009800000104
01009c00000000
0100a000000005
0200a400000000
01009800000204
01009c00000000
0100a000000005
0200a400000000
01009800000304
01009c00000000
0100a000000005
0200a400000000
01009800000005
01009c00000000
0100a000000005
0200a400000000
01009800000105
01009c00000000
0100a000000005
0200a400000000
01009800000205
01009c00000000
0100a000000005
0200a400000000
01009800000305
01009c00000000
0100a000000005
0200a400000000
0100740000110e
0200740000110e
01007800000000
01007c00000107
01008000000003
02008400000001
01007800000001
01007c00000107
01008000000003
02008400000001
01007800000002
01007c00000107
01008000000003
02008400000001
01007800000003
01007c00000007
01008000000003
02008400000000
01007800000100
01007c00000107
01008000000003
02008400000001
01007800000101
01007c00000107
01008000000003
02008400000001
01007800000102
01007c00000107
01008000000003
02008400000001
01007800000103
01007c00000107
01008000000003
02008400000001
01008800000000
01008cbda0f901
01009000000003
020094bda0f901
01008800000001
01008cbdb11b2b
01009000000003
020094bdb11b2b
01008800000002
01008cbde218ec
01009000000003
020094bde218ec
01008800000003
01008cbe02d1ac
01009000000003
020094be02d1ac
01009800000000
01009c00000000
0100a000000005
0200a400000000
01009800000100
01009c00000000
0100a000000005
0200a400000000
01009800000200
01009c00000000
0100a000000005
0200a400000000
01009800000300
01009c00000000
0100a000000005
0200a400000000
01009800000001
01009c00000000
0100a000000005
0200a400000000
01009800000101
01009c00000000
0100a000000005
0200a400000000
01009800000201
01009c00000000
0100a000000005
0200a400000000
01009800000301
01009c00000000
0100a000000005
0200a400000000
01009800000002
01009c00000000
0100a000000005
0200a400000000
01009800000102
01009c00000000
0100a000000005
0200a400000000
01009800000202
01009c00000000
0100a000000005
0200a400000000
01009800000302
01009c00000000
0100a000000005
0200a400000000
01009800000003
01009c00000000
0100a000000005
0200a400000000
01009800000103
01009c00000000
0100a000000005
0200a400000000
01009800000203
01009c00000000
0100a000000005
0200a400000000
01009800000303
01009c00000000
0100a000000005
0200a400000000
01009800000004
01009c00000000
0100a000000005
0200a400000000
01009800000104
01009c00000000
0100a000000005
0200a400000000
01009800000204
01009c00000000
0100a000000005
0200a400000000
01009800000304
01009c00000000
0100a000000005
0200a400000000
01009800000005
01009c00000000
0100a000000005
0200a400000000
01009800000105
01009c00000000
0100a000000005
0200a400000000
01009800000205
01009c00000000
0100a000000005
0200a400000000
01009800000305
01009c00000000
0100a000000005
0200a400000000
0100740000120e
0200740000120e
01007800000000
01007c00000107
01008000000003
02008400000001
01007800000001
01007c00000107
01008000000003
02008400000001
01007800000002
01007c00000007
01008000000003
02008400000000
01007800000003
01007c00000107
01008000000003
02008400000001
01007800000100
01007c00000107
01008000000003
02008400000001
01007800000101
01007c00000007
01008000000003
02008400000000
01007800000102
01007c00000107
01008000000003
02008400000001
01007800000103
01007c00000107
01008000000003
02008400000001
01008800000000
01008cbea7865e
01009000000003
020094bea7865e
01008800000001
01008cbee27805
01009000000003
020094bee27805
01008800000002
01008cbef131d6
01009000000003
020094bef131d6
01008800000003
01008cbf1a3390
01009000000003
020094bf1a3390
01009800000000
01009c00000000
0100a000000005
0200a400000000
01009800000100
01009c00000000
0100a000000005
0200a400000000
01009800000200
01009c00000000
0100a000000005
0200a400000000
01009800000300
01009c00000000
0100a000000005
0200a400000000
01009800000001
01009c00000000
0100a000000005
0200a400000000
01009800000101
01009c00000000
0100a000000005
0200a400000000
01009800000201
01009c00000000
0100a000000005
0200a400000000
01009800000301
01009c00000000
0100a000000005
0200a400000000
01009800000002
01009c00000000
0100a000000005
0200a400000000
01009800000102
01009c00000000
0100a000000005
0200a400000000
01009800000202
01009c00000000
0100a000000005
0200a400000000
01009800000302
01009c00000000
0100a000000005
0200a400000000
01009800000003
01009c00000000
0100a000000005
0200a400000000
01009800000103
01009c00000000
0100a000000005
0200a400000000
01009800000203
01009c00000000
0100a000000005
0200a400000000
01009800000303
01009c00000000
0100a000000005
0200a400000000
01009800000004
01009c00000000
0100a000000005
0200a400000000
01009800000104
01009c00000000
0100a000000005
0200a400000000
01009800000204
01009c00000000
0100a000000005
0200a400000000
01009800000304
01009c00000000
0100a000000005
0200a400000000
01009800000005
01009c00000000
0100a000000005
0200a400000000
01009800000105
01009c00000000
0100a000000005
0200a400000000
01009800000205
01009c00000000
0100a000000005
0200a400000000
01009800000305
01009c00000000
0100a000000005
0200a400000000
0100740000130e
0200740000130e
01007800000000
01007c00000107
01008000000003
02008400000001
01007800000001
01007c00000007
01008000000003
02008400000000
01007800000002
01007c00000107
01008000000003
02008400000001
01007800000003
01007c00000107
01008000000003
02008400000001
01007800000100
01007c00000107
01008000000003
02008400000001
01007800000101
01007c00000007
01008000000003
02008400000000
01007800000102
01007c00000107
01008000000003
02008400000001
01007800000103
01007c00000007
01008000000003
02008400000000
01008800000000
01008cbf1b3682
01009000000003
020094bf1b3682
01008800000001
01008cbf262c0e
01009000000003
020094bf262c0e
01008800000002
01008cbf271643
01009000000003
020094bf271643
01008800000003
01008cbfb8d106
01009000000003
020094bfb8d106
01009800000000
01009c00000000
0100a000000005
0200a400000000
01009800000100
01009c00000000
0100a000000005
0200a400000000
01009800000200
01009c00000000
0100a000000005
0200a400000000
01009800000300
01009c00000000
0100a000000005
0200a400000000
01009800000001
01009c00000000
0100a000000005
0200a400000000
01009800000101
01009c00000000
0100a000000005
0200a400000000
01009800000201
01009c00000000
0100a000000005
0200a400000000
01009800000301
01009c00000000
0100a000000005
0200a400000000
01009800000002
01009c00000000
0100a000000005
0200a400000000
01009800000102
01009c00000000
0100a000000005
0200a400000000
01009800000202
01009c00000000
0100a000000005
0200a400000000
01009800000302
01009c00000000
0100a000000005
0200a400000000
01009800000003
01009c00000000
0100a000000005
0200a400000000
01009800000103
01009c00000000
0100a000000005
0200a400000000
01009800000203
01009c00000000
0100a000000005
0200a400000000
01009800000303
01009c00000000
0100a000000005
0200a400000000
01009800000005
01009c00000000
0100a000000005
0200a400000000
01009800000105
01009c00000000
0100a000000005
0200a400000000
01009800000205
01009c00000000
0100a000000005
0200a400000000
01009800000305
01009c00000000
0100a000000005
0200a400000000
0100740000000f
0200740000000f
01007800000000
01007c00000007
01008000000003
02008400000000
01007800000001
01007c00000007
01008000000003
02008400000000
01007800000002
01007c00000007
01008000000003
02008400000000
01007800000003
01007c00000007
01008000000003
02008400000000
01007800000100
01007c00000007
01008000000003
02008400000000
01007800000101
01007c00000007
01008000000003
02008400000000
01007800000102
01007c00000007
01008000000003
02008400000000
01007800000103
01007c00000107
01008000000003
02008400000001
01008800000000
01008cbfde75f2
01009000000003
020094bfde75f2
01008800000001
01008cbfe292f0
01009000000003
020094bfe292f0
01008800000002
01008cc000ae55
01009000000003
020094c000ae55
01008800000003
01008cc0212965
01009000000003
020094c0212965
01009800000000
01009c00000000
0100a000000005
0200a400000000
01009800000100
01009c00000000
0100a000000005
0200a400000000
01009800000200
01009c00000000
0100a000000005
0200a400000000
01009800000300
01009c00000000
0100a000000005
0200a400000000
01009800000001
01009c00000000
0100a000000005
0200a400000000
01009800000101
01009c00000000
0100a000000005
0200a400000000
01009800000201
01009c00000000
0100a000000005
0200a400000000
01009800000301
01009c00000000
0100a000000005
0200a400000000
01009800000002
01009c00000000
0100a000000005
0200a400000000
01009800000102
01009c00000000
0100a000000005
0200a400000000
01009800000202
01009c00000000
0100a000000005
0200a400000000
01009800000302
01009c00000000
0100a000000005
0200a400000000
01009800000003
01009c00000000
0100a000000005
0200a400000000
01009800000103
01009c00000000
0100a000000005
0200a400000000
01009800000203
01009c00000000
0100a000000005
0200a400000000
01009800000303
01009c00000000
0100a000000005
0200a400000000
01009800000004
01009c00000000
0100a000000005
0200a400000000
01009800000104
01009c00000000
0100a000000005
0200a400000000
01009800000204
01009c00000000
0100a000000005
0200a400000000
01009800000304
01009c00000000
0100a000000005
0200a400000000
01009800000005
01009c00000000
0100a000000005
0200a400000000
01009800000105
01009c00000000
0100a000000005
0200a400000000
01009800000205
01009c00000000
0100a000000005
0200a400000000
01009800000305
01009c00000000
0100a000000005
0200a400000000
0100740000010f
0200740000010f
01007800000000
01007c00000007
01008000000003
02008400000000
01007800000001
01007c00000107
01008000000003
02008400000001
01007800000002
01007c00000107
01008000000003
02008400000001
01007800000003
01007c00000007
01008000000003
02008400000000
01007800000100
01007c00000107
01008000000003
02008400000001
01007800000101
01007c00000107
01008000000003
02008400000001
01007800000102
01007c00000007
01008000000003
02008400000000
01007800000103
01007c00000007
01008000000003
02008400000000
01008800000000
01008cc03d5b56
01009000000003
020094c03d5b56
01008800000001
01008cc03ffcbb
01009000000003
020094c03ffcbb
01008800000002
01008cc0420395
01009000000003
020094c0420395
01008800000003
01008cc0469aa0
01009000000003
020094c0469aa0
01009800000000
01009c00000000
0100a000000005
0200a400000000
01009800000100
01009c00000000
0100a000000005
0200a400000000
01009800000200
01009c00000000
0100a000000005
0200a400000000
01009800000300
01009c00000000
0100a000000005
0200a400000000
01009800000001
01009c00000000
0100a000000005
0200a400000000
01009800000101
01009c00000000
0100a000000005
0200a400000000
01009800000201
01009c00000000
0100a000000005
0200a400000000
01009800000301
01009c00000000
0100a000000005
0200a400000000
01009800000002
01009c00000000
0100a000000005
0200a400000000
01009800000102
01009c00000000
0100a000000005
0200a400000000
01009800000202
01009c00000000
0100a000000005
0200a400000000
01009800000302
01009c00000000
0100a000000005
0200a400000000
01009800000003
01009c00000000
0100a000000005
0200a400000000
01009800000103
01009c00000000
0100a000000005
0200a400000000
01009800000203
01009c00000000
0100a000000005
0200a400000000
01009800000303
01009c00000000
0100a000000005
0200a400000000
01009800000004
01009c00000000
0100a000000005
0200a400000000
01009800000104
01009c00000000
0100a000000005
0200a400000000
01009800000204
01009c00000000
0100a000000005
0200a400000000
01009800000304
01009c00000000
0100a000000005
0200a400000000
01009800000005
01009c00000000
0100a000000005
0200a400000000
01009800000105
01009c00000000
0100a000000005
0200a400000000
01009800000205
01009c00000000
0100a000000005
0200a400000000
01009800000305
01009c00000000
0100a000000005
0200a400000000
0100740000020f
0200740000020f
01007800000000
01007c00000007
01008000000003
02008400000000
01007800000001
01007c00000007
01008000000003
02008400000000
01007800000002
01007c00000107
01008000000003
02008400000001
01007800000003
01007c00000007
01008000000003
02008400000000
01007800000100
01007c00000107
01008000000003
02008400000001
01007800000101
01007c00000107
01008000000003
02008400000001
01007800000102
01007c00000107
01008000000003
02008400000001
01007800000103
01007c00000107
01008000000003
02008400000001
01008800000000
01008cc068c8fc
01009000000003
020094c068c8fc
01008800000001
01008cc093a350
01009000000003
020094c093a350
01008800000002
01008cc0d19a14
01009000000003
020094c0d19a14
01008800000003
01008cc0fcbad2
01009000000003
020094c0fcbad2
01009800000000
01009c00000000
0100a000000005
0200a400000000
01009800000100
01009c00000000
0100a000000005
0200a400000000
01009800000200
01009c00000000
0100a000000005
0200a400000000
01009800000300
01009c00000000
0100a000000005
0200a400000000
01009800000001
01009c00000000
0100a000000005
0200a400000000
01009800000101
01009c00000000
0100a000000005
0200a400000000
01009800000201
01009c00000000
0100a000000005
0200a400000000
01009800000301
01009c00000000
0100a000000005
0200a400000000
01009800000002
01009c00000000
0100a000000005
0200a400000000
01009800000102
01009c00000000
0100a000000005
0200a400000000
01009800000202
01009c00000000
0100a000000005
0200a400000000
01009800000302
01009c00000000
0100a000000005
0200a400000000
01009800000003
01009c00000000
0100a000000005
0200a400000000
01009800000103
01009c00000000
0100a000000005
0200a400000000
01009800000203
01009c00000000
0100a000000005
0200a400000000
01009800000303
01009c00000000
0100a000000005
0200a400000000
01009800000004
01009c00000000
0100a000000005
0200a400000000
01009800000104
01009c00000000
0100a000000005
0200a400000000
01009800000204
01009c00000000
0100a000000005
0200a400000000
01009800000304
01009c00000000
0100a000000005
0200a400000000
01009800000005
01009c00000000
0100a000000005
0200a400000000
01009800000105
01009c00000000
0100a000000005
0200a400000000
01009800000205
01009c00000000
0100a000000005
0200a400000000
01009800000305
01009c00000000
0100a000000005
0200a400000000
0100740000030f
0200740000030f
01007800000000
01007c00000107
01008000000003
02008400000001
01007800000001
01007c00000007
01008000000003
02008400000000
01007800000002
01007c00000007
01008000000003
02008400000000
01007800000003
01007c00000107
01008000000003
02008400000001
01007800000100
01007c00000007
01008000000003
02008400000000
01007800000101
01007c00000007
01008000000003
02008400000000
01007800000102
01007c00000107
01008000000003
02008400000001
01007800000103
01007c00000007
01008000000003
02008400000000
01008800000000
01008cc11a7b9c
01009000000003
020094c11a7b9c
01008800000001
01008cc11f9a04
01009000000003
020094c11f9a04
01008800000002
01008cc1412e29
01009000000003
020094c1412e29
01008800000003
01008cc1ad59ed
01009000000003
020094c1ad59ed
01009800000000
01009c00000000
0100a000000005
0200a400000000
01009800000100
01009c00000000
0100a000000005
0200a400000000
01009800000200
01009c00000000
0100a000000005
0200a400000000
01009800000300
01009c00000000
0100a000000005
0200a400000000
01009800000001
01009c00000000
0100a000000005
0200a400000000
01009800000101
01009c00000000
0100a000000005
0200a400000000
01009800000201
01009c00000000
0100a000000005
0200a400000000
01009800000301
01009c00000000
0100a000000005
0200a400000000
01009800000002
01009c00000000
0100a000000005
0200a400000000
01009800000102
01009c00000000
0100a000000005
0200a400000000
01009800000202
01009c00000000
0100a000000005
0200a400000000
01009800000302
01009c00000000
0100a000000005
0200a400000000
01009800000003
01009c00000000
0100a000000005
0200a400000000
01009800000103
01009c00000000
0100a000000005
0200a400000000
01009800000203
01009c00000000
0100a000000005
0200a400000000
01009800000303
01009c00000000
0100a000000005
0200a400000000
01009800000004
01009c00000000
0100a000000005
0200a400000000
01009800000104
01009c00000000
0100a000000005
0200a400000000
01009800000204
01009c00000000
0100a000000005
0200a400000000
01009800000304
01009c00000000
0100a000000005
0200a400000000
01009800000005
01009c00000000
0100a000000005
0200a400000000
01009800000105
01009c00000000
0100a000000005
0200a400000000
01009800000205
01009c00000000
0100a000000005
0200a400000000
01009800000305
01009c00000000
0100a000000005
0200a400000000
0100740000040f
0200740000040f
01007800000000
01007c00000007
01008000000003
02008400000000
01007800000001
01007c00000007
01008000000003
02008400000000
01007800000002
01007c00000107
01008000000003
02008400000001
01007800000003
01007c00000007
01008000000003
02008400000000
01007800000100
01007c00000107
01008000000003
02008400000001
01007800000101
01007c00000107
01008000000003
02008400000001
01007800000102
01007c00000007
01008000000003
02008400000000
01007800000103
01007c00000007
01008000000003
02008400000000
01008800000000
01008cc1daa620
01009000000003
020094c1daa620
01008800000001
01008cc24008df
01009000000003
020094c24008df
01008800000002
01008cc317c183
01009000000003
020094c317c183
01008800000003
01008cc31b2937
01009000000003
020094c31b2937
01009800000000
01009c00000000
0100a000000005
0200a400000000
01009800000100
01009c00000000
0100a000000005
0200a400000000
01009800000200
01009c00000000
0100a000000005
0200a400000000
01009800000300
01009c00000000
0100a000000005
0200a400000000
01009800000001
01009c00000000
0100a000000005
0200a400000000
01009800000101
01009c00000000
0100a000000005
0200a400000000
01009800000201
01009c00000000
0100a000000005
0200a400000000
01009800000301
01009c00000000
0100a000000005
0200a400000000
01009800000002
01009c00000000
0100a000000005
0200a400000000
01009800000102
01009c00000000
0100a000000005
0200a400000000
01009800000202
01009c00000000
0100a000000005
0200a400000000
01009800000302
01009c00000000
0100a000000005
0200a400000000
01009800000003
01009c00000000
0100a000000005
0200a400000000
01009800000103
01009c00000000
0100a000000005
0200a400000000
01009800000203
01009c00000000
0100a000000005
0200a400000000
01009800000303
01009c00000000
0100a000000005
0200a400000000
01009800000004
01009c00000000
0100a000000005
0200a400000000
01009800000104
01009c00000000
0100a000000005
0200a400000000
01009800000204
01009c00000000
0100a000000005
0200a400000000
01009800000304
01009c00000000
0100a000000005
0200a400000000
01009800000005
01009c00000000
0100a000000005
0200a400000000
01009800000105
01009c00000000
0100a000000005
0200a400000000
01009800000205
01009c00000000
0100a000000005
0200a400000000
01009800000305
01009c00000000
0100a000000005
0200a400000000
0100740000050f
0200740000050f
01007800000000
01007c00000107
01008000000003
02008400000001
01007800000001
01007c00000007
01008000000003
02008400000000
01007800000002
01007c00000107
01008000000003
02008400000001
01007800000003
01007c00000007
01008000000003
02008400000000
01007800000100
01007c00000107
01008000000003
02008400000001
01007800000101
01007c00000107
01008000000003
02008400000001
01007800000102
01007c00000107
01008000000003
02008400000001
01007800000103
01007c00000007
01008000000003
02008400000000
01008800000000
01008cc331f8cc
01009000000003
020094c331f8cc
01008800000001
01008cc39d8071
01009000000003
020094c39d8071
01008800000002
01008cc3a0ba41
01009000000003
020094c3a0ba41
01008800000003
01008cc3a15fc0
01009000000003
020094c3a15fc0
01009800000000
01009c00000000
0100a000000005
0200a400000000
01009800000100
01009c00000000
0100a000000005
0200a400000000
01009800000200
01009c00000000
0100a000000005
0200a400000000
01009800000300
01009c00000000
0100a000000005
0200a400000000
01009800000001
01009c00000000
0100a000000005
0200a400000000
01009800000101
01009c00000000
0100a000000005
0200a400000000
01009800000201
01009c00000000
0100a000000005
0200a400000000
01009800000301
01009c00000000
0100a000000005
0200a400000000
01009800000002
01009c00000000
0100a000000005
0200a400000000
01009800000102
01009c00000000
0100a000000005
0200a400000000
01009800000202
01009c00000000
0100a000000005
0200a400000000
01009800000302
01009c00000000
0100a000000005
0200a400000000
01009800000003
01009c00000000
0100a000000005
0200a400000000
01009800000103
01009c00000000
0100a000000005
0200a400000000
01009800000203
01009c00000000
0100a000000005
0200a400000000
01009800000303
01009c00000000
0100a000000005
0200a400000000
01009800000004
01009c00000000
0100a000000005
0200a400000000
01009800000104
01009c00000000
0100a000000005
0200a400000000
01009800000204
01009c00000000
0100a000000005
0200a400000000
01009800000304
01009c00000000
0100a000000005
0200a400000000
01009800000005
01009c00000000
0100a000000005
0200a400000000
01009800000105
01009c00000000
0100a000000005
0200a400000000
01009800000205
01009c00000000
0100a000000005
0200a400000000
01009800000305
01009c00000000
0100a000000005
0200a400000000
0100740000060f
0200740000060f
01007800000000
01007c00000107
01008000000003
02008400000001
01007800000001
01007c00000007
01008000000003
02008400000000
01007800000002
01007c00000007
01008000000003
02008400000000
01007800000003
01007c00000007
01008000000003
02008400000000
01007800000100
01007c00000007
01008000000003
02008400000000
01007800000101
01007c00000107
01008000000003
02008400000001
01007800000102
01007c00000007
01008000000003
02008400000000
01007800000103
01007c00000007
01008000000003
02008400000000
01008800000000
01008cc3c53dd5
01009000000003
020094c3c53dd5
01008800000001
01008cc3caefe1
01009000000003
020094c3caefe1
01008800000002
01008cc3e29a22
01009000000003
020094c3e29a22
01008800000003
01008cc3eacf4b
01009000000003
020094c3eacf4b
01009800000000
01009c00000000
0100a000000005
0200a400000000
01009800000100
01009c00000000
0100a000000005
0200a400000000
01009800000200
01009c00000000
0100a000000005
0200a400000000
01009800000300
01009c00000000
0100a000000005
0200a400000000
01009800000001
01009c00000000
0100a000000005
0200a400000000
01009800000101
01009c00000000
0100a000000005
0200a400000000
01009800000201
01009c00000000
0100a000000005
0200a400000000
01009800000301
01009c00000000
0100a000000005
0200a400000000
01009800000002
01009c00000000
0100a000000005
0200a400000000
01009800000102
01009c00000000
0100a000000005
0200a400000000
01009800000202
01009c00000000
0100a000000005
0200a400000000
01009800000302
01009c00000000
0100a000000005
0200a400000000
01009800000003
01009c00000000
0100a000000005
0200a400000000
01009800000103
01009c00000000
0100a000000005
0200a400000000
01009800000203
01009c00000000
0100a000000005
0200a400000000
01009800000303
01009c00000000
0100a000000005
0200a400000000
01009800000004
01009c00000000
0100a000000005
0200a400000000
01009800000104
01009c00000000
0100a000000005
0200a400000000
01009800000204
01009c00000000
0100a000000005
0200a400000000
01009800000304
01009c00000000
0100a000000005
0200a400000000
01009800000005
01009c00000000
0100a000000005
0200a400000000
01009800000105
01009c00000000
0100a000000005
0200a400000000
01009800000205
01009c00000000
0100a000000005
0200a400000000
01009800000305
01009c00000000
0100a000000005
0200a400000000
0100740000070f
0200740000070f
01007800000000
01007c00000007
01008000000003
02008400000000
01007800000001
01007c00000007
01008000000003
02008400000000
01007800000002
01007c00000107
01008000000003
02008400000001
01007800000003
01007c00000107
01008000000003
02008400000001
01007800000100
01007c00000007
01008000000003
02008400000000
01007800000101
01007c00000107
01008000000003
02008400000001
01007800000102
01007c00000107
01008000000003
02008400000001
01007800000103
01007c00000007
01008000000003
02008400000000
01008800000000
01008cc410eab3
01009000000003
020094c410eab3
01008800000001
01008cc42d0ee5
01009000000003
020094c42d0ee5
01008800000002
01008cc43ff34d
01009000000003
020094c43ff34d
01008800000003
01008cc46709dc
01009000000003
020094c46709dc
01009800000000
01009c00000000
0100a000000005
0200a400000000
01009800000100
01009c00000000
0100a000000005
0200a400000000
01009800000200
01009c00000000
0100a000000005
0200a400000000
01009800000300
01009c00000000
0100a000000005
0200a400000000
01009800000001
01009c00000000
0100a000000005
0200a400000000
01009800000101
01009c00000000
0100a000000005
0200a400000000
01009800000201
01009c00000000
0100a000000005
0200a400000000
01009800000301
01009c00000000
0100a000000005
0200a400000000
01009800000002
01009c00000000
0100a000000005
0200a400000000
01009800000102
01009c00000000
0100a000000005
0200a400000000
01009800000202
01009c00000000
0100a000000005
0200a400000000
01009800000302
01009c00000000
0100a000000005
0200a400000000
01009800000003
01009c00000000
0100a000000005
0200a400000000
01009800000103
01009c00000000
0100a000000005
0200a400000000
01009800000203
01009c00000000
0100a000000005
0200a400000000
01009800000303
01009c00000000
0100a000000005
0200a400000000
01009800000004
01009c00000000
0100a000000005
0200a400000000
01009800000104
01009c00000000
0100a000000005
0200a400000000
01009800000204
01009c00000000
0100a000000005
0200a400000000
01009800000304
01009c00000000
0100a000000005
0200a400000000
01009800000005
01009c00000000
0100a000000005
0200a400000000
01009800000105
01009c00000000
0100a000000005
0200a400000000
01009800000205
01009c00000000
0100a000000005
0200a400000000
01009800000305
01009c00000000
0100a000000005
0200a400000000
0100740000080f
0200740000080f
01007800000000
01007c00000007
01008000000003
02008400000000
01007800000001
01007c00000007
01008000000003
02008400000000
01007800000002
01007c00000007
01008000000003
02008400000000
01007800000003
01007c00000107
01008000000003
02008400000001
01007800000100
01007c00000107
01008000000003
02008400000001
01007800000101
01007c00000107
01008000000003
02008400000001
01007800000102
01007c00000107
01008000000003
02008400000001
01007800000103
01007c00000007
01008000000003
02008400000000
01008800000000
01008cc4a923f5
01009000000003
020094c4a923f5
01008800000001
01008cc4b46028
01009000000003
020094c4b46028
01008800000002
01008cc4c574c4
01009000000003
020094c4c574c4
01008800000003
01008cc50e4355
01009000000003
020094c50e4355
01009800000000
01009c00000000
0100a000000005
0200a400000000
01009800000100
01009c00000000
0100a000000005
0200a400000000
01009800000200
01009c00000000
0100a000000005
0200a400000000
01009800000300
01009c00000000
0100a000000005
0200a400000000
01009800000001
01009c00000000
0100a000000005
0200a400000000
01009800000101
01009c00000000
0100a000000005
0200a400000000
01009800000201
01009c00000000
0100a000000005
0200a400000000
01009800000301
01009c00000000
0100a000000005
0200a400000000
01009800000002
01009c00000000
0100a000000005
0200a400000000
01009800000102
01009c00000000
0100a000000005
0200a400000000
01009800000202
01009c00000000
0100a000000005
0200a400000000
01009800000302
01009c00000000
0100a000000005
0200a400000000
01009800000003
01009c00000000
0100a000000005
0200a400000000
01009800000103
01009c00000000
0100a000000005
0200a400000000
01009800000203
01009c00000000
0100a000000005
0200a400000000
01009800000303
01009c00000000
0100a000000005
0200a400000000
01009800000004
01009c00000000
0100a000000005
0200a400000000
01009800000104
01009c00000000
0100a000000005
0200a400000000
01009800000204
01009c00000000
0100a000000005
0200a400000000
01009800000304
01009c00000000
0100a000000005
0200a400000000
01009800000005
01009c00000000
0100a000000005
0200a400000000
01009800000105
01009c00000000
0100a000000005
0200a400000000
01009800000205
01009c00000000
0100a000000005
0200a400000000
01009800000305
01009c00000000
0100a000000005
0200a400000000
0100740000090f
0200740000090f
01007800000000
01007c00000007
01008000000003
02008400000000
01007800000001
01007c00000007
01008000000003
02008400000000
01007800000002
01007c00000107
01008000000003
02008400000001
01007800000003
01007c00000007
01008000000003
02008400000000
01007800000100
01007c00000007
01008000000003
02008400000000
01007800000101
01007c00000107
01008000000003
02008400000001
01007800000102
01007c00000007
01008000000003
02008400000000
01007800000103
01007c00000107
01008000000003
02008400000001
01008800000000
01008cc521d5c9
01009000000003
020094c521d5c9
01008800000001
01008cc5526a2b
01009000000003
020094c5526a2b
01008800000002
01008cc5651db6
01009000000003
020094c5651db6
01008800000003
01008cc56a3a71
01009000000003
020094c56a3a71
01009800000000
01009c00000000
0100a000000005
0200a400000000
01009800000100
01009c00000000
0100a000000005
0200a400000000
01009800000200
01009c00000000
0100a000000005
0200a400000000
01009800000300
01009c00000000
0100a000000005
0200a400000000
01009800000001
01009c00000000
0100a000000005
0200a400000000
01009800000101
01009c00000000
0100a000000005
0200a400000000
01009800000201
01009c00000000
0100a000000005
0200a400000000
01009800000301
01009c00000000
0100a000000005
0200a400000000
01009800000002
01009c00000000
0100a000000005
0200a400000000
01009800000102
01009c00000000
0100a000000005
0200a400000000
01009800000202
01009c00000000
0100a000000005
0200a400000000
01009800000302
01009c00000000
0100a000000005
0200a400000000
01009800000003
01009c00000000
0100a000000005
0200a400000000
01009800000103
01009c00000000
0100a000000005
0200a400000000
01009800000203
01009c00000000
0100a000000005
0200a400000000
01009800000303
01009c00000000
0100a000000005
0200a400000000
01009800000004
01009c00000000
0100a000000005
0200a400000000
01009800000104
01009c00000000
0100a000000005
0200a400000000
01009800000204
01009c00000000
0100a000000005
0200a400000000
01009800000304
01009c00000000
0100a000000005
0200a400000000
01009800000005
01009c00000000
0100a000000005
0200a400000000
01009800000105
01009c00000000
0100a000000005
0200a400000000
01009800000205
01009c00000000
0100a000000005
0200a400000000
01009800000305
01009c00000000
0100a000000005
0200a400000000
01007400000a0f
02007400000a0f
01007800000000
01007c00000107
01008000000003
02008400000001
01007800000001
01007c00000107
01008000000003
02008400000001
01007800000002
01007c00000007
01008000000003
02008400000000
01007800000003
01007c00000007
01008000000003
02008400000000
01007800000100
01007c00000107
01008000000003
02008400000001
01007800000101
01007c00000007
01008000000003
02008400000000
01007800000102
01007c00000107
01008000000003
02008400000001
01007800000103
01007c00000107
01008000000003
02008400000001
01008800000000
01008cc56fbba0
01009000000003
020094c56fbba0
01008800000001
01008cc5a63f6a
01009000000003
020094c5a63f6a
01008800000002
01008cc621f14a
01009000000003
020094c621f14a
01008800000003
01008cc64ad043
01009000000003
020094c64ad043
01009800000000
01009c00000000
0100a000000005
0200a400000000
01009800000100
01009c00000000
0100a000000005
0200a400000000
01009800000200
01009c00000000
0100a000000005
0200a400000000
01009800000300
01009c00000000
0100a000000005
0200a400000000
01009800000001
01009c00000000
0100a000000005
0200a400000000
01009800000101
01009c00000000
0100a000000005
0200a400000000
01009800000201
01009c00000000
0100a000000005
0200a400000000
01009800000301
01009c00000000
0100a000000005
0200a400000000
01009800000002
01009c00000000
0100a000000005
0200a400000000
01009800000102
01009c00000000
0100a000000005
0200a400000000
01009800000202
01009c00000000
0100a000000005
0200a400000000
01009800000302
01009c00000000
0100a000000005
0200a400000000
01009800000003
01009c00000000
0100a000000005
0200a400000000
01009800000103
01009c00000000
0100a000000005
0200a400000000
01009800000203
01009c00000000
0100a000000005
0200a400000000
01009800000303
01009c00000000
0100a000000005
0200a400000000
01009800000004
01009c00000000
0100a000000005
0200a400000000
01009800000104
01009c00000000
0100a000000005
0200a400000000
01009800000204
01009c00000000
0100a000000005
0200a400000000
01009800000304
01009c00000000
0100a000000005
0200a400000000
01009800000005
01009c00000000
0100a000000005
0200a400000000
01009800000105
01009c00000000
0100a000000005
0200a400000000
01009800000205
01009c00000000
0100a000000005
0200a400000000
01009800000305
01009c00000000
0100a000000005
0200a400000000
01007400000b0f
02007400000b0f
01007800000000
01007c00000007
01008000000003
02008400000000
01007800000001
01007c00000007
01008000000003
02008400000000
01007800000002
01007c00000007
01008000000003
02008400000000
01007800000003
01007c00000007
01008000000003
02008400000000
01007800000100
01007c00000107
01008000000003
02008400000001
01007800000101
01007c00000007
01008000000003
02008400000000
01007800000102
01007c00000007
01008000000003
02008400000000
01007800000103
01007c00000007
01008000000003
02008400000000
01008800000000
01008cc6549c6a
01009000000003
020094c6549c6a
01008800000001
01008cc6a6b5d8
01009000000003
020094c6a6b5d8
01008800000002
01008cc6df18bd
01009000000003
020094c6df18bd
01008800000003
01008cc7203299
01009000000003
020094c7203299
01009800000000
01009c00000000
0100a000000005
0200a400000000
01009800000100
01009c00000000
0100a000000005
0200a400000000
01009800000200
01009c00000000
0100a000000005
0200a400000000
01009800000300
01009c00000000
0100a000000005
0200a400000000
01009800000001
01009c00000000
0100a000000005
0200a400000000
01009800000101
01009c00000000
0100a000000005
0200a400000000
01009800000201
01009c00000000
0100a000000005
0200a400000000
01009800000301
01009c00000000
0100a000000005
0200a400000000
01009800000002
01009c00000000
0100a000000005
0200a400000000
01009800000102
01009c00000000
0100a000000005
0200a400000000
01009800000202
01009c00000000
0100a000000005
0200a400000000
01009800000302
01009c00000000
0100a000000005
0200a400000000
01009800000003
01009c00000000
0100a000000005
0200a400000000
01009800000103
01009c00000000
0100a000000005
0200a400000000
01009800000203
01009c00000000
0100a000000005
0200a400000000
01009800000303
01009c00000000
0100a000000005
0200a400000000
01009800000004
01009c00000000
0100a000000005
0200a400000000
01009800000104
01009c00000000
0100a000000005
0200a400000000
01009800000204
01009c00000000
0100a000000005
0200a400000000
01009800000304
01009c00000000
0100a000000005
0200a400000000
01009800000005
01009c00000000
0100a000000005
0200a400000000
01009800000105
01009c00000000
0100a000000005
0200a400000000
01009800000205
01009c00000000
0100a000000005
0200a400000000
01009800000305
01009c00000000
0100a000000005
0200a400000000
01007400000c0f
02007400000c0f
01007800000000
01007c00000107
01008000000003
02008400000001
01007800000001
01007c00000107
01008000000003
02008400000001
01007800000002
01007c00000007
01008000000003
02008400000000
01007800000003
01007c00000107
01008000000003
02008400000001
01007800000100
01007c00000007
01008000000003
02008400000000
01007800000101
01007c00000107
01008000000003
02008400000001
01007800000102
01007c00000107
01008000000003
02008400000001
01007800000103
01007c00000107
01008000000003
02008400000001
01008800000000
01008cc737a6b6
01009000000003
020094c737a6b6
01008800000001
01008cc744e105
01009000000003
020094c744e105
01008800000002
01008cc75392ff
01009000000003
020094c75392ff
01008800000003
01008cc75c1acc
01009000000003
020094c75c1acc
01009800000000
01009c00000000
0100a000000005
0200a400000000
01009800000100
01009c00000000
0100a000000005
0200a400000000
01009800000200
01009c00000000
0100a000000005
0200a400000000
01009800000300
01009c00000000
0100a000000005
0200a400000000
01009800000001
01009c00000000
0100a000000005
0200a400000000
01009800000101
01009c00000000
0100a000000005
0200a400000000
01009800000201
01009c00000000
0100a000000005
0200a400000000
01009800000301
01009c00000000
0100a000000005
0200a400000000
01009800000002
01009c00000000
0100a000000005
0200a400000000
01009800000102
01009c00000000
0100a000000005
0200a400000000
01009800000202
01009c00000000
0100a000000005
0200a400000000
01009800000302
01009c00000000
0100a000000005
0200a400000000
01009800000003
01009c00000000
0100a000000005
0200a400000000
01009800000103
01009c00000000
0100a000000005
0200a400000000
01009800000203
01009c00000000
0100a000000005
0200a400000000
01009800000303
01009c00000000
0100a000000005
0200a400000000
01009800000004
01009c00000000
0100a000000005
0200a400000000
01009800000104
01009c00000000
0100a000000005
0200a400000000
01009800000204
01009c00000000
0100a000000005
0200a400000000
01009800000304
01009c00000000
0100a000000005
0200a400000000
01009800000005
01009c00000000
0100a000000005
0200a400000000
01009800000105
01009c00000000
0100a000000005
0200a400000000
01009800000205
01009c00000000
0100a000000005
0200a400000000
01009800000305
01009c00000000
0100a000000005
0200a400000000
01007400000d0f
02007400000d0f
01007800000000
01007c00000007
01008000000003
02008400000000
01007800000001
01007c00000107
01008000000003
02008400000001
01007800000002
01007c00000107
01008000000003
02008400000001
01007800000003
01007c00000007
01008000000003
02008400000000
01007800000100
01007c00000007
01008000000003
02008400000000
01007800000101
01007c00000007
01008000000003
02008400000000
01007800000102
01007c00000007
01008000000003
02008400000000
01007800000103
01007c00000107
01008000000003
02008400000001
01008800000000
01008cc75f607c
01009000000003
020094c75f607c
01008800000001
01008cc7743e85
01009000000003
020094c7743e85
01008800000002
01008cc796d55a
01009000000003
020094c796d55a
01008800000003
01008cc7de9772
01009000000003
020094c7de9772
01009800000000
01009c00000000
0100a000000005
0200a400000000
01009800000100
01009c00000000
0100a000000005
0200a400000000
01009800000200
01009c00000000
0100a000000005
0200a400000000
01009800000300
01009c00000000
0100a000000005
0200a400000000
01009800000001
01009c00000000
0100a000000005
0200a400000000
01009800000101
01009c00000000
0100a000000005
0200a400000000
01009800000201
01009c00000000
0100a000000005
0200a400000000
01009800000301
01009c00000000
0100a000000005
0200a400000000
01009800000002
01009c00000000
0100a000000005
0200a400000000
01009800000102
01009c00000000
0100a000000005
0200a400000000
01009800000202
01009c00000000
0100a000000005
0200a400000000
01009800000302
01009c00000000
0100a000000005
0200a400000000
01009800000003
01009c00000000
0100a000000005
0200a400000000
01009800000103
01009c00000000
0100a000000005
0200a400000000
01009800000203
01009c00000000
0100a000000005
0200a400000000
01009800000303
01009c00000000
0100a000000005
0200a400000000
01009800000004
01009c00000000
0100a000000005
0200a400000000
01009800000104
01009c00000000
0100a000000005
0200a400000000
01009800000204
01009c00000000
0100a000000005
0200a400000000
01009800000304
01009c00000000
0100a000000005
0200a400000000
01009800000005
01009c00000000
0100a000000005
0200a400000000
01009800000105
01009c00000000
0100a000000005
0200a400000000
01009800000205
01009c00000000
0100a000000005
0200a400000000
01009800000305
01009c00000000
0100a000000005
0200a400000000
01007400000e0f
02007400000e0f
01007800000000
01007c00000007
01008000000003
02008400000000
01007800000001
01007c00000007
01008000000003
02008400000000
01007800000002
01007c00000107
01008000000003
02008400000001
01007800000003
01007c00000107
01008000000003
02008400000001
01007800000100
01007c00000107
01008000000003
02008400000001
01007800000101
01007c00000007
01008000000003
02008400000000
01007800000102
01007c00000107
01008000000003
02008400000001
01007800000103
01007c00000107
01008000000003
02008400000001
01008800000000
01008cc7e6af90
01009000000003
020094c7e6af90
01008800000001
01008cc7fc1c99
01009000000003
020094c7fc1c99
01008800000002
01008cc8220bef
01009000000003
020094c8220bef
01008800000003
01008cc8335f25
01009000000003
020094c8335f25
01009800000000
01009c00000000
0100a000000005
0200a400000000
01009800000100
01009c00000000
0100a000000005
0200a400000000
01009800000200
01009c00000000
0100a000000005
0200a400000000
01009800000300
01009c00000000
0100a000000005
0200a400000000
01009800000001
01009c00000000
0100a000000005
0200a400000000
01009800000101
01009c00000000
0100a000000005
0200a400000000
01009800000201
01009c00000000
0100a000000005
0200a400000000
01009800000301
01009c00000000
0100a000000005
0200a400000000
01009800000002
01009c00000000
0100a000000005
0200a400000000
01009800000102
01009c00000000
0100a000000005
0200a400000000
01009800000202
01009c00000000
0100a000000005
0200a400000000
01009800000302
01009c00000000
0100a000000005
0200a400000000
01009800000003
01009c00000000
0100a000000005
0200a400000000
01009800000103
01009c00000000
0100a000000005
0200a400000000
01009800000203
01009c00000000
0100a000000005
0200a400000000
01009800000303
01009c00000000
0100a000000005
0200a400000000
01009800000004
01009c00000000
0100a000000005
0200a400000000
01009800000104
01009c00000000
0100a000000005
0200a400000000
01009800000204
01009c00000000
0100a000000005
0200a400000000
01009800000304
01009c00000000
0100a000000005
0200a400000000
01009800000005
01009c00000000
0100a000000005
0200a400000000
01009800000105
01009c00000000
0100a000000005
0200a400000000
01009800000205
01009c00000000
0100a000000005
0200a400000000
01009800000305
01009c00000000
0100a000000005
0200a400000000
01007400000f0f
02007400000f0f
01007800000000
01007c00000007
01008000000003
02008400000000
01007800000001
01007c00000007
01008000000003
02008400000000
01007800000002
01007c00000007
01008000000003
02008400000000
01007800000003
01007c00000107
01008000000003
02008400000001
01007800000100
01007c00000107
01008000000003
02008400000001
01007800000101
01007c00000107
01008000000003
02008400000001
01007800000102
01007c00000007
01008000000003
02008400000000
01007800000103
01007c00000007
01008000000003
02008400000000
01008800000000
01008cc843610f
01009000000003
020094c843610f
01008800000001
01008cc8438c11
01009000000003
020094c8438c11
01008800000002
01008cc84c8e21
01009000000003
020094c84c8e21
01008800000003
01008cc865bb72
01009000000003
020094c865bb72
01009800000000
01009c00000000
0100a000000005
0200a400000000
01009800000100
01009c00000000
0100a000000005
0200a400000000
01009800000200
01009c00000000
0100a000000005
0200a400000000
01009800000300
01009c00000000
0100a000000005
0200a400000000
01009800000001
01009c00000000
0100a000000005
0200a400000000
01009800000101
01009c00000000
0100a000000005
0200a400000000
01009800000201
01009c00000000
0100a000000005
0200a400000000
01009800000301
01009c00000000
0100a000000005
0200a400000000
01009800000002
01009c00000000
0100a000000005
0200a400000000
01009800000102
01009c00000000
0100a000000005
0200a400000000
01009800000202
01009c00000000
0100a000000005
0200a400000000
01009800000302
01009c00000000
0100a000000005
0200a400000000
01009800000003
01009c00000000
0100a000000005
0200a400000000
01009800000103
01009c00000000
0100a000000005
0200a400000000
01009800000203
01009c00000000
0100a000000005
0200a400000000
01009800000303
01009c00000000
0100a000000005
0200a400000000
01009800000004
01009c00000000
0100a000000005
0200a400000000
01009800000104
01009c00000000
0100a000000005
0200a400000000
01009800000204
01009c00000000
0100a000000005
0200a400000000
01009800000304
01009c00000000
0100a000000005
0200a400000000
01009800000005
01009c00000000
0100a000000005
0200a400000000
01009800000105
01009c00000000
0100a000000005
0200a400000000
01009800000205
01009c00000000
0100a000000005
0200a400000000
01009800000305
01009c00000000
0100a000000005
0200a400000000
0100740000100f
0200740000100f
01007800000000
01007c00000007
01008000000003
02008400000000
01007800000001
01007c00000107
01008000000003
02008400000001
01007800000002
01007c00000107
01008000000003
02008400000001
01007800000003
01007c00000107
01008000000003
02008400000001
01007800000100
01007c00000007
01008000000003
02008400000000
01007800000101
01007c00000107
01008000000003
02008400000001
01007800000102
01007c00000007
01008000000003
02008400000000
01007800000103
01007c00000007
01008000000003
02008400000000
01008800000000
01008cc879ec50
01009000000003
020094c879ec50
01008800000001
01008cc8e4aa9f
01009000000003
020094c8e4aa9f
01008800000002
01008cc90dc406
01009000000003
020094c90dc406
01008800000003
01008cc9434100
01009000000003
020094c9434100
01009800000000
01009c00000000
0100a000000005
0200a400000000
01009800000100
01009c00000000
0100a000000005
0200a400000000
01009800000200
01009c00000000
0100a000000005
0200a400000000
01009800000300
01009c00000000
0100a000000005
0200a400000000
01009800000001
01009c00000000
0100a000000005
0200a400000000
01009800000101
01009c00000000
0100a000000005
0200a400000000
01009800000201
01009c00000000
0100a000000005
0200a400000000
01009800000301
01009c00000000
0100a000000005
0200a400000000
01009800000002
01009c00000000
0100a000000005
0200a400000000
01009800000102
01009c00000000
0100a000000005
0200a400000000
01009800000202
01009c00000000
0100a000000005
0200a400000000
01009800000302
01009c00000000
0100a000000005
0200a400000000
01009800000003
01009c00000000
0100a000000005
0200a400000000
01009800000103
01009c00000000
0100a000000005
0200a400000000
01009800000203
01009c00000000
0100a000000005
0200a400000000
01009800000303
01009c00000000
0100a000000005
0200a400000000
01009800000004
01009c00000000
0100a000000005
0200a400000000
01009800000104
01009c00000000
0100a000000005
0200a400000000
01009800000204
01009c00000000
0100a000000005
0200a400000000
01009800000304
01009c00000000
0100a000000005
0200a400000000
01009800000005
01009c00000000
0100a000000005
0200a400000000
01009800000105
01009c00000000
0100a000000005
0200a400000000
01009800000205
01009c00000000
0100a000000005
0200a400000000
01009800000305
01009c00000000
0100a000000005
0200a400000000
0100740000110f
0200740000110f
01007800000000
01007c00000107
01008000000003
02008400000001
01007800000001
01007c00000107
01008000000003
02008400000001
01007800000002
01007c00000007
01008000000003
02008400000000
01007800000003
01007c00000107
01008000000003
02008400000001
01007800000100
01007c00000007
01008000000003
02008400000000
01007800000101
01007c00000007
01008000000003
02008400000000
01007800000102
01007c00000007
01008000000003
02008400000000
01007800000103
01007c00000107
01008000000003
02008400000001
01008800000000
01008cc96bb02b
01009000000003
020094c96bb02b
01008800000001
01008cc96fda49
01009000000003
020094c96fda49
01008800000002
01008cc97843da
01009000000003
020094c97843da
01008800000003
01008cc989f118
01009000000003
020094c989f118
01009800000000
01009c00000000
0100a000000005
0200a400000000
01009800000100
01009c00000000
0100a000000005
0200a400000000
01009800000200
01009c00000000
0100a000000005
0200a400000000
01009800000300
01009c00000000
0100a000000005
0200a400000000
01009800000001
01009c00000000
0100a000000005
0200a400000000
01009800000101
01009c00000000
0100a000000005
0200a400000000
01009800000201
01009c00000000
0100a000000005
0200a400000000
01009800000301
01009c00000000
0100a000000005
0200a400000000
01009800000002
01009c00000000
0100a000000005
0200a400000000
01009800000102
01009c00000000
0100a000000005
0200a400000000
01009800000202
01009c00000000
0100a000000005
0200a400000000
01009800000302
01009c00000000
0100a000000005
0200a400000000
01009800000003
01009c00000000
0100a000000005
0200a400000000
01009800000103
01009c00000000
0100a000000005
0200a400000000
01009800000203
01009c00000000
0100a000000005
0200a400000000
01009800000303
01009c00000000
0100a000000005
0200a400000000
01009800000004
01009c00000000
0100a000000005
0200a400000000
01009800000104
01009c00000000
0100a000000005
0200a400000000
01009800000204
01009c00000000
0100a000000005
0200a400000000
01009800000304
01009c00000000
0100a000000005
0200a400000000
01009800000005
01009c00000000
0100a000000005
0200a400000000
01009800000105
01009c00000000
0100a000000005
0200a400000000
01009800000205
01009c00000000
0100a000000005
0200a400000000
01009800000305
01009c00000000
0100a000000005
0200a400000000
0100740000120f
0200740000120f
01007800000000
01007c00000107
01008000000003
02008400000001
01007800000001
01007c00000107
01008000000003
02008400000001
01007800000002
01007c00000007
01008000000003
02008400000000
01007800000003
01007c00000107
01008000000003
02008400000001
01007800000100
01007c00000007
01008000000003
02008400000000
01007800000101
01007c00000107
01008000000003
02008400000001
01007800000102
01007c00000007
01008000000003
02008400000000
01007800000103
01007c00000107
01008000000003
02008400000001
01008800000000
01008cc998e72b
01009000000003
020094c998e72b
01008800000001
01008cc9c51201
01009000000003
020094c9c51201
01008800000002
01008cc9d493f1
01009000000003
020094c9d493f1
01008800000003
01008cca0b4d18
01009000000003
020094ca0b4d18
01009800000000
01009c00000000
0100a000000005
0200a400000000
01009800000100
01009c00000000
0100a000000005
0200a400000000
01009800000200
01009c00000000
0100a000000005
0200a400000000
01009800000300
01009c00000000
0100a000000005
0200a400000000
01009800000001
01009c00000000
0100a000000005
0200a400000000
01009800000101
01009c00000000
0100a000000005
0200a400000000
01009800000201
01009c00000000
0100a000000005
0200a400000000
01009800000301
01009c00000000
0100a000000005
0200a400000000
01009800000002
01009c00000000
0100a000000005
0200a400000000
01009800000102
01009c00000000
0100a000000005
0200a400000000
01009800000202
01009c00000000
0100a000000005
0200a400000000
01009800000302
01009c00000000
0100a000000005
0200a400000000
01009800000003
01009c00000000
0100a000000005
0200a400000000
01009800000103
01009c00000000
0100a000000005
0200a400000000
01009800000203
01009c00000000
0100a000000005
0200a400000000
01009800000303
01009c00000000
0100a000000005
0200a400000000
01009800000004
01009c00000000
0100a000000005
0200a400000000
01009800000104
01009c00000000
0100a000000005
0200a400000000
01009800000204
01009c00000000
0100a000000005
0200a400000000
01009800000304
01009c00000000
0100a000000005
0200a400000000
01009800000005
01009c00000000
0100a000000005
0200a400000000
01009800000105
01009c00000000
0100a000000005
0200a400000000
01009800000205
01009c00000000
0100a000000005
0200a400000000
01009800000305
01009c00000000
0100a000000005
0200a400000000
0100740000130f
0200740000130f
01007800000000
01007c00000007
01008000000003
02008400000000
01007800000001
01007c00000007
01008000000003
02008400000000
01007800000002
01007c00000007
01008000000003
02008400000000
01007800000003
01007c00000007
01008000000003
02008400000000
01007800000100
01007c00000107
01008000000003
02008400000001
01007800000101
01007c00000007
01008000000003
02008400000000
01007800000102
01007c00000007
01008000000003
02008400000000
01007800000103
01007c00000107
01008000000003
02008400000001
01008800000000
01008cca2ea39a
01009000000003
020094ca2ea39a
01008800000001
01008cca366533
01009000000003
020094ca366533
01008800000002
01008cca7afe65
01009000000003
020094ca7afe65
01008800000003
01008cca88fb33
01009000000003
020094ca88fb33
01009800000000
01009c00000000
0100a000000005
0200a400000000
01009800000100
01009c00000000
0100a000000005
0200a400000000
01009800000200
01009c00000000
0100a000000005
0200a400000000
01009800000300
01009c00000000
0100a000000005
0200a400000000
01009800000001
01009c00000000
0100a000000005
0200a400000000
01009800000101
01009c00000000
0100a000000005
0200a400000000
01009800000201
01009c00000000
0100a000000005
0200a400000000
01009800000301
01009c00000000
0100a000000005
0200a400000000
01009800000002
01009c00000000
0100a000000005
0200a400000000
01009800000102
01009c00000000
0100a000000005
0200a400000000
01009800000202
01009c00000000
0100a000000005
0200a400000000
01009800000302
01009c00000000
0100a000000005
0200a400000000
01009800000003
01009c00000000
0100a000000005
0200a400000000
01009800000103
01009c00000000
0100a000000005
0200a400000000
01009800000203
01009c00000000
0100a000000005
0200a400000000
01009800000303
01009c00000000
0100a000000005
0200a400000000
01009800000005
01009c00000000
0100a000000005
0200a400000000
01009800000105
01009c00000000
0100a000000005
0200a400000000
01009800000205
01009c00000000
0100a000000005
0200a400000000
01009800000305
01009c00000000
0100a000000005
0200a400000000
01007400000010
02007400000010
01007800000000
01007c00000107
01008000000003
02008400000001
01007800000001
01007c00000007
01008000000003
02008400000000
01007800000002
01007c00000007
01008000000003
02008400000000
01007800000003
01007c00000107
01008000000003
02008400000001
01007800000100
01007c00000107
01008000000003
02008400000001
01007800000101
01007c00000007
01008000000003
02008400000000
01007800000102
01007c00000007
01008000000003
02008400000000
01007800000103
01007c00000107
01008000000003
02008400000001
01008800000000
01008cca8ae971
01009000000003
020094ca8ae971
01008800000001
01008cca95f0bc
01009000000003
020094ca95f0bc
01008800000002
01008ccaadd7fc
01009000000003
020094caadd7fc
01008800000003
01008ccaae1373
01009000000003
020094caae1373
01009800000000
01009c00000000
0100a000000005
0200a400000000
01009800000100
01009c00000000
0100a000000005
0200a400000000
01009800000200
01009c00000000
0100a000000005
0200a400000000
01009800000300
01009c00000000
0100a000000005
0200a400000000
01009800000001
01009c00000000
0100a000000005
0200a400000000
01009800000101
01009c00000000
0100a000000005
0200a400000000
01009800000201
01009c00000000
0100a000000005
0200a400000000
01009800000301
01009c00000000
0100a000000005
0200a400000000
01009800000002
01009c00000000
0100a000000005
0200a400000000
01009800000102
01009c00000000
0100a000000005
0200a400000000
01009800000202
01009c00000000
0100a000000005
0200a400000000
01009800000302
01009c00000000
0100a000000005
0200a400000000
01009800000003
01009c00000000
0100a000000005
0200a400000000
01009800000103
01009c00000000
0100a000000005
0200a400000000
01009800000203
01009c00000000
0100a000000005
0200a400000000
01009800000303
01009c00000000
0100a000000005
0200a400000000
01009800000004
01009c00000000
0100a000000005
0200a400000000
01009800000104
01009c00000000
0100a000000005
0200a400000000
01009800000204
01009c00000000
0100a000000005
0200a400000000
01009800000304
01009c00000000
0100a000000005
0200a400000000
01009800000005
01009c00000000
0100a000000005
0200a400000000
01009800000105
01009c00000000
0100a000000005
0200a400000000
01009800000205
01009c00000000
0100a000000005
0200a400000000
01009800000305
01009c00000000
0100a000000005
0200a400000000
01007400000110
02007400000110
01007800000000
01007c00000007
01008000000003
02008400000000
01007800000001
01007c00000107
01008000000003
02008400000001
01007800000002
01007c00000107
01008000000003
02008400000001
01007800000003
01007c00000007
01008000000003
02008400000000
01007800000100
01007c00000107
01008000000003
02008400000001
01007800000101
01007c00000007
01008000000003
02008400000000
01007800000102
01007c00000107
01008000000003
02008400000001
01007800000103
01007c00000007
01008000000003
02008400000000
01008800000000
01008ccab5d7de
01009000000003
020094cab5d7de
01008800000001
01008ccb083d4e
01009000000003
020094cb083d4e
01008800000002
01008ccb3ae421
01009000000003
020094cb3ae421
01008800000003
01008ccb5b5bec
01009000000003
020094cb5b5bec
01009800000000
01009c00000000
0100a000000005
0200a400000000
01009800000100
01009c00000000
0100a000000005
0200a400000000
01009800000200
01009c00000000
0100a000000005
0200a400000000
01009800000300
01009c00000000
0100a000000005
0200a400000000
01009800000001
01009c00000000
0100a000000005
0200a400000000
01009800000101
01009c00000000
0100a000000005
0200a400000000
01009800000201
01009c00000000
0100a000000005
0200a400000000
01009800000301
01009c00000000
0100a000000005
0200a400000000
01009800000002
01009c00000000
0100a000000005
0200a400000000
01009800000102
01009c00000000
0100a000000005
0200a400000000
01009800000202
01009c00000000
0100a000000005
0200a400000000
01009800000302
01009c00000000
0100a000000005
0200a400000000
01009800000003
01009c00000000
0100a000000005
0200a400000000
01009800000103
01009c00000000
0100a000000005
0200a400000000
01009800000203
01009c00000000
0100a000000005
0200a400000000
01009800000303
01009c00000000
0100a000000005
0200a400000000
01009800000004
01009c00000000
0100a000000005
0200a400000000
01009800000104
01009c00000000
0100a000000005
0200a400000000
01009800000204
01009c00000000
0100a000000005
0200a400000000
01009800000304
01009c00000000
0100a000000005
0200a400000000
01009800000005
01009c00000000
0100a000000005
0200a400000000
01009800000105
01009c00000000
0100a000000005
0200a400000000
01009800000205
01009c00000000
0100a000000005
0200a400000000
01009800000305
01009c00000000
0100a000000005
0200a400000000
01007400000210
02007400000210
01007800000000
01007c00000007
01008000000003
02008400000000
01007800000001
01007c00000107
01008000000003
02008400000001
01007800000002
01007c00000007
01008000000003
02008400000000
01007800000003
01007c00000007
01008000000003
02008400000000
01007800000100
01007c00000007
01008000000003
02008400000000
01007800000101
01007c00000007
01008000000003
02008400000000
01007800000102
01007c00000107
01008000000003
02008400000001
01007800000103
01007c00000007
01008000000003
02008400000000
01008800000000
01008ccb687f54
01009000000003
020094cb687f54
01008800000001
01008ccb96ee92
01009000000003
020094cb96ee92
01008800000002
01008ccbe44bef
01009000000003
020094cbe44bef
01008800000003
01008ccbe68221
01009000000003
020094cbe68221
01009800000000
01009c00000000
0100a000000005
0200a400000000
01009800000100
01009c00000000
0100a000000005
0200a400000000
01009800000200
01009c00000000
0100a000000005
0200a400000000
01009800000300
01009c00000000
0100a000000005
0200a400000000
01009800000001
01009c00000000
0100a000000005
0200a400000000
01009800000101
01009c00000000
0100a000000005
0200a400000000
01009800000201
01009c00000000
0100a000000005
0200a400000000
01009800000301
01009c00000000
0100a000000005
0200a400000000
01009800000002
01009c00000000
0100a000000005
0200a400000000
01009800000102
01009c00000000
0100a000000005
0200a400000000
01009800000202
01009c00000000
0100a000000005
0200a400000000
01009800000302
01009c00000000
0100a000000005
0200a400000000
01009800000003
01009c00000000
0100a000000005
0200a400000000
01009800000103
01009c00000000
0100a000000005
0200a400000000
01009800000203
01009c00000000
0100a000000005
0200a400000000
01009800000303
01009c00000000
0100a000000005
0200a400000000
01009800000004
01009c00000000
0100a000000005
0200a400000000
01009800000104
01009c00000000
0100a000000005
0200a400000000
01009800000204
01009c00000000
0100a000000005
0200a400000000
01009800000304
01009c00000000
0100a000000005
0200a400000000
01009800000005
01009c00000000
0100a000000005
0200a400000000
01009800000105
01009c00000000
0100a000000005
0200a400000000
01009800000205
01009c00000000
0100a000000005
0200a400000000
01009800000305
01009c00000000
0100a000000005
0200a400000000
01007400000310
02007400000310
01007800000000
01007c00000107
01008000000003
02008400000001
01007800000001
01007c00000007
01008000000003
02008400000000
01007800000002
01007c00000007
01008000000003
02008400000000
01007800000003
01007c00000007
01008000000003
02008400000000
01007800000100
01007c00000107
01008000000003
02008400000001
01007800000101
01007c00000007
01008000000003
02008400000000
01007800000102
01007c00000107
01008000000003
02008400000001
01007800000103
01007c00000107
01008000000003
02008400000001
01008800000000
01008ccc557fc4
01009000000003
020094cc557fc4
01008800000001
01008ccc68dbe0
01009000000003
020094cc68dbe0
01008800000002
01008ccc823e19
01009000000003
020094cc823e19
01008800000003
01008ccc8dc2f1
01009000000003
020094cc8dc2f1
01009800000000
01009c00000000
0100a000000005
0200a400000000
01009800000100
01009c00000000
0100a000000005
0200a400000000
01009800000200
01009c00000000
0100a000000005
0200a400000000
01009800000300
01009c00000000
0100a000000005
0200a400000000
01009800000001
01009c00000000
0100a000000005
0200a400000000
01009800000101
01009c00000000
0100a000000005
0200a400000000
01009800000201
01009c00000000
0100a000000005
0200a400000000
01009800000301
01009c00000000
0100a000000005
0200a400000000
01009800000002
01009c00000000
0100a000000005
0200a400000000
01009800000102
01009c00000000
0100a000000005
0200a400000000
01009800000202
01009c00000000
0100a000000005
0200a400000000
01009800000302
01009c00000000
0100a000000005
0200a400000000
01009800000003
01009c00000000
0100a000000005
0200a400000000
01009800000103
01009c00000000
0100a000000005
0200a400000000
01009800000203
01009c00000000
0100a000000005
0200a400000000
01009800000303
01009c00000000
0100a000000005
0200a400000000
01009800000004
01009c00000000
0100a000000005
0200a400000000
01009800000104
01009c00000000
0100a000000005
0200a400000000
01009800000204
01009c00000000
0100a000000005
0200a400000000
01009800000304
01009c00000000
0100a000000005
0200a400000000
01009800000005
01009c00000000
0100a000000005
0200a400000000
01009800000105
01009c00000000
0100a000000005
0200a400000000
01009800000205
01009c00000000
0100a000000005
0200a400000000
01009800000305
01009c00000000
0100a000000005
0200a400000000
01007400000410
02007400000410
01007800000000
01007c00000007
01008000000003
02008400000000
01007800000001
01007c00000107
01008000000003
02008400000001
01007800000002
01007c00000007
01008000000003
02008400000000
01007800000003
01007c00000007
01008000000003
02008400000000
01007800000100
01007c00000007
01008000000003
02008400000000
01007800000101
01007c00000007
01008000000003
02008400000000
01007800000102
01007c00000007
01008000000003
02008400000000
01007800000103
01007c00000007
01008000000003
02008400000000
01008800000000
01008ccca3e48f
01009000000003
020094cca3e48f
01008800000001
01008ccca467aa
01009000000003
020094cca467aa
01008800000002
01008cccc12dae
01009000000003
020094ccc12dae
01008800000003
01008cccdd087d
01009000000003
020094ccdd087d
01009800000000
01009c00000000
0100a000000005
0200a400000000
01009800000100
01009c00000000
0100a000000005
0200a400000000
01009800000200
01009c00000000
0100a000000005
0200a400000000
01009800000300
01009c00000000
0100a000000005
0200a400000000
01009800000001
01009c00000000
0100a000000005
0200a400000000
01009800000101
01009c00000000
0100a000000005
0200a400000000
01009800000201
01009c00000000
0100a000000005
0200a400000000
01009800000301
01009c00000000
0100a000000005
0200a400000000
01009800000002
01009c00000000
0100a000000005
0200a400000000
01009800000102
01009c00000000
0100a000000005
0200a400000000
01009800000202
01009c00000000
0100a000000005
0200a400000000
01009800000302
01009c00000000
0100a000000005
0200a400000000
01009800000003
01009c00000000
0100a000000005
0200a400000000
01009800000103
01009c00000000
0100a000000005
0200a400000000
01009800000203
01009c00000000
0100a000000005
0200a400000000
01009800000303
01009c00000000
0100a000000005
0200a400000000
01009800000004
01009c00000000
0100a000000005
0200a400000000
01009800000104
01009c00000000
0100a000000005
0200a400000000
01009800000204
01009c00000000
0100a000000005
0200a400000000
01009800000304
01009c00000000
0100a000000005
0200a400000000
01009800000005
01009c00000000
0100a000000005
0200a400000000
01009800000105
01009c00000000
0100a000000005
0200a400000000
01009800000205
01009c00000000
0100a000000005
0200a400000000
01009800000305
01009c00000000
0100a000000005
0200a400000000
01007400000510
02007400000510
01007800000000
01007c00000007
01008000000003
02008400000000
01007800000001
01007c00000107
01008000000003
02008400000001
01007800000002
01007c00000007
01008000000003
02008400000000
01007800000003
01007c00000107
01008000000003
02008400000001
01007800000100
01007c00000107
01008000000003
02008400000001
01007800000101
01007c00000007
01008000000003
02008400000000
01007800000102
01007c00000107
01008000000003
02008400000001
01007800000103
01007c00000107
01008000000003
02008400000001
01008800000000
01008cccef8321
01009000000003
020094ccef8321
01008800000001
01008ccd058024
01009000000003
020094cd058024
01008800000002
01008ccd0a943e
01009000000003
020094cd0a943e
01008800000003
01008ccd3404b5
01009000000003
020094cd3404b5
01009800000000
01009c00000000
0100a000000005
0200a400000000
01009800000100
01009c00000000
0100a000000005
0200a400000000
01009800000200
01009c00000000
0100a000000005
0200a400000000
01009800000300
01009c00000000
0100a000000005
0200a400000000
01009800000001
01009c00000000
0100a000000005
0200a400000000
01009800000101
01009c00000000
0100a000000005
0200a400000000
01009800000201
01009c00000000
0100a000000005
0200a400000000
01009800000301
01009c00000000
0100a000000005
0200a400000000
01009800000002
01009c00000000
0100a000000005
0200a400000000
01009800000102
01009c00000000
0100a000000005
0200a400000000
01009800000202
01009c00000000
0100a000000005
0200a400000000
01009800000302
01009c00000000
0100a000000005
0200a400000000
01009800000003
01009c00000000
0100a000000005
0200a400000000
01009800000103
01009c00000000
0100a000000005
0200a400000000
01009800000203
01009c00000000
0100a000000005
0200a400000000
01009800000303
01009c00000000
0100a000000005
0200a400000000
01009800000004
01009c00000000
0100a000000005
0200a400000000
01009800000104
01009c00000000
0100a000000005
0200a400000000
01009800000204
01009c00000000
0100a000000005
0200a400000000
01009800000304
01009c00000000
0100a000000005
0200a400000000
01009800000005
01009c00000000
0100a000000005
0200a400000000
01009800000105
01009c00000000
0100a000000005
0200a400000000
01009800000205
01009c00000000
0100a000000005
0200a400000000
01009800000305
01009c00000000
0100a000000005
0200a400000000
01007400000610
02007400000610
01007800000000
01007c00000007
01008000000003
02008400000000
01007800000001
01007c00000007
01008000000003
02008400000000
01007800000002
01007c00000107
01008000000003
02008400000001
01007800000003
01007c00000107
01008000000003
02008400000001
01007800000100
01007c00000107
01008000000003
02008400000001
01007800000101
01007c00000107
01008000000003
02008400000001
01007800000102
01007c00000107
01008000000003
02008400000001
01007800000103
01007c00000107
01008000000003
02008400000001
01008800000000
01008ccd75762c
01009000000003
020094cd75762c
01008800000001
01008ccdc53f8d
01009000000003
020094cdc53f8d
01008800000002
01008ccddc7da8
01009000000003
020094cddc7da8
01008800000003
01008ccdec192c
01009000000003
020094cdec192c
01009800000000
01009c00000000
0100a000000005
0200a400000000
01009800000100
01009c00000000
0100a000000005
0200a400000000
01009800000200
01009c00000000
0100a000000005
0200a400000000
01009800000300
01009c00000000
0100a000000005
0200a400000000
01009800000001
01009c00000000
0100a000000005
0200a400000000
01009800000101
01009c00000000
0100a000000005
0200a400000000
01009800000201
01009c00000000
0100a000000005
0200a400000000
01009800000301
01009c00000000
0100a000000005
0200a400000000
01009800000002
01009c00000000
0100a000000005
0200a400000000
01009800000102
01009c00000000
0100a000000005
0200a400000000
01009800000202
01009c00000000
0100a000000005
0200a400000000
01009800000302
01009c00000000
0100a000000005
0200a400000000
01009800000003
01009c00000000
0100a000000005
0200a400000000
01009800000103
01009c00000000
0100a000000005
0200a400000000
01009800000203
01009c00000000
0100a000000005
0200a400000000
01009800000303
01009c00000000
0100a000000005
0200a400000000
01009800000004
01009c00000000
0100a000000005
0200a400000000
01009800000104
01009c00000000
0100a000000005
0200a400000000
01009800000204
01009c00000000
0100a000000005
0200a400000000
01009800000304
01009c00000000
0100a000000005
0200a400000000
01009800000005
01009c00000000
0100a000000005
0200a400000000
01009800000105
01009c00000000
0100a000000005
0200a400000000
01009800000205
01009c00000000
0100a000000005
0200a400000000
01009800000305
01009c00000000
0100a000000005
0200a400000000
01007400000710
02007400000710
01007800000000
01007c00000107
01008000000003
02008400000001
01007800000001
01007c00000007
01008000000003
02008400000000
01007800000002
01007c00000107
01008000000003
02008400000001
01007800000003
01007c00000107
01008000000003
02008400000001
01007800000100
01007c00000107
01008000000003
02008400000001
01007800000101
01007c00000007
01008000000003
02008400000000
01007800000102
01007c00000007
01008000000003
02008400000000
01007800000103
01007c00000007
01008000000003
02008400000000
01008800000000
01008ccdedece7
01009000000003
020094cdedece7
01008800000001
01008cce414ded
01009000000003
020094ce414ded
01008800000002
01008cce488a9a
01009000000003
020094ce488a9a
01008800000003
01008cce4e715c
01009000000003
020094ce4e715c
01009800000000
01009c00000000
0100a000000005
0200a400000000
01009800000100
01009c00000000
0100a000000005
0200a400000000
01009800000200
01009c00000000
0100a000000005
0200a400000000
01009800000300
01009c00000000
0100a000000005
0200a400000000
01009800000001
01009c00000000
0100a000000005
0200a400000000
01009800000101
01009c00000000
0100a000000005
0200a400000000
01009800000201
01009c00000000
0100a000000005
0200a400000000
01009800000301
01009c00000000
0100a000000005
0200a400000000
01009800000002
01009c00000000
0100a000000005
0200a400000000
01009800000102
01009c00000000
0100a000000005
0200a400000000
01009800000202
01009c00000000
0100a000000005
0200a400000000
01009800000302
01009c00000000
0100a000000005
0200a400000000
01009800000003
01009c00000000
0100a000000005
0200a400000000
01009800000103
01009c00000000
0100a000000005
0200a400000000
01009800000203
01009c00000000
0100a000000005
0200a400000000
01009800000303
01009c00000000
0100a000000005
0200a400000000
01009800000004
01009c00000000
0100a000000005
0200a400000000
01009800000104
01009c00000000
0100a000000005
0200a400000000
01009800000204
01009c00000000
0100a000000005
0200a400000000
01009800000304
01009c00000000
0100a000000005
0200a400000000
01009800000005
01009c00000000
0100a000000005
0200a400000000
01009800000105
01009c00000000
0100a000000005
0200a400000000
01009800000205
01009c00000000
0100a000000005
0200a400000000
01009800000305
01009c00000000
0100a000000005
0200a400000000
01007400000810
02007400000810
01007800000000
01007c00000007
01008000000003
02008400000000
01007800000001
01007c00000007
01008000000003
02008400000000
01007800000002
01007c00000107
01008000000003
02008400000001
01007800000003
01007c00000107
01008000000003
02008400000001
01007800000100
01007c00000107
01008000000003
02008400000001
01007800000101
01007c00000107
01008000000003
02008400000001
01007800000102
01007c00000007
01008000000003
02008400000000
01007800000103
01007c00000107
01008000000003
02008400000001
01008800000000
01008cce7900ba
01009000000003
020094ce7900ba
01008800000001
01008ccf3a0c50
01009000000003
020094cf3a0c50
01008800000002
01008ccf9ab5be
01009000000003
020094cf9ab5be
01008800000003
01008ccfa6ff83
01009000000003
020094cfa6ff83
01009800000000
01009c00000000
0100a000000005
0200a400000000
01009800000100
01009c00000000
0100a000000005
0200a400000000
01009800000200
01009c00000000
0100a000000005
0200a400000000
01009800000300
01009c00000000
0100a000000005
0200a400000000
01009800000001
01009c00000000
0100a000000005
0200a400000000
01009800000101
01009c00000000
0100a000000005
0200a400000000
01009800000201
01009c00000000
0100a000000005
0200a400000000
01009800000301
01009c00000000
0100a000000005
0200a400000000
01009800000002
01009c00000000
0100a000000005
0200a400000000
01009800000102
01009c00000000
0100a000000005
0200a400000000
01009800000202
01009c00000000
0100a000000005
0200a400000000
01009800000302
01009c00000000
0100a000000005
0200a400000000
01009800000003
01009c00000000
0100a000000005
0200a400000000
01009800000103
01009c00000000
0100a000000005
0200a400000000
01009800000203
01009c00000000
0100a000000005
0200a400000000
01009800000303
01009c00000000
0100a000000005
0200a400000000
01009800000004
01009c00000000
0100a000000005
0200a400000000
01009800000104
01009c00000000
0100a000000005
0200a400000000
01009800000204
01009c00000000
0100a000000005
0200a400000000
01009800000304
01009c00000000
0100a000000005
0200a400000000
01009800000005
01009c00000000
0100a000000005
0200a400000000
01009800000105
01009c00000000
0100a000000005
0200a400000000
01009800000205
01009c00000000
0100a000000005
0200a400000000
01009800000305
01009c00000000
0100a000000005
0200a400000000
01007400000910
02007400000910
01007800000000
01007c00000007
01008000000003
02008400000000
01007800000001
01007c00000107
01008000000003
02008400000001
01007800000002
01007c00000007
01008000000003
02008400000000
01007800000003
01007c00000107
01008000000003
02008400000001
01007800000100
01007c00000107
01008000000003
02008400000001
01007800000101
01007c00000107
01008000000003
02008400000001
01007800000102
01007c00000007
01008000000003
02008400000000
01007800000103
01007c00000007
01008000000003
02008400000000
01008800000000
01008ccfadc8e1
01009000000003
020094cfadc8e1
01008800000001
01008ccfc450ce
01009000000003
020094cfc450ce
01008800000002
01008ccfe1d6b8
01009000000003
020094cfe1d6b8
01008800000003
01008ccffd1021
01009000000003
020094cffd1021
01009800000000
01009c00000000
0100a000000005
0200a400000000
01009800000100
01009c00000000
0100a000000005
0200a400000000
01009800000200
01009c00000000
0100a000000005
0200a400000000
01009800000300
01009c00000000
0100a000000005
0200a400000000
01009800000001
01009c00000000
0100a000000005
0200a400000000
01009800000101
01009c00000000
0100a000000005
0200a400000000
01009800000201
01009c00000000
0100a000000005
0200a400000000
01009800000301
01009c00000000
0100a000000005
0200a400000000
01009800000002
01009c00000000
0100a000000005
0200a400000000
01009800000102
01009c00000000
0100a000000005
0200a400000000
01009800000202
01009c00000000
0100a000000005
0200a400000000
01009800000302
01009c00000000
0100a000000005
0200a400000000
01009800000003
01009c00000000
0100a000000005
0200a400000000
01009800000103
01009c00000000
0100a000000005
0200a400000000
01009800000203
01009c00000000
0100a000000005
0200a400000000
01009800000303
01009c00000000
0100a000000005
0200a400000000
01009800000004
01009c00000000
0100a000000005
0200a400000000
01009800000104
01009c00000000
0100a000000005
0200a400000000
01009800000204
01009c00000000
0100a000000005
0200a400000000
01009800000304
01009c00000000
0100a000000005
0200a400000000
01009800000005
01009c00000000
0100a000000005
0200a400000000
01009800000105
01009c00000000
0100a000000005
0200a400000000
01009800000205
01009c00000000
0100a000000005
0200a400000000
01009800000305
01009c00000000
0100a000000005
0200a400000000
01007400000a10
02007400000a10
01007800000000
01007c00000107
01008000000003
02008400000001
01007800000001
01007c00000007
01008000000003
02008400000000
01007800000002
01007c00000107
01008000000003
02008400000001
01007800000003
01007c00000007
01008000000003
02008400000000
01007800000100
01007c00000007
01008000000003
02008400000000
01007800000101
01007c00000107
01008000000003
02008400000001
01007800000102
01007c00000007
01008000000003
02008400000000
01007800000103
01007c00000007
01008000000003
02008400000000
01008800000000
01008cd02b187a
01009000000003
020094d02b187a
01008800000001
01008cd0317e58
01009000000003
020094d0317e58
01008800000002
01008cd0efd83f
01009000000003
020094d0efd83f
01008800000003
01008cd135dd08
01009000000003
020094d135dd08
01009800000000
01009c00000000
0100a000000005
0200a400000000
01009800000100
01009c00000000
0100a000000005
0200a400000000
01009800000200
01009c00000000
0100a000000005
0200a400000000
01009800000300
01009c00000000
0100a000000005
0200a400000000
01009800000001
01009c00000000
0100a000000005
0200a400000000
01009800000101
01009c00000000
0100a000000005
0200a400000000
01009800000201
01009c00000000
0100a000000005
0200a400000000
01009800000301
01009c00000000
0100a000000005
0200a400000000
01009800000002
01009c00000000
0100a000000005
0200a400000000
01009800000102
01009c00000000
0100a000000005
0200a400000000
01009800000202
01009c00000000
0100a000000005
0200a400000000
01009800000302
01009c00000000
0100a000000005
0200a400000000
01009800000003
01009c00000000
0100a000000005
0200a400000000
01009800000103
01009c00000000
0100a000000005
0200a400000000
01009800000203
01009c00000000
0100a000000005
0200a400000000
01009800000303
01009c00000000
0100a000000005
0200a400000000
01009800000004
01009c00000000
0100a000000005
0200a400000000
01009800000104
01009c00000000
0100a000000005
0200a400000000
01009800000204
01009c00000000
0100a000000005
0200a400000000
01009800000304
01009c00000000
0100a000000005
0200a400000000
01009800000005
01009c00000000
0100a000000005
0200a400000000
01009800000105
01009c00000000
0100a000000005
0200a400000000
01009800000205
01009c00000000
0100a000000005
0200a400000000
01009800000305
01009c00000000
0100a000000005
0200a400000000
01007400000b10
02007400000b10
01007800000000
01007c00000007
01008000000003
02008400000000
01007800000001
01007c00000107
01008000000003
02008400000001
01007800000002
01007c00000107
01008000000003
02008400000001
01007800000003
01007c00000007
01008000000003
02008400000000
01007800000100
01007c00000007
01008000000003
02008400000000
01007800000101
01007c00000107
01008000000003
02008400000001
01007800000102
01007c00000107
01008000000003
02008400000001
01007800000103
01007c00000107
01008000000003
02008400000001
01008800000000
01008cd171d290
01009000000003
020094d171d290
01008800000001
01008cd1940c72
01009000000003
020094d1940c72
01008800000002
01008cd19df62c
01009000000003
020094d19df62c
01008800000003
01008cd1b72e04
01009000000003
020094d1b72e04
01009800000000
01009c00000000
0100a000000005
0200a400000000
01009800000100
01009c00000000
0100a000000005
0200a400000000
01009800000200
01009c00000000
0100a000000005
0200a400000000
01009800000300
01009c00000000
0100a000000005
0200a400000000
01009800000001
01009c00000000
0100a000000005
0200a400000000
01009800000101
01009c00000000
0100a000000005
0200a400000000
01009800000201
01009c00000000
0100a000000005
0200a400000000
01009800000301
01009c00000000
0100a000000005
0200a400000000
01009800000002
01009c00000000
0100a000000005
0200a400000000
01009800000102
01009c00000000
0100a000000005
0200a400000000
01009800000202
01009c00000000
0100a000000005
0200a400000000
01009800000302
01009c00000000
0100a000000005
0200a400000000
01009800000003
01009c00000000
0100a000000005
0200a400000000
01009800000103
01009c00000000
0100a000000005
0200a400000000
01009800000203
01009c00000000
0100a000000005
0200a400000000
01009800000303
01009c00000000
0100a000000005
0200a400000000
01009800000004
01009c00000000
0100a000000005
0200a400000000
01009800000104
01009c00000000
0100a000000005
0200a400000000
01009800000204
01009c00000000
0100a000000005
0200a400000000
01009800000304
01009c00000000
0100a000000005
0200a400000000
01009800000005
01009c00000000
0100a000000005
0200a400000000
01009800000105
01009c00000000
0100a000000005
0200a400000000
01009800000205
01009c00000000
0100a000000005
0200a400000000
01009800000305
01009c00000000
0100a000000005
0200a400000000
01007400000c10
02007400000c10
01007800000000
01007c00000007
01008000000003
02008400000000
01007800000001
01007c00000007
01008000000003
02008400000000
01007800000002
01007c00000007
01008000000003
02008400000000
01007800000003
01007c00000007
01008000000003
02008400000000
01007800000100
01007c00000107
01008000000003
02008400000001
01007800000101
01007c00000007
01008000000003
02008400000000
01007800000102
01007c00000007
01008000000003
02008400000000
01007800000103
01007c00000107
01008000000003
02008400000001
01008800000000
01008cd1c8beaf
01009000000003
020094d1c8beaf
01008800000001
01008cd2475692
01009000000003
020094d2475692
01008800000002
01008cd25c5225
01009000000003
020094d25c5225
01008800000003
01008cd2642fe6
01009000000003
020094d2642fe6
01009800000000
01009c00000000
0100a000000005
0200a400000000
01009800000100
01009c00000000
0100a000000005
0200a400000000
01009800000200
01009c00000000
0100a000000005
0200a400000000
01009800000300
01009c00000000
0100a000000005
0200a400000000
01009800000001
01009c00000000
0100a000000005
0200a400000000
01009800000101
01009c00000000
0100a000000005
0200a400000000
01009800000201
01009c00000000
0100a000000005
0200a400000000
01009800000301
01009c00000000
0100a000000005
0200a400000000
01009800000002
01009c00000000
0100a000000005
0200a400000000
01009800000102
01009c00000000
0100a000000005
0200a400000000
01009800000202
01009c00000000
0100a000000005
0200a400000000
01009800000302
01009c00000000
0100a000000005
0200a400000000
01009800000003
01009c00000000
0100a000000005
0200a400000000
01009800000103
01009c00000000
0100a000000005
0200a400000000
01009800000203
01009c00000000
0100a000000005
0200a400000000
01009800000303
01009c00000000
0100a000000005
0200a400000000
01009800000004
01009c00000000
0100a000000005
0200a400000000
01009800000104
01009c00000000
0100a000000005
0200a400000000
01009800000204
01009c00000000
0100a000000005
0200a400000000
01009800000304
01009c00000000
0100a000000005
0200a400000000
01009800000005
01009c00000000
0100a000000005
0200a400000000
01009800000105
01009c00000000
0100a000000005
0200a400000000
01009800000205
01009c00000000
0100a000000005
0200a400000000
01009800000305
01009c00000000
0100a000000005
0200a400000000
01007400000d10
02007400000d10
01007800000000
01007c00000007
01008000000003
02008400000000
01007800000001
01007c00000007
01008000000003
02008400000000
01007800000002
01007c00000007
01008000000003
02008400000000
01007800000003
01007c00000007
01008000000003
02008400000000
01007800000100
01007c00000107
01008000000003
02008400000001
01007800000101
01007c00000007
01008000000003
02008400000000
01007800000102
01007c00000107
01008000000003
02008400000001
01007800000103
01007c00000007
01008000000003
02008400000000
01008800000000
01008cd270985b
01009000000003
020094d270985b
01008800000001
01008cd2769d86
01009000000003
020094d2769d86
01008800000002
01008cd2b8746b
01009000000003
020094d2b8746b
01008800000003
01008cd326a792
01009000000003
020094d326a792
01009800000000
01009c00000000
0100a000000005
0200a400000000
01009800000100
01009c00000000
0100a000000005
0200a400000000
01009800000200
01009c00000000
0100a000000005
0200a400000000
01009800000300
01009c00000000
0100a000000005
0200a400000000
01009800000001
01009c00000000
0100a000000005
0200a400000000
01009800000101
01009c00000000
0100a000000005
0200a400000000
01009800000201
01009c00000000
0100a000000005
0200a400000000
01009800000301
01009c00000000
0100a000000005
0200a400000000
01009800000002
01009c00000000
0100a000000005
0200a400000000
01009800000102
01009c00000000
0100a000000005
0200a400000000
01009800000202
01009c00000000
0100a000000005
0200a400000000
01009800000302
01009c00000000
0100a000000005
0200a400000000
01009800000003
01009c00000000
0100a000000005
0200a400000000
01009800000103
01009c00000000
0100a000000005
0200a400000000
01009800000203
01009c00000000
0100a000000005
0200a400000000
01009800000303
01009c00000000
0100a000000005
0200a400000000
01009800000004
01009c00000000
0100a000000005
0200a400000000
01009800000104
01009c00000000
0100a000000005
0200a400000000
01009800000204
01009c00000000
0100a000000005
0200a400000000
01009800000304
01009c00000000
0100a000000005
0200a400000000
01009800000005
01009c00000000
0100a000000005
0200a400000000
01009800000105
01009c00000000
0100a000000005
0200a400000000
01009800000205
01009c00000000
0100a000000005
0200a400000000
01009800000305
01009c00000000
0100a000000005
0200a400000000
01007400000e10
02007400000e10
01007800000000
01007c00000107
01008000000003
02008400000001
01007800000001
01007c00000107
01008000000003
02008400000001
01007800000002
01007c00000107
01008000000003
02008400000001
01007800000003
01007c00000107
01008000000003
02008400000001
01007800000100
01007c00000107
01008000000003
02008400000001
01007800000101
01007c00000007
01008000000003
02008400000000
01007800000102
01007c00000107
01008000000003
02008400000001
01007800000103
01007c00000107
01008000000003
02008400000001
01008800000000
01008cd375aad4
01009000000003
020094d375aad4
01008800000001
01008cd3d45239
01009000000003
020094d3d45239
01008800000002
01008cd3e9f9c3
01009000000003
020094d3e9f9c3
01008800000003
01008cd5190646
01009000000003
020094d5190646
01009800000000
01009c00000000
0100a000000005
0200a400000000
01009800000100
01009c00000000
0100a000000005
0200a400000000
01009800000200
01009c00000000
0100a000000005
0200a400000000
01009800000300
01009c00000000
0100a000000005
0200a400000000
01009800000001
01009c00000000
0100a000000005
0200a400000000
01009800000101
01009c00000000
0100a000000005
0200a400000000
01009800000201
01009c00000000
0100a000000005
0200a400000000
01009800000301
01009c00000000
0100a000000005
0200a400000000
01009800000002
01009c00000000
0100a000000005
0200a400000000
01009800000102
01009c00000000
0100a000000005
0200a400000000
01009800000202
01009c00000000
0100a000000005
0200a400000000
01009800000302
01009c00000000
0100a000000005
0200a400000000
01009800000003
01009c00000000
0100a000000005
0200a400000000
01009800000103
01009c00000000
0100a000000005
0200a400000000
01009800000203
01009c00000000
0100a000000005
0200a400000000
01009800000303
01009c00000000
0100a000000005
0200a400000000
01009800000004
01009c00000000
0100a000000005
0200a400000000
01009800000104
01009c00000000
0100a000000005
0200a400000000
01009800000204
01009c00000000
0100a000000005
0200a400000000
01009800000304
01009c00000000
0100a000000005
0200a400000000
01009800000005
01009c00000000
0100a000000005
0200a400000000
01009800000105
01009c00000000
0100a000000005
0200a400000000
01009800000205
01009c00000000
0100a000000005
0200a400000000
01009800000305
01009c00000000
0100a000000005
0200a400000000
01007400000f10
02007400000f10
01007800000000
01007c00000007
01008000000003
02008400000000
01007800000001
01007c00000007
01008000000003
02008400000000
01007800000002
01007c00000007
01008000000003
02008400000000
01007800000003
01007c00000007
01008000000003
02008400000000
01007800000100
01007c00000007
01008000000003
02008400000000
01007800000101
01007c00000007
01008000000003
02008400000000
01007800000102
01007c00000107
01008000000003
02008400000001
01007800000103
01007c00000007
01008000000003
02008400000000
01008800000000
01008cd57f5e3a
01009000000003
020094d57f5e3a
01008800000001
01008cd5a7aa56
01009000000003
020094d5a7aa56
01008800000002
01008cd5d8af86
01009000000003
020094d5d8af86
01008800000003
01008cd5e41596
01009000000003
020094d5e41596
01009800000000
01009c00000000
0100a000000005
0200a400000000
01009800000100
01009c00000000
0100a000000005
0200a400000000
01009800000200
01009c00000000
0100a000000005
0200a400000000
01009800000300
01009c00000000
0100a000000005
0200a400000000
01009800000001
01009c00000000
0100a000000005
0200a400000000
01009800000101
01009c00000000
0100a000000005
0200a400000000
01009800000201
01009c00000000
0100a000000005
0200a400000000
01009800000301
01009c00000000
0100a000000005
0200a400000000
01009800000002
01009c00000000
0100a000000005
0200a400000000
01009800000102
01009c00000000
0100a000000005
0200a400000000
01009800000202
01009c00000000
0100a000000005
0200a400000000
01009800000302
01009c00000000
0100a000000005
0200a400000000
01009800000003
01009c00000000
0100a000000005
0200a400000000
01009800000103
01009c00000000
0100a000000005
0200a400000000
01009800000203
01009c00000000
0100a000000005
0200a400000000
01009800000303
01009c00000000
0100a000000005
0200a400000000
01009800000004
01009c00000000
0100a000000005
0200a400000000
01009800000104
01009c00000000
0100a000000005
0200a400000000
01009800000204
01009c00000000
0100a000000005
0200a400000000
01009800000304
01009c00000000
0100a000000005
0200a400000000
01009800000005
01009c00000000
0100a000000005
0200a400000000
01009800000105
01009c00000000
0100a000000005
0200a400000000
01009800000205
01009c00000000
0100a000000005
0200a400000000
01009800000305
01009c00000000
0100a000000005
0200a400000000
01007400001010
02007400001010
01007800000000
01007c00000107
01008000000003
02008400000001
01007800000001
01007c00000107
01008000000003
02008400000001
01007800000002
01007c00000107
01008000000003
02008400000001
01007800000003
01007c00000007
01008000000003
02008400000000
01007800000100
01007c00000107
01008000000003
02008400000001
01007800000101
01007c00000107
01008000000003
02008400000001
01007800000102
01007c00000107
01008000000003
02008400000001
01007800000103
01007c00000007
01008000000003
02008400000000
01008800000000
01008cd5ea3915
01009000000003
020094d5ea3915
01008800000001
01008cd5ea7995
01009000000003
020094d5ea7995
01008800000002
01008cd5fbf1e5
01009000000003
020094d5fbf1e5
01008800000003
01008cd613fc08
01009000000003
020094d613fc08
01009800000000
01009c00000000
0100a000000005
0200a400000000
01009800000100
01009c00000000
0100a000000005
0200a400000000
01009800000200
01009c00000000
0100a000000005
0200a400000000
01009800000300
01009c00000000
0100a000000005
0200a400000000
01009800000001
01009c00000000
0100a000000005
0200a400000000
01009800000101
01009c00000000
0100a000000005
0200a400000000
01009800000201
01009c00000000
0100a000000005
0200a400000000
01009800000301
01009c00000000
0100a000000005
0200a400000000
01009800000002
01009c00000000
0100a000000005
0200a400000000
01009800000102
01009c00000000
0100a000000005
0200a400000000
01009800000202
01009c00000000
0100a000000005
0200a400000000
01009800000302
01009c00000000
0100a000000005
0200a400000000
01009800000003
01009c00000000
0100a000000005
0200a400000000
01009800000103
01009c00000000
0100a000000005
0200a400000000
01009800000203
01009c00000000
0100a000000005
0200a400000000
01009800000303
01009c00000000
0100a000000005
0200a400000000
01009800000004
01009c00000000
0100a000000005
0200a400000000
01009800000104
01009c00000000
0100a000000005
0200a400000000
01009800000204
01009c00000000
0100a000000005
0200a400000000
01009800000304
01009c00000000
0100a000000005
0200a400000000
01009800000005
01009c00000000
0100a000000005
0200a400000000
01009800000105
01009c00000000
0100a000000005
0200a400000000
01009800000205
01009c00000000
0100a000000005
0200a400000000
01009800000305
01009c00000000
0100a000000005
0200a400000000
01007400001110
02007400001110
01007800000000
01007c00000007
01008000000003
02008400000000
01007800000001
01007c00000107
01008000000003
02008400000001
01007800000002
01007c00000007
01008000000003
02008400000000
01007800000003
01007c00000107
01008000000003
02008400000001
01007800000100
01007c00000107
01008000000003
02008400000001
01007800000101
01007c00000107
01008000000003
02008400000001
01007800000102
01007c00000107
01008000000003
02008400000001
01007800000103
01007c00000007
01008000000003
02008400000000
01008800000000
01008cd65b26da
01009000000003
020094d65b26da
01008800000001
01008cd66f7625
01009000000003
020094d66f7625
01008800000002
01008cd68fdbfe
01009000000003
020094d68fdbfe
01008800000003
01008cd69453ac
01009000000003
020094d69453ac
01009800000000
01009c00000000
0100a000000005
0200a400000000
01009800000100
01009c00000000
0100a000000005
0200a400000000
01009800000200
01009c00000000
0100a000000005
0200a400000000
01009800000300
01009c00000000
0100a000000005
0200a400000000
01009800000001
01009c00000000
0100a000000005
0200a400000000
01009800000101
01009c00000000
0100a000000005
0200a400000000
01009800000201
01009c00000000
0100a000000005
0200a400000000
01009800000301
01009c00000000
0100a000000005
0200a400000000
01009800000002
01009c00000000
0100a000000005
0200a400000000
01009800000102
01009c00000000
0100a000000005
0200a400000000
01009800000202
01009c00000000
0100a000000005
0200a400000000
01009800000302
01009c00000000
0100a000000005
0200a400000000
01009800000003
01009c00000000
0100a000000005
0200a400000000
01009800000103
01009c00000000
0100a000000005
0200a400000000
01009800000203
01009c00000000
0100a000000005
0200a400000000
01009800000303
01009c00000000
0100a000000005
0200a400000000
01009800000004
01009c00000000
0100a000000005
0200a400000000
01009800000104
01009c00000000
0100a000000005
0200a400000000
01009800000204
01009c00000000
0100a000000005
0200a400000000
01009800000304
01009c00000000
0100a000000005
0200a400000000
01009800000005
01009c00000000
0100a000000005
0200a400000000
01009800000105
01009c00000000
0100a000000005
0200a400000000
01009800000205
01009c00000000
0100a000000005
0200a400000000
01009800000305
01009c00000000
0100a000000005
0200a400000000
01007400001210
02007400001210
01007800000000
01007c00000007
01008000000003
02008400000000
01007800000001
01007c00000107
01008000000003
02008400000001
01007800000002
01007c00000007
01008000000003
02008400000000
01007800000003
01007c00000007
01008000000003
02008400000000
01007800000100
01007c00000007
01008000000003
02008400000000
01007800000101
01007c00000007
01008000000003
02008400000000
01007800000102
01007c00000007
01008000000003
02008400000000
01007800000103
01007c00000007
01008000000003
02008400000000
01008800000000
01008cd6c16bc7
01009000000003
020094d6c16bc7
01008800000001
01008cd6c6da95
01009000000003
020094d6c6da95
01008800000002
01008cd6d52b0b
01009000000003
020094d6d52b0b
01008800000003
01008cd6f8a3f6
01009000000003
020094d6f8a3f6
01009800000000
01009c00000000
0100a000000005
0200a400000000
01009800000100
01009c00000000
0100a000000005
0200a400000000
01009800000200
01009c00000000
0100a000000005
0200a400000000
01009800000300
01009c00000000
0100a000000005
0200a400000000
01009800000001
01009c00000000
0100a000000005
0200a400000000
01009800000101
01009c00000000
0100a000000005
0200a400000000
01009800000201
01009c00000000
0100a000000005
0200a400000000
01009800000301
01009c00000000
0100a000000005
0200a400000000
01009800000002
01009c00000000
0100a000000005
0200a400000000
01009800000102
01009c00000000
0100a000000005
0200a400000000
01009800000202
01009c00000000
0100a000000005
0200a400000000
01009800000302
01009c00000000
0100a000000005
0200a400000000
01009800000003
01009c00000000
0100a000000005
0200a400000000
01009800000103
01009c00000000
0100a000000005
0200a400000000
01009800000203
01009c00000000
0100a000000005
0200a400000000
01009800000303
01009c00000000
0100a000000005
0200a400000000
01009800000004
01009c00000000
0100a000000005
0200a400000000
01009800000104
01009c00000000
0100a000000005
0200a400000000
01009800000204
01009c00000000
0100a000000005
0200a400000000
01009800000304
01009c00000000
0100a000000005
0200a400000000
01009800000005
01009c00000000
0100a000000005
0200a400000000
01009800000105
01009c00000000
0100a000000005
0200a400000000
01009800000205
01009c00000000
0100a000000005
0200a400000000
01009800000305
01009c00000000
0100a000000005
0200a400000000
01007400001310
02007400001310
01007800000000
01007c00000107
01008000000003
02008400000001
01007800000001
01007c00000107
01008000000003
02008400000001
01007800000002
01007c00000107
01008000000003
02008400000001
01007800000003
01007c00000107
01008000000003
02008400000001
01007800000100
01007c00000107
01008000000003
02008400000001
01007800000101
01007c00000007
01008000000003
02008400000000
01007800000102
01007c00000007
01008000000003
02008400000000
01007800000103
01007c00000107
01008000000003
02008400000001
01008800000000
01008cd73085e0
01009000000003
020094d73085e0
01008800000001
01008cd75c21cc
01009000000003
020094d75c21cc
01008800000002
01008cd786779e
01009000000003
020094d786779e
01008800000003
01008cd7a2f7b8
01009000000003
020094d7a2f7b8
01009800000000
01009c00000000
0100a000000005
0200a400000000
01009800000100
01009c00000000
0100a000000005
0200a400000000
01009800000200
01009c00000000
0100a000000005
0200a400000000
01009800000300
01009c00000000
0100a000000005
0200a400000000
01009800000001
01009c00000000
0100a000000005
0200a400000000
01009800000101
01009c00000000
0100a000000005
0200a400000000
01009800000201
01009c00000000
0100a000000005
0200a400000000
01009800000301
01009c00000000
0100a000000005
0200a400000000
01009800000002
01009c00000000
0100a000000005
0200a400000000
01009800000102
01009c00000000
0100a000000005
0200a400000000
01009800000202
01009c00000000
0100a000000005
0200a400000000
01009800000302
01009c00000000
0100a000000005
0200a400000000
01009800000003
01009c00000000
0100a000000005
0200a400000000
01009800000103
01009c00000000
0100a000000005
0200a400000000
01009800000203
01009c00000000
0100a000000005
0200a400000000
01009800000303
01009c00000000
0100a000000005
0200a400000000
01009800000005
01009c00000000
0100a000000005
0200a400000000
01009800000105
01009c00000000
0100a000000005
0200a400000000
01009800000205
01009c00000000
0100a000000005
0200a400000000
01009800000305
01009c00000000
0100a000000005
0200a400000000
01007400000011
02007400000011
01007800000000
01007c00000007
01008000000003
02008400000000
01007800000001
01007c00000107
01008000000003
02008400000001
01007800000002
01007c00000107
01008000000003
02008400000001
01007800000003
01007c00000107
01008000000003
02008400000001
01007800000100
01007c00000007
01008000000003
02008400000000
01007800000101
01007c00000007
01008000000003
02008400000000
01007800000102
01007c00000107
01008000000003
02008400000001
01007800000103
01007c00000007
01008000000003
02008400000000
01008800000000
01008cd7bbf70c
01009000000003
020094d7bbf70c
01008800000001
01008cd82556a7
01009000000003
020094d82556a7
01008800000002
01008cd83c13ba
01009000000003
020094d83c13ba
01008800000003
01008cd8420ec7
01009000000003
020094d8420ec7
01009800000000
01009c00000000
0100a000000005
0200a400000000
01009800000100
01009c00000000
0100a000000005
0200a400000000
01009800000200
01009c00000000
0100a000000005
0200a400000000
01009800000300
01009c00000000
0100a000000005
0200a400000000
01009800000001
01009c00000000
0100a000000005
0200a400000000
01009800000101
01009c00000000
0100a000000005
0200a400000000
01009800000201
01009c00000000
0100a000000005
0200a400000000
01009800000301
01009c00000000
0100a000000005
0200a400000000
01009800000002
01009c00000000
0100a000000005
0200a400000000
01009800000102
01009c00000000
0100a000000005
0200a400000000
01009800000202
01009c00000000
0100a000000005
0200a400000000
01009800000302
01009c00000000
0100a000000005
0200a400000000
01009800000003
01009c00000000
0100a000000005
0200a400000000
01009800000103
01009c00000000
0100a000000005
0200a400000000
01009800000203
01009c00000000
0100a000000005
0200a400000000
01009800000303
01009c00000000
0100a000000005
0200a400000000
01009800000004
01009c00000000
0100a000000005
0200a400000000
01009800000104
01009c00000000
0100a000000005
0200a400000000
01009800000204
01009c00000000
0100a000000005
0200a400000000
01009800000304
01009c00000000
0100a000000005
0200a400000000
01009800000005
01009c00000000
0100a000000005
0200a400000000
01009800000105
01009c00000000
0100a000000005
0200a400000000
01009800000205
01009c00000000
0100a000000005
0200a400000000
01009800000305
01009c00000000
0100a000000005
0200a400000000
01007400000111
02007400000111
01007800000000
01007c00000107
01008000000003
02008400000001
01007800000001
01007c00000007
01008000000003
02008400000000
01007800000002
01007c00000107
01008000000003
02008400000001
01007800000003
01007c00000007
01008000000003
02008400000000
01007800000100
01007c00000007
01008000000003
02008400000000
01007800000101
01007c00000107
01008000000003
02008400000001
01007800000102
01007c00000107
01008000000003
02008400000001
01007800000103
01007c00000107
01008000000003
02008400000001
01008800000000
01008cd848a4bd
01009000000003
020094d848a4bd
01008800000001
01008cd85d836a
01009000000003
020094d85d836a
01008800000002
01008cd88b78e2
01009000000003
020094d88b78e2
01008800000003
01008cd8cbb480
01009000000003
020094d8cbb480
01009800000000
01009c00000000
0100a000000005
0200a400000000
01009800000100
01009c00000000
0100a000000005
0200a400000000
01009800000200
01009c00000000
0100a000000005
0200a400000000
01009800000300
01009c00000000
0100a000000005
0200a400000000
01009800000001
01009c00000000
0100a000000005
0200a400000000
01009800000101
01009c00000000
0100a000000005
0200a400000000
01009800000201
01009c00000000
0100a000000005
0200a400000000
01009800000301
01009c00000000
0100a000000005
0200a400000000
01009800000002
01009c00000000
0100a000000005
0200a400000000
01009800000102
01009c00000000
0100a000000005
0200a400000000
01009800000202
01009c00000000
0100a000000005
0200a400000000
01009800000302
01009c00000000
0100a000000005
0200a400000000
01009800000003
01009c00000000
0100a000000005
0200a400000000
01009800000103
01009c00000000
0100a000000005
0200a400000000
01009800000203
01009c00000000
0100a000000005
0200a400000000
01009800000303
01009c00000000
0100a000000005
0200a400000000
01009800000004
01009c00000000
0100a000000005
0200a400000000
01009800000104
01009c00000000
0100a000000005
0200a400000000
01009800000204
01009c00000000
0100a000000005
0200a400000000
01009800000304
01009c00000000
0100a000000005
0200a400000000
01009800000005
01009c00000000
0100a000000005
0200a400000000
01009800000105
01009c00000000
0100a000000005
0200a400000000
01009800000205
01009c00000000
0100a000000005
0200a400000000
01009800000305
01009c00000000
0100a000000005
0200a400000000
01007400000211
02007400000211
01007800000000
01007c00000107
01008000000003
02008400000001
01007800000001
01007c00000007
01008000000003
02008400000000
01007800000002
01007c00000007
01008000000003
02008400000000
01007800000003
01007c00000007
01008000000003
02008400000000
01007800000100
01007c00000007
01008000000003
02008400000000
01007800000101
01007c00000107
01008000000003
02008400000001
01007800000102
01007c00000107
01008000000003
02008400000001
01007800000103
01007c00000107
01008000000003
02008400000001
01008800000000
01008cd8ccdaf3
01009000000003
020094d8ccdaf3
01008800000001
01008cd8f90fef
01009000000003
020094d8f90fef
01008800000002
01008cd93329a5
01009000000003
020094d93329a5
01008800000003
01008cd94e9e8b
01009000000003
020094d94e9e8b
01009800000000
01009c00000000
0100a000000005
0200a400000000
01009800000100
01009c00000000
0100a000000005
0200a400000000
01009800000200
01009c00000000
0100a000000005
0200a400000000
01009800000300
01009c00000000
0100a000000005
0200a400000000
01009800000001
01009c00000000
0100a000000005
0200a400000000
01009800000101
01009c00000000
0100a000000005
0200a400000000
01009800000201
01009c00000000
0100a000000005
0200a400000000
01009800000301
01009c00000000
0100a000000005
0200a400000000
01009800000002
01009c00000000
0100a000000005
0200a400000000
01009800000102
01009c00000000
0100a000000005
0200a400000000
01009800000202
01009c00000000
0100a000000005
0200a400000000
01009800000302
01009c00000000
0100a000000005
0200a400000000
01009800000003
01009c00000000
0100a000000005
0200a400000000
01009800000103
01009c00000000
0100a000000005
0200a400000000
01009800000203
01009c00000000
0100a000000005
0200a400000000
01009800000303
01009c00000000
0100a000000005
0200a400000000
01009800000004
01009c00000000
0100a000000005
0200a400000000
01009800000104
01009c00000000
0100a000000005
0200a400000000
01009800000204
01009c00000000
0100a000000005
0200a400000000
01009800000304
01009c00000000
0100a000000005
0200a400000000
01009800000005
01009c00000000
0100a000000005
0200a400000000
01009800000105
01009c00000000
0100a000000005
0200a400000000
01009800000205
01009c00000000
0100a000000005
0200a400000000
01009800000305
01009c00000000
0100a000000005
0200a400000000
01007400000311
02007400000311
01007800000000
01007c00000007
01008000000003
02008400000000
01007800000001
01007c00000107
01008000000003
02008400000001
01007800000002
01007c00000007
01008000000003
02008400000000
01007800000003
01007c00000007
01008000000003
02008400000000
01007800000100
01007c00000007
01008000000003
02008400000000
01007800000101
01007c00000007
01008000000003
02008400000000
01007800000102
01007c00000107
01008000000003
02008400000001
01007800000103
01007c00000007
01008000000003
02008400000000
01008800000000
01008cd993bdb9
01009000000003
020094d993bdb9
01008800000001
01008cd9cfcd1f
01009000000003
020094d9cfcd1f
01008800000002
01008cd9d3f5ea
01009000000003
020094d9d3f5ea
01008800000003
01008cd9d4ac1e
01009000000003
020094d9d4ac1e
01009800000000
01009c00000000
0100a000000005
0200a400000000
01009800000100
01009c00000000
0100a000000005
0200a400000000
01009800000200
01009c00000000
0100a000000005
0200a400000000
01009800000300
01009c00000000
0100a000000005
0200a400000000
01009800000001
01009c00000000
0100a000000005
0200a400000000
01009800000101
01009c00000000
0100a000000005
0200a400000000
01009800000201
01009c00000000
0100a000000005
0200a400000000
01009800000301
01009c00000000
0100a000000005
0200a400000000
01009800000002
01009c00000000
0100a000000005
0200a400000000
01009800000102
01009c00000000
0100a000000005
0200a400000000
01009800000202
01009c00000000
0100a000000005
0200a400000000
01009800000302
01009c00000000
0100a000000005
0200a400000000
01009800000003
01009c00000000
0100a000000005
0200a400000000
01009800000103
01009c00000000
0100a000000005
0200a400000000
01009800000203
01009c00000000
0100a000000005
0200a400000000
01009800000303
01009c00000000
0100a000000005
0200a400000000
01009800000004
01009c00000000
0100a000000005
0200a400000000
01009800000104
01009c00000000
0100a000000005
0200a400000000
01009800000204
01009c00000000
0100a000000005
0200a400000000
01009800000304
01009c00000000
0100a000000005
0200a400000000
01009800000005
01009c00000000
0100a000000005
0200a400000000
01009800000105
01009c00000000
0100a000000005
0200a400000000
01009800000205
01009c00000000
0100a000000005
0200a400000000
01009800000305
01009c00000000
0100a000000005
0200a400000000
01007400000411
02007400000411
01007800000000
01007c00000007
01008000000003
02008400000000
01007800000001
01007c00000107
01008000000003
02008400000001
01007800000002
01007c00000007
01008000000003
02008400000000
01007800000003
01007c00000107
01008000000003
02008400000001
01007800000100
01007c00000007
01008000000003
02008400000000
01007800000101
01007c00000007
01008000000003
02008400000000
01007800000102
01007c00000007
01008000000003
02008400000000
01007800000103
01007c00000007
01008000000003
02008400000000
01008800000000
01008cd9de56fe
01009000000003
020094d9de56fe
01008800000001
01008cd9ed0ca6
01009000000003
020094d9ed0ca6
01008800000002
01008cda0bdd02
01009000000003
020094da0bdd02
01008800000003
01008cda296634
01009000000003
020094da296634
01009800000000
01009c00000000
0100a000000005
0200a400000000
01009800000100
01009c00000000
0100a000000005
0200a400000000
01009800000200
01009c00000000
0100a000000005
0200a400000000
01009800000300
01009c00000000
0100a000000005
0200a400000000
01009800000001
01009c00000000
0100a000000005
0200a400000000
01009800000101
01009c00000000
0100a000000005
0200a400000000
01009800000201
01009c00000000
0100a000000005
0200a400000000
01009800000301
01009c00000000
0100a000000005
0200a400000000
01009800000002
01009c00000000
0100a000000005
0200a400000000
01009800000102
01009c00000000
0100a000000005
0200a400000000
01009800000202
01009c00000000
0100a000000005
0200a400000000
01009800000302
01009c00000000
0100a000000005
0200a400000000
01009800000003
01009c00000000
0100a000000005
0200a400000000
01009800000103
01009c00000000
0100a000000005
0200a400000000
01009800000203
01009c00000000
0100a000000005
0200a400000000
01009800000303
01009c00000000
0100a000000005
0200a400000000
01009800000004
01009c00000000
0100a000000005
0200a400000000
01009800000104
01009c00000000
0100a000000005
0200a400000000
01009800000204
01009c00000000
0100a000000005
0200a400000000
01009800000304
01009c00000000
0100a000000005
0200a400000000
01009800000005
01009c00000000
0100a000000005
0200a400000000
01009800000105
01009c00000000
0100a000000005
0200a400000000
01009800000205
01009c00000000
0100a000000005
0200a400000000
01009800000305
01009c00000000
0100a000000005
0200a400000000
01007400000511
02007400000511
01007800000000
01007c00000107
01008000000003
02008400000001
01007800000001
01007c00000107
01008000000003
02008400000001
01007800000002
01007c00000107
01008000000003
02008400000001
01007800000003
01007c00000107
01008000000003
02008400000001
01007800000100
01007c00000107
01008000000003
02008400000001
01007800000101
01007c00000007
01008000000003
02008400000000
01007800000102
01007c00000007
01008000000003
02008400000000
01007800000103
01007c00000007
01008000000003
02008400000000
01008800000000
01008cda5b7d3a
01009000000003
020094da5b7d3a
01008800000001
01008cda66a619
01009000000003
020094da66a619
01008800000002
01008cda7ee181
01009000000003
020094da7ee181
01008800000003
01008cda8ad628
01009000000003
020094da8ad628
01009800000000
01009c00000000
0100a000000005
0200a400000000
01009800000100
01009c00000000
0100a000000005
0200a400000000
01009800000200
01009c00000000
0100a000000005
0200a400000000
01009800000300
01009c00000000
0100a000000005
0200a400000000
01009800000001
01009c00000000
0100a000000005
0200a400000000
01009800000101
01009c00000000
0100a000000005
0200a400000000
01009800000201
01009c00000000
0100a000000005
0200a400000000
01009800000301
01009c00000000
0100a000000005
0200a400000000
01009800000002
01009c00000000
0100a000000005
0200a400000000
01009800000102
01009c00000000
0100a000000005
0200a400000000
01009800000202
01009c00000000
0100a000000005
0200a400000000
01009800000302
01009c00000000
0100a000000005
0200a400000000
01009800000003
01009c00000000
0100a000000005
0200a400000000
01009800000103
01009c00000000
0100a000000005
0200a400000000
01009800000203
01009c00000000
0100a000000005
0200a400000000
01009800000303
01009c00000000
0100a000000005
0200a400000000
01009800000004
01009c00000000
0100a000000005
0200a400000000
01009800000104
01009c00000000
0100a000000005
0200a400000000
01009800000204
01009c00000000
0100a000000005
0200a400000000
01009800000304
01009c00000000
0100a000000005
0200a400000000
01009800000005
01009c00000000
0100a000000005
0200a400000000
01009800000105
01009c00000000
0100a000000005
0200a400000000
01009800000205
01009c00000000
0100a000000005
0200a400000000
01009800000305
01009c00000000
0100a000000005
0200a400000000
01007400000611
02007400000611
01007800000000
01007c00000107
01008000000003
02008400000001
01007800000001
01007c00000107
01008000000003
02008400000001
01007800000002
01007c00000007
01008000000003
02008400000000
01007800000003
01007c00000107
01008000000003
02008400000001
01007800000100
01007c00000007
01008000000003
02008400000000
01007800000101
01007c00000007
01008000000003
02008400000000
01007800000102
01007c00000107
01008000000003
02008400000001
01007800000103
01007c00000107
01008000000003
02008400000001
01008800000000
01008cda9b9c1f
01009000000003
020094da9b9c1f
01008800000001
01008cdaa1fb1a
01009000000003
020094daa1fb1a
01008800000002
01008cdaf7a018
01009000000003
020094daf7a018
01008800000003
01008cdb0d72ff
01009000000003
020094db0d72ff
01009800000000
01009c00000000
0100a000000005
0200a400000000
01009800000100
01009c00000000
0100a000000005
0200a400000000
01009800000200
01009c00000000
0100a000000005
0200a400000000
01009800000300
01009c00000000
0100a000000005
0200a400000000
01009800000001
01009c00000000
0100a000000005
0200a400000000
01009800000101
01009c00000000
0100a000000005
0200a400000000
01009800000201
01009c00000000
0100a000000005
0200a400000000
01009800000301
01009c00000000
0100a000000005
0200a400000000
01009800000002
01009c00000000
0100a000000005
0200a400000000
01009800000102
01009c00000000
0100a000000005
0200a400000000
01009800000202
01009c00000000
0100a000000005
0200a400000000
01009800000302
01009c00000000
0100a000000005
0200a400000000
01009800000003
01009c00000000
0100a000000005
0200a400000000
01009800000103
01009c00000000
0100a000000005
0200a400000000
01009800000203
01009c00000000
0100a000000005
0200a400000000
01009800000303
01009c00000000
0100a000000005
0200a400000000
01009800000004
01009c00000000
0100a000000005
0200a400000000
01009800000104
01009c00000000
0100a000000005
0200a400000000
01009800000204
01009c00000000
0100a000000005
0200a400000000
01009800000304
01009c00000000
0100a000000005
0200a400000000
01009800000005
01009c00000000
0100a000000005
0200a400000000
01009800000105
01009c00000000
0100a000000005
0200a400000000
01009800000205
01009c00000000
0100a000000005
0200a400000000
01009800000305
01009c00000000
0100a000000005
0200a400000000
01007400000711
02007400000711
01007800000000
01007c00000007
01008000000003
02008400000000
01007800000001
01007c00000107
01008000000003
02008400000001
01007800000002
01007c00000107
01008000000003
02008400000001
01007800000003
01007c00000007
01008000000003
02008400000000
01007800000100
01007c00000107
01008000000003
02008400000001
01007800000101
01007c00000107
01008000000003
02008400000001
01007800000102
01007c00000007
01008000000003
02008400000000
01007800000103
01007c00000007
01008000000003
02008400000000
01008800000000
01008cdb229ffe
01009000000003
020094db229ffe
01008800000001
01008cdb38288d
01009000000003
020094db38288d
01008800000002
01008cdb9e0608
01009000000003
020094db9e0608
01008800000003
01008cdc20ea80
01009000000003
020094dc20ea80
01009800000000
01009c00000000
0100a000000005
0200a400000000
01009800000100
01009c00000000
0100a000000005
0200a400000000
01009800000200
01009c00000000
0100a000000005
0200a400000000
01009800000300
01009c00000000
0100a000000005
0200a400000000
01009800000001
01009c00000000
0100a000000005
0200a400000000
01009800000101
01009c00000000
0100a000000005
0200a400000000
01009800000201
01009c00000000
0100a000000005
0200a400000000
01009800000301
01009c00000000
0100a000000005
0200a400000000
01009800000002
01009c00000000
0100a000000005
0200a400000000
01009800000102
01009c00000000
0100a000000005
0200a400000000
01009800000202
01009c00000000
0100a000000005
0200a400000000
01009800000302
01009c00000000
0100a000000005
0200a400000000
01009800000003
01009c00000000
0100a000000005
0200a400000000
01009800000103
01009c00000000
0100a000000005
0200a400000000
01009800000203
01009c00000000
0100a000000005
0200a400000000
01009800000303
01009c00000000
0100a000000005
0200a400000000
01009800000004
01009c00000000
0100a000000005
0200a400000000
01009800000104
01009c00000000
0100a000000005
0200a400000000
01009800000204
01009c00000000
0100a000000005
0200a400000000
01009800000304
01009c00000000
0100a000000005
0200a400000000
01009800000005
01009c00000000
0100a000000005
0200a400000000
01009800000105
01009c00000000
0100a000000005
0200a400000000
01009800000205
01009c00000000
0100a000000005
0200a400000000
01009800000305
01009c00000000
0100a000000005
0200a400000000
01007400000811
02007400000811
01007800000000
01007c00000107
01008000000003
02008400000001
01007800000001
01007c00000107
01008000000003
02008400000001
01007800000002
01007c00000107
01008000000003
02008400000001
01007800000003
01007c00000107
01008000000003
02008400000001
01007800000100
01007c00000007
01008000000003
02008400000000
01007800000101
01007c00000107
01008000000003
02008400000001
01007800000102
01007c00000007
01008000000003
02008400000000
01007800000103
01007c00000007
01008000000003
02008400000000
01008800000000
01008cdc80ae34
01009000000003
020094dc80ae34
01008800000001
01008cdc8e1286
01009000000003
020094dc8e1286
01008800000002
01008cdccd237a
01009000000003
020094dccd237a
01008800000003
01008cdd7f015e
01009000000003
020094dd7f015e
01009800000000
01009c00000000
0100a000000005
0200a400000000
01009800000100
01009c00000000
0100a000000005
0200a400000000
01009800000200
01009c00000000
0100a000000005
0200a400000000
01009800000300
01009c00000000
0100a000000005
0200a400000000
01009800000001
01009c00000000
0100a000000005
0200a400000000
01009800000101
01009c00000000
0100a000000005
0200a400000000
01009800000201
01009c00000000
0100a000000005
0200a400000000
01009800000301
01009c00000000
0100a000000005
0200a400000000
01009800000002
01009c00000000
0100a000000005
0200a400000000
01009800000102
01009c00000000
0100a000000005
0200a400000000
01009800000202
01009c00000000
0100a000000005
0200a400000000
01009800000302
01009c00000000
0100a000000005
0200a400000000
01009800000003
01009c00000000
0100a000000005
0200a400000000
01009800000103
01009c00000000
0100a000000005
0200a400000000
01009800000203
01009c00000000
0100a000000005
0200a400000000
01009800000303
01009c00000000
0100a000000005
0200a400000000
01009800000004
01009c00000000
0100a000000005
0200a400000000
01009800000104
01009c00000000
0100a000000005
0200a400000000
01009800000204
01009c00000000
0100a000000005
0200a400000000
01009800000304
01009c00000000
0100a000000005
0200a400000000
01009800000005
01009c00000000
0100a000000005
0200a400000000
01009800000105
01009c00000000
0100a000000005
0200a400000000
01009800000205
01009c00000000
0100a000000005
0200a400000000
01009800000305
01009c00000000
0100a000000005
0200a400000000
01007400000911
02007400000911
01007800000000
01007c00000107
01008000000003
02008400000001
01007800000001
01007c00000107
01008000000003
02008400000001
01007800000002
01007c00000107
01008000000003
02008400000001
01007800000003
01007c00000107
01008000000003
02008400000001
01007800000100
01007c00000007
01008000000003
02008400000000
01007800000101
01007c00000007
01008000000003
02008400000000
01007800000102
01007c00000007
01008000000003
02008400000000
01007800000103
01007c00000107
01008000000003
02008400000001
01008800000000
01008cdd985ff6
01009000000003
020094dd985ff6
01008800000001
01008cddef0080
01009000000003
020094ddef0080
01008800000002
01008cdef920a5
01009000000003
020094def920a5
01008800000003
01008cdf573079
01009000000003
020094df573079
01009800000000
01009c00000000
0100a000000005
0200a400000000
01009800000100
01009c00000000
0100a000000005
0200a400000000
01009800000200
01009c00000000
0100a000000005
0200a400000000
01009800000300
01009c00000000
0100a000000005
0200a400000000
01009800000001
01009c00000000
0100a000000005
0200a400000000
01009800000101
01009c00000000
0100a000000005
0200a400000000
01009800000201
01009c00000000
0100a000000005
0200a400000000
01009800000301
01009c00000000
0100a000000005
0200a400000000
01009800000002
01009c00000000
0100a000000005
0200a400000000
01009800000102
01009c00000000
0100a000000005
0200a400000000
01009800000202
01009c00000000
0100a000000005
0200a400000000
01009800000302
01009c00000000
0100a000000005
0200a400000000
01009800000003
01009c00000000
0100a000000005
0200a400000000
01009800000103
01009c00000000
0100a000000005
0200a400000000
01009800000203
01009c00000000
0100a000000005
0200a400000000
01009800000303
01009c00000000
0100a000000005
0200a400000000
01009800000004
01009c00000000
0100a000000005
0200a400000000
01009800000104
01009c00000000
0100a000000005
0200a400000000
01009800000204
01009c00000000
0100a000000005
0200a400000000
01009800000304
01009c00000000
0100a000000005
0200a400000000
01009800000005
01009c00000000
0100a000000005
0200a400000000
01009800000105
01009c00000000
0100a000000005
0200a400000000
01009800000205
01009c00000000
0100a000000005
0200a400000000
01009800000305
01009c00000000
0100a000000005
0200a400000000
01007400000a11
02007400000a11
01007800000000
01007c00000107
01008000000003
02008400000001
01007800000001
01007c00000107
01008000000003
02008400000001
01007800000002
01007c00000107
01008000000003
02008400000001
01007800000003
01007c00000007
01008000000003
02008400000000
01007800000100
01007c00000107
01008000000003
02008400000001
01007800000101
01007c00000107
01008000000003
02008400000001
01007800000102
01007c00000007
01008000000003
02008400000000
01007800000103
01007c00000107
01008000000003
02008400000001
01008800000000
01008cdf897655
01009000000003
020094df897655
01008800000001
01008cdf8dc76c
01009000000003
020094df8dc76c
01008800000002
01008cdfb8dfaf
01009000000003
020094dfb8dfaf
01008800000003
01008cdfbf264a
01009000000003
020094dfbf264a
01009800000000
01009c00000000
0100a000000005
0200a400000000
01009800000100
01009c00000000
0100a000000005
0200a400000000
01009800000200
01009c00000000
0100a000000005
0200a400000000
01009800000300
01009c00000000
0100a000000005
0200a400000000
01009800000001
01009c00000000
0100a000000005
0200a400000000
01009800000101
01009c00000000
0100a000000005
0200a400000000
01009800000201
01009c00000000
0100a000000005
0200a400000000
01009800000301
01009c00000000
0100a000000005
0200a400000000
01009800000002
01009c00000000
0100a000000005
0200a400000000
01009800000102
01009c00000000
0100a000000005
0200a400000000
01009800000202
01009c00000000
0100a000000005
0200a400000000
01009800000302
01009c00000000
0100a000000005
0200a400000000
01009800000003
01009c00000000
0100a000000005
0200a400000000
01009800000103
01009c00000000
0100a000000005
0200a400000000
01009800000203
01009c00000000
0100a000000005
0200a400000000
01009800000303
01009c00000000
0100a000000005
0200a400000000
01009800000004
01009c00000000
0100a000000005
0200a400000000
01009800000104
01009c00000000
0100a000000005
0200a400000000
01009800000204
01009c00000000
0100a000000005
0200a400000000
01009800000304
01009c00000000
0100a000000005
0200a400000000
01009800000005
01009c00000000
0100a000000005
0200a400000000
01009800000105
01009c00000000
0100a000000005
0200a400000000
01009800000205
01009c00000000
0100a000000005
0200a400000000
01009800000305
01009c00000000
0100a000000005
0200a400000000
01007400000b11
02007400000b11
01007800000000
01007c00000007
01008000000003
02008400000000
01007800000001
01007c00000107
01008000000003
02008400000001
01007800000002
01007c00000007
01008000000003
02008400000000
01007800000003
01007c00000007
01008000000003
02008400000000
01007800000100
01007c00000107
01008000000003
02008400000001
01007800000101
01007c00000007
01008000000003
02008400000000
01007800000102
01007c00000007
01008000000003
02008400000000
01007800000103
01007c00000107
01008000000003
02008400000001
01008800000000
01008cdfe3599c
01009000000003
020094dfe3599c
01008800000001
01008ce0245646
01009000000003
020094e0245646
01008800000002
01008ce0607f54
01009000000003
020094e0607f54
01008800000003
01008ce0965152
01009000000003
020094e0965152
01009800000000
01009c00000000
0100a000000005
0200a400000000
01009800000100
01009c00000000
0100a000000005
0200a400000000
01009800000200
01009c00000000
0100a000000005
0200a400000000
01009800000300
01009c00000000
0100a000000005
0200a400000000
01009800000001
01009c00000000
0100a000000005
0200a400000000
01009800000101
01009c00000000
0100a000000005
0200a400000000
01009800000201
01009c00000000
0100a000000005
0200a400000000
01009800000301
01009c00000000
0100a000000005
0200a400000000
01009800000002
01009c00000000
0100a000000005
0200a400000000
01009800000102
01009c00000000
0100a000000005
0200a400000000
01009800000202
01009c00000000
0100a000000005
0200a400000000
01009800000302
01009c00000000
0100a000000005
0200a400000000
01009800000003
01009c00000000
0100a000000005
0200a400000000
01009800000103
01009c00000000
0100a000000005
0200a400000000
01009800000203
01009c00000000
0100a000000005
0200a400000000
01009800000303
01009c00000000
0100a000000005
0200a400000000
01009800000004
01009c00000000
0100a000000005
0200a400000000
01009800000104
01009c00000000
0100a000000005
0200a400000000
01009800000204
01009c00000000
0100a000000005
0200a400000000
01009800000304
01009c00000000
0100a000000005
0200a400000000
01009800000005
01009c00000000
0100a000000005
0200a400000000
01009800000105
01009c00000000
0100a000000005
0200a400000000
01009800000205
01009c00000000
0100a000000005
0200a400000000
01009800000305
01009c00000000
0100a000000005
0200a400000000
01007400000c11
02007400000c11
01007800000000
01007c00000107
01008000000003
02008400000001
01007800000001
01007c00000007
01008000000003
02008400000000
01007800000002
01007c00000007
01008000000003
02008400000000
01007800000003
01007c00000107
01008000000003
02008400000001
01007800000100
01007c00000107
01008000000003
02008400000001
01007800000101
01007c00000007
01008000000003
02008400000000
01007800000102
01007c00000007
01008000000003
02008400000000
01007800000103
01007c00000107
01008000000003
02008400000001
01008800000000
01008ce122e116
01009000000003
020094e122e116
01008800000001
01008ce13675ab
01009000000003
020094e13675ab
01008800000002
01008ce1831e11
01009000000003
020094e1831e11
01008800000003
01008ce190da13
01009000000003
020094e190da13
01009800000000
01009c00000000
0100a000000005
0200a400000000
01009800000100
01009c00000000
0100a000000005
0200a400000000
01009800000200
01009c00000000
0100a000000005
0200a400000000
01009800000300
01009c00000000
0100a000000005
0200a400000000
01009800000001
01009c00000000
0100a000000005
0200a400000000
01009800000101
01009c00000000
0100a000000005
0200a400000000
01009800000201
01009c00000000
0100a000000005
0200a400000000
01009800000301
01009c00000000
0100a000000005
0200a400000000
01009800000002
01009c00000000
0100a000000005
0200a400000000
01009800000102
01009c00000000
0100a000000005
0200a400000000
01009800000202
01009c00000000
0100a000000005
0200a400000000
01009800000302
01009c00000000
0100a000000005
0200a400000000
01009800000003
01009c00000000
0100a000000005
0200a400000000
01009800000103
01009c00000000
0100a000000005
0200a400000000
01009800000203
01009c00000000
0100a000000005
0200a400000000
01009800000303
01009c00000000
0100a000000005
0200a400000000
01009800000004
01009c00000000
0100a000000005
0200a400000000
01009800000104
01009c00000000
0100a000000005
0200a400000000
01009800000204
01009c00000000
0100a000000005
0200a400000000
01009800000304
01009c00000000
0100a000000005
0200a400000000
01009800000005
01009c00000000
0100a000000005
0200a400000000
01009800000105
01009c00000000
0100a000000005
0200a400000000
01009800000205
01009c00000000
0100a000000005
0200a400000000
01009800000305
01009c00000000
0100a000000005
0200a400000000
01007400000d11
02007400000d11
01007800000000
01007c00000107
01008000000003
02008400000001
01007800000001
01007c00000107
01008000000003
02008400000001
01007800000002
01007c00000007
01008000000003
02008400000000
01007800000003
01007c00000107
01008000000003
02008400000001
01007800000100
01007c00000107
01008000000003
02008400000001
01007800000101
01007c00000107
01008000000003
02008400000001
01007800000102
01007c00000007
01008000000003
02008400000000
01007800000103
01007c00000107
01008000000003
02008400000001
01008800000000
01008ce1ae1d38
01009000000003
020094e1ae1d38
01008800000001
01008ce1c06da4
01009000000003
020094e1c06da4
01008800000002
01008ce2387a14
01009000000003
020094e2387a14
01008800000003
01008ce25c4c2f
01009000000003
020094e25c4c2f
01009800000000
01009c00000000
0100a000000005
0200a400000000
01009800000100
01009c00000000
0100a000000005
0200a400000000
01009800000200
01009c00000000
0100a000000005
0200a400000000
01009800000300
01009c00000000
0100a000000005
0200a400000000
01009800000001
01009c00000000
0100a000000005
0200a400000000
01009800000101
01009c00000000
0100a000000005
0200a400000000
01009800000201
01009c00000000
0100a000000005
0200a400000000
01009800000301
01009c00000000
0100a000000005
0200a400000000
01009800000002
01009c00000000
0100a000000005
0200a400000000
01009800000102
01009c00000000
0100a000000005
0200a400000000
01009800000202
01009c00000000
0100a000000005
0200a400000000
01009800000302
01009c00000000
0100a000000005
0200a400000000
01009800000003
01009c00000000
0100a000000005
0200a400000000
01009800000103
01009c00000000
0100a000000005
0200a400000000
01009800000203
01009c00000000
0100a000000005
0200a400000000
01009800000303
01009c00000000
0100a000000005
0200a400000000
01009800000004
01009c00000000
0100a000000005
0200a400000000
01009800000104
01009c00000000
0100a000000005
0200a400000000
01009800000204
01009c00000000
0100a000000005
0200a400000000
01009800000304
01009c00000000
0100a000000005
0200a400000000
01009800000005
01009c00000000
0100a000000005
0200a400000000
01009800000105
01009c00000000
0100a000000005
0200a400000000
01009800000205
01009c00000000
0100a000000005
0200a400000000
01009800000305
01009c00000000
0100a000000005
0200a400000000
01007400000e11
02007400000e11
01007800000000
01007c00000007
01008000000003
02008400000000
01007800000001
01007c00000007
01008000000003
02008400000000
01007800000002
01007c00000007
01008000000003
02008400000000
01007800000003
01007c00000007
01008000000003
02008400000000
01007800000100
01007c00000107
01008000000003
02008400000001
01007800000101
01007c00000107
01008000000003
02008400000001
01007800000102
01007c00000107
01008000000003
02008400000001
01007800000103
01007c00000107
01008000000003
02008400000001
01008800000000
01008ce26563b5
01009000000003
020094e26563b5
01008800000001
01008ce28003d9
01009000000003
020094e28003d9
01008800000002
01008ce2a52929
01009000000003
020094e2a52929
01008800000003
01008ce2d36bf5
01009000000003
020094e2d36bf5
01009800000000
01009c00000000
0100a000000005
0200a400000000
01009800000100
01009c00000000
0100a000000005
0200a400000000
01009800000200
01009c00000000
0100a000000005
0200a400000000
01009800000300
01009c00000000
0100a000000005
0200a400000000
01009800000001
01009c00000000
0100a000000005
0200a400000000
01009800000101
01009c00000000
0100a000000005
0200a400000000
01009800000201
01009c00000000
0100a000000005
0200a400000000
01009800000301
01009c00000000
0100a000000005
0200a400000000
01009800000002
01009c00000000
0100a000000005
0200a400000000
01009800000102
01009c00000000
0100a000000005
0200a400000000
01009800000202
01009c00000000
0100a000000005
0200a400000000
01009800000302
01009c00000000
0100a000000005
0200a400000000
01009800000003
01009c00000000
0100a000000005
0200a400000000
01009800000103
01009c00000000
0100a000000005
0200a400000000
01009800000203
01009c00000000
0100a000000005
0200a400000000
01009800000303
01009c00000000
0100a000000005
0200a400000000
01009800000004
01009c00000000
0100a000000005
0200a400000000
01009800000104
01009c00000000
0100a000000005
0200a400000000
01009800000204
01009c00000000
0100a000000005
0200a400000000
01009800000304
01009c00000000
0100a000000005
0200a400000000
01009800000005
01009c00000000
0100a000000005
0200a400000000
01009800000105
01009c00000000
0100a000000005
0200a400000000
01009800000205
01009c00000000
0100a000000005
0200a400000000
01009800000305
01009c00000000
0100a000000005
0200a400000000
01007400000f11
02007400000f11
01007800000000
01007c00000007
01008000000003
02008400000000
01007800000001
01007c00000107
01008000000003
02008400000001
01007800000002
01007c00000007
01008000000003
02008400000000
01007800000003
01007c00000107
01008000000003
02008400000001
01007800000100
01007c00000007
01008000000003
02008400000000
01007800000101
01007c00000007
01008000000003
02008400000000
01007800000102
01007c00000107
01008000000003
02008400000001
01007800000103
01007c00000107
01008000000003
02008400000001
01008800000000
01008ce2d568bd
01009000000003
020094e2d568bd
01008800000001
01008ce2dc1608
01009000000003
020094e2dc1608
01008800000002
01008ce2e88286
01009000000003
020094e2e88286
01008800000003
01008ce2fbd92a
01009000000003
020094e2fbd92a
01009800000000
01009c00000000
0100a000000005
0200a400000000
01009800000100
01009c00000000
0100a000000005
0200a400000000
01009800000200
01009c00000000
0100a000000005
0200a400000000
01009800000300
01009c00000000
0100a000000005
0200a400000000
01009800000001
01009c00000000
0100a000000005
0200a400000000
01009800000101
01009c00000000
0100a000000005
0200a400000000
01009800000201
01009c00000000
0100a000000005
0200a400000000
01009800000301
01009c00000000
0100a000000005
0200a400000000
01009800000002
01009c00000000
0100a000000005
0200a400000000
01009800000102
01009c00000000
0100a000000005
0200a400000000
01009800000202
01009c00000000
0100a000000005
0200a400000000
01009800000302
01009c00000000
0100a000000005
0200a400000000
01009800000003
01009c00000000
0100a000000005
0200a400000000
01009800000103
01009c00000000
0100a000000005
0200a400000000
01009800000203
01009c00000000
0100a000000005
0200a400000000
01009800000303
01009c00000000
0100a000000005
0200a400000000
01009800000004
01009c00000000
0100a000000005
0200a400000000
01009800000104
01009c00000000
0100a000000005
0200a400000000
01009800000204
01009c00000000
0100a000000005
0200a400000000
01009800000304
01009c00000000
0100a000000005
0200a400000000
01009800000005
01009c00000000
0100a000000005
0200a400000000
01009800000105
01009c00000000
0100a000000005
0200a400000000
01009800000205
01009c00000000
0100a000000005
0200a400000000
01009800000305
01009c00000000
0100a000000005
0200a400000000
01007400001011
02007400001011
01007800000000
01007c00000107
01008000000003
02008400000001
01007800000001
01007c00000107
01008000000003
02008400000001
01007800000002
01007c00000107
01008000000003
02008400000001
01007800000003
01007c00000007
01008000000003
02008400000000
01007800000100
01007c00000007
01008000000003
02008400000000
01007800000101
01007c00000107
01008000000003
02008400000001
01007800000102
01007c00000107
01008000000003
02008400000001
01007800000103
01007c00000107
01008000000003
02008400000001
01008800000000
01008ce31e29d7
01009000000003
020094e31e29d7
01008800000001
01008ce34941d3
01009000000003
020094e34941d3
01008800000002
01008ce34cd783
01009000000003
020094e34cd783
01008800000003
01008ce36ae050
01009000000003
020094e36ae050
01009800000000
01009c00000000
0100a000000005
0200a400000000
01009800000100
01009c00000000
0100a000000005
0200a400000000
01009800000200
01009c00000000
0100a000000005
0200a400000000
01009800000300
01009c00000000
0100a000000005
0200a400000000
01009800000001
01009c00000000
0100a000000005
0200a400000000
01009800000101
01009c00000000
0100a000000005
0200a400000000
01009800000201
01009c00000000
0100a000000005
0200a400000000
01009800000301
01009c00000000
0100a000000005
0200a400000000
01009800000002
01009c00000000
0100a000000005
0200a400000000
01009800000102
01009c00000000
0100a000000005
0200a400000000
01009800000202
01009c00000000
0100a000000005
0200a400000000
01009800000302
01009c00000000
0100a000000005
0200a400000000
01009800000003
01009c00000000
0100a000000005
0200a400000000
01009800000103
01009c00000000
0100a000000005
0200a400000000
01009800000203
01009c00000000
0100a000000005
0200a400000000
01009800000303
01009c00000000
0100a000000005
0200a400000000
01009800000004
01009c00000000
0100a000000005
0200a400000000
01009800000104
01009c00000000
0100a000000005
0200a400000000
01009800000204
01009c00000000
0100a000000005
0200a400000000
01009800000304
01009c00000000
0100a000000005
0200a400000000
01009800000005
01009c00000000
0100a000000005
0200a400000000
01009800000105
01009c00000000
0100a000000005
0200a400000000
01009800000205
01009c00000000
0100a000000005
0200a400000000
01009800000305
01009c00000000
0100a000000005
0200a400000000
01007400001111
02007400001111
01007800000000
01007c00000107
01008000000003
02008400000001
01007800000001
01007c00000107
01008000000003
02008400000001
01007800000002
01007c00000107
01008000000003
02008400000001
01007800000003
01007c00000007
01008000000003
02008400000000
01007800000100
01007c00000107
01008000000003
02008400000001
01007800000101
01007c00000107
01008000000003
02008400000001
01007800000102
01007c00000007
01008000000003
02008400000000
01007800000103
01007c00000107
01008000000003
02008400000001
01008800000000
01008ce36dfeb9
01009000000003
020094e36dfeb9
01008800000001
01008ce3766a36
01009000000003
020094e3766a36
01008800000002
01008ce37a81d3
01009000000003
020094e37a81d3
01008800000003
01008ce38fa0fe
01009000000003
020094e38fa0fe
01009800000000
01009c00000000
0100a000000005
0200a400000000
01009800000100
01009c00000000
0100a000000005
0200a400000000
01009800000200
01009c00000000
0100a000000005
0200a400000000
01009800000300
01009c00000000
0100a000000005
0200a400000000
01009800000001
01009c00000000
0100a000000005
0200a400000000
01009800000101
01009c00000000
0100a000000005
0200a400000000
01009800000201
01009c00000000
0100a000000005
0200a400000000
01009800000301
01009c00000000
0100a000000005
0200a400000000
01009800000002
01009c00000000
0100a000000005
0200a400000000
01009800000102
01009c00000000
0100a000000005
0200a400000000
01009800000202
01009c00000000
0100a000000005
0200a400000000
01009800000302
01009c00000000
0100a000000005
0200a400000000
01009800000003
01009c00000000
0100a000000005
0200a400000000
01009800000103
01009c00000000
0100a000000005
0200a400000000
01009800000203
01009c00000000
0100a000000005
0200a400000000
01009800000303
01009c00000000
0100a000000005
0200a400000000
01009800000004
01009c00000000
0100a000000005
0200a400000000
01009800000104
01009c00000000
0100a000000005
0200a400000000
01009800000204
01009c00000000
0100a000000005
0200a400000000
01009800000304
01009c00000000
0100a000000005
0200a400000000
01009800000005
01009c00000000
0100a000000005
0200a400000000
01009800000105
01009c00000000
0100a000000005
0200a400000000
01009800000205
01009c00000000
0100a000000005
0200a400000000
01009800000305
01009c00000000
0100a000000005
0200a400000000
01007400001211
02007400001211
01007800000000
01007c00000107
01008000000003
02008400000001
01007800000001
01007c00000107
01008000000003
02008400000001
01007800000002
01007c00000007
01008000000003
02008400000000
01007800000003
01007c00000107
01008000000003
02008400000001
01007800000100
01007c00000107
01008000000003
02008400000001
01007800000101
01007c00000007
01008000000003
02008400000000
01007800000102
01007c00000107
01008000000003
02008400000001
01007800000103
01007c00000107
01008000000003
02008400000001
01008800000000
01008ce3c16459
01009000000003
020094e3c16459
01008800000001
01008ce3e2b11c
01009000000003
020094e3e2b11c
01008800000002
01008ce408038b
01009000000003
020094e408038b
01008800000003
01008ce41c6b22
01009000000003
020094e41c6b22
01009800000000
01009c00000000
0100a000000005
0200a400000000
01009800000100
01009c00000000
0100a000000005
0200a400000000
01009800000200
01009c00000000
0100a000000005
0200a400000000
01009800000300
01009c00000000
0100a000000005
0200a400000000
01009800000001
01009c00000000
0100a000000005
0200a400000000
01009800000101
01009c00000000
0100a000000005
0200a400000000
01009800000201
01009c00000000
0100a000000005
0200a400000000
01009800000301
01009c00000000
0100a000000005
0200a400000000
01009800000002
01009c00000000
0100a000000005
0200a400000000
01009800000102
01009c00000000
0100a000000005
0200a400000000
01009800000202
01009c00000000
0100a000000005
0200a400000000
01009800000302
01009c00000000
0100a000000005
0200a400000000
01009800000003
01009c00000000
0100a000000005
0200a400000000
01009800000103
01009c00000000
0100a000000005
0200a400000000
01009800000203
01009c00000000
0100a000000005
0200a400000000
01009800000303
01009c00000000
0100a000000005
0200a400000000
01009800000004
01009c00000000
0100a000000005
0200a400000000
01009800000104
01009c00000000
0100a000000005
0200a400000000
01009800000204
01009c00000000
0100a000000005
0200a400000000
01009800000304
01009c00000000
0100a000000005
0200a400000000
01009800000005
01009c00000000
0100a000000005
0200a400000000
01009800000105
01009c00000000
0100a000000005
0200a400000000
01009800000205
01009c00000000
0100a000000005
0200a400000000
01009800000305
01009c00000000
0100a000000005
0200a400000000
01007400001311
02007400001311
01007800000000
01007c00000107
01008000000003
02008400000001
01007800000001
01007c00000107
01008000000003
02008400000001
01007800000002
01007c00000007
01008000000003
02008400000000
01007800000003
01007c00000107
01008000000003
02008400000001
01007800000100
01007c00000007
01008000000003
02008400000000
01007800000101
01007c00000007
01008000000003
02008400000000
01007800000102
01007c00000007
01008000000003
02008400000000
01007800000103
01007c00000007
01008000000003
02008400000000
01008800000000
01008ce4344fa2
01009000000003
020094e4344fa2
01008800000001
01008ce4a1213b
01009000000003
020094e4a1213b
01008800000002
01008ce4a54891
01009000000003
020094e4a54891
01008800000003
01008ce51575b9
01009000000003
020094e51575b9
01009800000000
01009c00000000
0100a000000005
0200a400000000
01009800000100
01009c00000000
0100a000000005
0200a400000000
01009800000200
01009c00000000
0100a000000005
0200a400000000
01009800000300
01009c00000000
0100a000000005
0200a400000000
01009800000001
01009c00000000
0100a000000005
0200a400000000
01009800000101
01009c00000000
0100a000000005
0200a400000000
01009800000201
01009c00000000
0100a000000005
0200a400000000
01009800000301
01009c00000000
0100a000000005
0200a400000000
01009800000002
01009c00000000
0100a000000005
0200a400000000
01009800000102
01009c00000000
0100a000000005
0200a400000000
01009800000202
01009c00000000
0100a000000005
0200a400000000
01009800000302
01009c00000000
0100a000000005
0200a400000000
01009800000003
01009c00000000
0100a000000005
0200a400000000
01009800000103
01009c00000000
0100a000000005
0200a400000000
01009800000203
01009c00000000
0100a000000005
0200a400000000
01009800000303
01009c00000000
0100a000000005
0200a400000000
01009800000005
01009c00000000
0100a000000005
0200a400000000
01009800000105
01009c00000000
0100a000000005
0200a400000000
01009800000205
01009c00000000
0100a000000005
0200a400000000
01009800000305
01009c00000000
0100a000000005
0200a400000000
01007400000012
02007400000012
01007800000000
01007c00000007
01008000000003
02008400000000
01007800000001
01007c00000107
01008000000003
02008400000001
01007800000002
01007c00000107
01008000000003
02008400000001
01007800000003
01007c00000107
01008000000003
02008400000001
01007800000100
01007c00000007
01008000000003
02008400000000
01007800000101
01007c00000107
01008000000003
02008400000001
01007800000102
01007c00000107
01008000000003
02008400000001
01007800000103
01007c00000007
01008000000003
02008400000000
01008800000000
01008ce53940a2
01009000000003
020094e53940a2
01008800000001
01008ce551b6d5
01009000000003
020094e551b6d5
01008800000002
01008ce57ec4c0
01009000000003
020094e57ec4c0
01008800000003
01008ce5a80d48
01009000000003
020094e5a80d48
01009800000000
01009c00000000
0100a000000005
0200a400000000
01009800000100
01009c00000000
0100a000000005
0200a400000000
01009800000200
01009c00000000
0100a000000005
0200a400000000
01009800000300
01009c00000000
0100a000000005
0200a400000000
01009800000001
01009c00000000
0100a000000005
0200a400000000
01009800000101
01009c00000000
0100a000000005
0200a400000000
01009800000201
01009c00000000
0100a000000005
0200a400000000
01009800000301
01009c00000000
0100a000000005
0200a400000000
01009800000002
01009c00000000
0100a000000005
0200a400000000
01009800000102
01009c00000000
0100a000000005
0200a400000000
01009800000202
01009c00000000
0100a000000005
0200a400000000
01009800000302
01009c00000000
0100a000000005
0200a400000000
01009800000003
01009c00000000
0100a000000005
0200a400000000
01009800000103
01009c00000000
0100a000000005
0200a400000000
01009800000203
01009c00000000
0100a000000005
0200a400000000
01009800000303
01009c00000000
0100a000000005
0200a400000000
01009800000004
01009c00000000
0100a000000005
0200a400000000
01009800000104
01009c00000000
0100a000000005
0200a400000000
01009800000204
01009c00000000
0100a000000005
0200a400000000
01009800000304
01009c00000000
0100a000000005
0200a400000000
01009800000005
01009c00000000
0100a000000005
0200a400000000
01009800000105
01009c00000000
0100a000000005
0200a400000000
01009800000205
01009c00000000
0100a000000005
0200a400000000
01009800000305
01009c00000000
0100a000000005
0200a400000000
01007400000112
02007400000112
01007800000000
01007c00000007
01008000000003
02008400000000
01007800000001
01007c00000007
01008000000003
02008400000000
01007800000002
01007c00000007
01008000000003
02008400000000
01007800000003
01007c00000007
01008000000003
02008400000000
01007800000100
01007c00000007
01008000000003
02008400000000
01007800000101
01007c00000007
01008000000003
02008400000000
01007800000102
01007c00000107
01008000000003
02008400000001
01007800000103
01007c00000107
01008000000003
02008400000001
01008800000000
01008ce613d36b
01009000000003
020094e613d36b
01008800000001
01008ce63cf102
01009000000003
020094e63cf102
01008800000002
01008ce685a14e
01009000000003
020094e685a14e
01008800000003
01008ce685dde8
01009000000003
020094e685dde8
01009800000000
01009c00000000
0100a000000005
0200a400000000
01009800000100
01009c00000000
0100a000000005
0200a400000000
01009800000200
01009c00000000
0100a000000005
0200a400000000
01009800000300
01009c00000000
0100a000000005
0200a400000000
01009800000001
01009c00000000
0100a000000005
0200a400000000
01009800000101
01009c00000000
0100a000000005
0200a400000000
01009800000201
01009c00000000
0100a000000005
0200a400000000
01009800000301
01009c00000000
0100a000000005
0200a400000000
01009800000002
01009c00000000
0100a000000005
0200a400000000
01009800000102
01009c00000000
0100a000000005
0200a400000000
01009800000202
01009c00000000
0100a000000005
0200a400000000
01009800000302
01009c00000000
0100a000000005
0200a400000000
01009800000003
01009c00000000
0100a000000005
0200a400000000
01009800000103
01009c00000000
0100a000000005
0200a400000000
01009800000203
01009c00000000
0100a000000005
0200a400000000
01009800000303
01009c00000000
0100a000000005
0200a400000000
01009800000004
01009c00000000
0100a000000005
0200a400000000
01009800000104
01009c00000000
0100a000000005
0200a400000000
01009800000204
01009c00000000
0100a000000005
0200a400000000
01009800000304
01009c00000000
0100a000000005
0200a400000000
01009800000005
01009c00000000
0100a000000005
0200a400000000
01009800000105
01009c00000000
0100a000000005
0200a400000000
01009800000205
01009c00000000
0100a000000005
0200a400000000
01009800000305
01009c00000000
0100a000000005
0200a400000000
01007400000212
02007400000212
01007800000000
01007c00000107
01008000000003
02008400000001
01007800000001
01007c00000007
01008000000003
02008400000000
01007800000002
01007c00000107
01008000000003
02008400000001
01007800000003
01007c00000007
01008000000003
02008400000000
01007800000100
01007c00000007
01008000000003
02008400000000
01007800000101
01007c00000007
01008000000003
02008400000000
01007800000102
01007c00000107
01008000000003
02008400000001
01007800000103
01007c00000107
01008000000003
02008400000001
01008800000000
01008ce731414c
01009000000003
020094e731414c
01008800000001
01008ce74132ae
01009000000003
020094e74132ae
01008800000002
01008ce76671fb
01009000000003
020094e76671fb
01008800000003
01008ce7897a93
01009000000003
020094e7897a93
01009800000000
01009c00000000
0100a000000005
0200a400000000
01009800000100
01009c00000000
0100a000000005
0200a400000000
01009800000200
01009c00000000
0100a000000005
0200a400000000
01009800000300
01009c00000000
0100a000000005
0200a400000000
01009800000001
01009c00000000
0100a000000005
0200a400000000
01009800000101
01009c00000000
0100a000000005
0200a400000000
01009800000201
01009c00000000
0100a000000005
0200a400000000
01009800000301
01009c00000000
0100a000000005
0200a400000000
01009800000002
01009c00000000
0100a000000005
0200a400000000
01009800000102
01009c00000000
0100a000000005
0200a400000000
01009800000202
01009c00000000
0100a000000005
0200a400000000
01009800000302
01009c00000000
0100a000000005
0200a400000000
01009800000003
01009c00000000
0100a000000005
0200a400000000
01009800000103
01009c00000000
0100a000000005
0200a400000000
01009800000203
01009c00000000
0100a000000005
0200a400000000
01009800000303
01009c00000000
0100a000000005
0200a400000000
01009800000004
01009c00000000
0100a000000005
0200a400000000
01009800000104
01009c00000000
0100a000000005
0200a400000000
01009800000204
01009c00000000
0100a000000005
0200a400000000
01009800000304
01009c00000000
0100a000000005
0200a400000000
01009800000005
01009c00000000
0100a000000005
0200a400000000
01009800000105
01009c00000000
0100a000000005
0200a400000000
01009800000205
01009c00000000
0100a000000005
0200a400000000
01009800000305
01009c00000000
0100a000000005
0200a400000000
01007400000312
02007400000312
01007800000000
01007c00000007
01008000000003
02008400000000
01007800000001
01007c00000107
01008000000003
02008400000001
01007800000002
01007c00000107
01008000000003
02008400000001
01007800000003
01007c00000007
01008000000003
02008400000000
01007800000100
01007c00000007
01008000000003
02008400000000
01007800000101
01007c00000007
01008000000003
02008400000000
01007800000102
01007c00000007
01008000000003
02008400000000
01007800000103
01007c00000007
01008000000003
02008400000000
01008800000000
01008ce7bb6360
01009000000003
020094e7bb6360
01008800000001
01008ce80d3d39
01009000000003
020094e80d3d39
01008800000002
01008ce821d02e
01009000000003
020094e821d02e
01008800000003
01008ce8bd726c
01009000000003
020094e8bd726c
01009800000000
01009c00000000
0100a000000005
0200a400000000
01009800000100
01009c00000000
0100a000000005
0200a400000000
01009800000200
01009c00000000
0100a000000005
0200a400000000
01009800000300
01009c00000000
0100a000000005
0200a400000000
01009800000001
01009c00000000
0100a000000005
0200a400000000
01009800000101
01009c00000000
0100a000000005
0200a400000000
01009800000201
01009c00000000
0100a000000005
0200a400000000
01009800000301
01009c00000000
0100a000000005
0200a400000000
01009800000002
01009c00000000
0100a000000005
0200a400000000
01009800000102
01009c00000000
0100a000000005
0200a400000000
01009800000202
01009c00000000
0100a000000005
0200a400000000
01009800000302
01009c00000000
0100a000000005
0200a400000000
01009800000003
01009c00000000
0100a000000005
0200a400000000
01009800000103
01009c00000000
0100a000000005
0200a400000000
01009800000203
01009c00000000
0100a000000005
0200a400000000
01009800000303
01009c00000000
0100a000000005
0200a400000000
01009800000004
01009c00000000
0100a000000005
0200a400000000
01009800000104
01009c00000000
0100a000000005
0200a400000000
01009800000204
01009c00000000
0100a000000005
0200a400000000
01009800000304
01009c00000000
0100a000000005
0200a400000000
01009800000005
01009c00000000
0100a000000005
0200a400000000
01009800000105
01009c00000000
0100a000000005
0200a400000000
01009800000205
01009c00000000
0100a000000005
0200a400000000
01009800000305
01009c00000000
0100a000000005
0200a400000000
01007400000412
02007400000412
01007800000000
01007c00000007
01008000000003
02008400000000
01007800000001
01007c00000107
01008000000003
02008400000001
01007800000002
01007c00000007
01008000000003
02008400000000
01007800000003
01007c00000007
01008000000003
02008400000000
01007800000100
01007c00000107
01008000000003
02008400000001
01007800000101
01007c00000107
01008000000003
02008400000001
01007800000102
01007c00000007
01008000000003
02008400000000
01007800000103
01007c00000107
01008000000003
02008400000001
01008800000000
01008ce8d19d7d
01009000000003
020094e8d19d7d
01008800000001
01008ce9125cf8
01009000000003
020094e9125cf8
01008800000002
01008ce9420b6e
01009000000003
020094e9420b6e
01008800000003
01008ce9422cfd
01009000000003
020094e9422cfd
01009800000000
01009c00000000
0100a000000005
0200a400000000
01009800000100
01009c00000000
0100a000000005
0200a400000000
01009800000200
01009c00000000
0100a000000005
0200a400000000
01009800000300
01009c00000000
0100a000000005
0200a400000000
01009800000001
01009c00000000
0100a000000005
0200a400000000
01009800000101
01009c00000000
0100a000000005
0200a400000000
01009800000201
01009c00000000
0100a000000005
0200a400000000
01009800000301
01009c00000000
0100a000000005
0200a400000000
01009800000002
01009c00000000
0100a000000005
0200a400000000
01009800000102
01009c00000000
0100a000000005
0200a400000000
01009800000202
01009c00000000
0100a000000005
0200a400000000
01009800000302
01009c00000000
0100a000000005
0200a400000000
01009800000003
01009c00000000
0100a000000005
0200a400000000
01009800000103
01009c00000000
0100a000000005
0200a400000000
01009800000203
01009c00000000
0100a000000005
0200a400000000
01009800000303
01009c00000000
0100a000000005
0200a400000000
01009800000004
01009c00000000
0100a000000005
0200a400000000
01009800000104
01009c00000000
0100a000000005
0200a400000000
01009800000204
01009c00000000
0100a000000005
0200a400000000
01009800000304
01009c00000000
0100a000000005
0200a400000000
01009800000005
01009c00000000
0100a000000005
0200a400000000
01009800000105
01009c00000000
0100a000000005
0200a400000000
01009800000205
01009c00000000
0100a000000005
0200a400000000
01009800000305
01009c00000000
0100a000000005
0200a400000000
01007400000512
02007400000512
01007800000000
01007c00000007
01008000000003
02008400000000
01007800000001
01007c00000107
01008000000003
02008400000001
01007800000002
01007c00000107
01008000000003
02008400000001
01007800000003
01007c00000007
01008000000003
02008400000000
01007800000100
01007c00000007
01008000000003
02008400000000
01007800000101
01007c00000107
01008000000003
02008400000001
01007800000102
01007c00000007
01008000000003
02008400000000
01007800000103
01007c00000107
01008000000003
02008400000001
01008800000000
01008ce98e6298
01009000000003
020094e98e6298
01008800000001
01008ce9aae5a3
01009000000003
020094e9aae5a3
01008800000002
01008ce9c9e100
01009000000003
020094e9c9e100
01008800000003
01008ce9e40711
01009000000003
020094e9e40711
01009800000000
01009c00000000
0100a000000005
0200a400000000
01009800000100
01009c00000000
0100a000000005
0200a400000000
01009800000200
01009c00000000
0100a000000005
0200a400000000
01009800000300
01009c00000000
0100a000000005
0200a400000000
01009800000001
01009c00000000
0100a000000005
0200a400000000
01009800000101
01009c00000000
0100a000000005
0200a400000000
01009800000201
01009c00000000
0100a000000005
0200a400000000
01009800000301
01009c00000000
0100a000000005
0200a400000000
01009800000002
01009c00000000
0100a000000005
0200a400000000
01009800000102
01009c00000000
0100a000000005
0200a400000000
01009800000202
01009c00000000
0100a000000005
0200a400000000
01009800000302
01009c00000000
0100a000000005
0200a400000000
01009800000003
01009c00000000
0100a000000005
0200a400000000
01009800000103
01009c00000000
0100a000000005
0200a400000000
01009800000203
01009c00000000
0100a000000005
0200a400000000
01009800000303
01009c00000000
0100a000000005
0200a400000000
01009800000004
01009c00000000
0100a000000005
0200a400000000
01009800000104
01009c00000000
0100a000000005
0200a400000000
01009800000204
01009c00000000
0100a000000005
0200a400000000
01009800000304
01009c00000000
0100a000000005
0200a400000000
01009800000005
01009c00000000
0100a000000005
0200a400000000
01009800000105
01009c00000000
0100a000000005
0200a400000000
01009800000205
01009c00000000
0100a000000005
0200a400000000
01009800000305
01009c00000000
0100a000000005
0200a400000000
01007400000612
02007400000612
01007800000000
01007c00000107
01008000000003
02008400000001
01007800000001
01007c00000007
01008000000003
02008400000000
01007800000002
01007c00000007
01008000000003
02008400000000
01007800000003
01007c00000007
01008000000003
02008400000000
01007800000100
01007c00000007
01008000000003
02008400000000
01007800000101
01007c00000007
01008000000003
02008400000000
01007800000102
01007c00000107
01008000000003
02008400000001
01007800000103
01007c00000107
01008000000003
02008400000001
01008800000000
01008cea1f8e4d
01009000000003
020094ea1f8e4d
01008800000001
01008cea5ea3f7
01009000000003
020094ea5ea3f7
01008800000002
01008cea7c29c2
01009000000003
020094ea7c29c2
01008800000003
01008ceaa789af
01009000000003
020094eaa789af
01009800000000
01009c00000000
0100a000000005
0200a400000000
01009800000100
01009c00000000
0100a000000005
0200a400000000
01009800000200
01009c00000000
0100a000000005
0200a400000000
01009800000300
01009c00000000
0100a000000005
0200a400000000
01009800000001
01009c00000000
0100a000000005
0200a400000000
01009800000101
01009c00000000
0100a000000005
0200a400000000
01009800000201
01009c00000000
0100a000000005
0200a400000000
01009800000301
01009c00000000
0100a000000005
0200a400000000
01009800000002
01009c00000000
0100a000000005
0200a400000000
01009800000102
01009c00000000
0100a000000005
0200a400000000
01009800000202
01009c00000000
0100a000000005
0200a400000000
01009800000302
01009c00000000
0100a000000005
0200a400000000
01009800000003
01009c00000000
0100a000000005
0200a400000000
01009800000103
01009c00000000
0100a000000005
0200a400000000
01009800000203
01009c00000000
0100a000000005
0200a400000000
01009800000303
01009c00000000
0100a000000005
0200a400000000
01009800000004
01009c00000000
0100a000000005
0200a400000000
01009800000104
01009c00000000
0100a000000005
0200a400000000
01009800000204
01009c00000000
0100a000000005
0200a400000000
01009800000304
01009c00000000
0100a000000005
0200a400000000
01009800000005
01009c00000000
0100a000000005
0200a400000000
01009800000105
01009c00000000
0100a000000005
0200a400000000
01009800000205
01009c00000000
0100a000000005
0200a400000000
01009800000305
01009c00000000
0100a000000005
0200a400000000
01007400000712
02007400000712
01007800000000
01007c00000007
01008000000003
02008400000000
01007800000001
01007c00000007
01008000000003
02008400000000
01007800000002
01007c00000007
01008000000003
02008400000000
01007800000003
01007c00000107
01008000000003
02008400000001
01007800000100
01007c00000107
01008000000003
02008400000001
01007800000101
01007c00000107
01008000000003
02008400000001
01007800000102
01007c00000007
01008000000003
02008400000000
01007800000103
01007c00000007
01008000000003
02008400000000
01008800000000
01008ceaf47103
01009000000003
020094eaf47103
01008800000001
01008ceb49279a
01009000000003
020094eb49279a
01008800000002
01008ceb8fa89b
01009000000003
020094eb8fa89b
01008800000003
01008cebf55b57
01009000000003
020094ebf55b57
01009800000000
01009c00000000
0100a000000005
0200a400000000
01009800000100
01009c00000000
0100a000000005
0200a400000000
01009800000200
01009c00000000
0100a000000005
0200a400000000
01009800000300
01009c00000000
0100a000000005
0200a400000000
01009800000001
01009c00000000
0100a000000005
0200a400000000
01009800000101
01009c00000000
0100a000000005
0200a400000000
01009800000201
01009c00000000
0100a000000005
0200a400000000
01009800000301
01009c00000000
0100a000000005
0200a400000000
01009800000002
01009c00000000
0100a000000005
0200a400000000
01009800000102
01009c00000000
0100a000000005
0200a400000000
01009800000202
01009c00000000
0100a000000005
0200a400000000
01009800000302
01009c00000000
0100a000000005
0200a400000000
01009800000003
01009c00000000
0100a000000005
0200a400000000
01009800000103
01009c00000000
0100a000000005
0200a400000000
01009800000203
01009c00000000
0100a000000005
0200a400000000
01009800000303
01009c00000000
0100a000000005
0200a400000000
01009800000004
01009c00000000
0100a000000005
0200a400000000
01009800000104
01009c00000000
0100a000000005
0200a400000000
01009800000204
01009c00000000
0100a000000005
0200a400000000
01009800000304
01009c00000000
0100a000000005
0200a400000000
01009800000005
01009c00000000
0100a000000005
0200a400000000
01009800000105
01009c00000000
0100a000000005
0200a400000000
01009800000205
01009c00000000
0100a000000005
0200a400000000
01009800000305
01009c00000000
0100a000000005
0200a400000000
01007400000812
02007400000812
01007800000000
01007c00000107
01008000000003
02008400000001
01007800000001
01007c00000007
01008000000003
02008400000000
01007800000002
01007c00000107
01008000000003
02008400000001
01007800000003
01007c00000007
01008000000003
02008400000000
01007800000100
01007c00000007
01008000000003
02008400000000
01007800000101
01007c00000007
01008000000003
02008400000000
01007800000102
01007c00000107
01008000000003
02008400000001
01007800000103
01007c00000007
01008000000003
02008400000000
01008800000000
01008cec662ed6
01009000000003
020094ec662ed6
01008800000001
01008cecb224be
01009000000003
020094ecb224be
01008800000002
01008ced26c809
01009000000003
020094ed26c809
01008800000003
01008ced47cfd0
01009000000003
020094ed47cfd0
01009800000000
01009c00000000
0100a000000005
0200a400000000
01009800000100
01009c00000000
0100a000000005
0200a400000000
01009800000200
01009c00000000
0100a000000005
0200a400000000
01009800000300
01009c00000000
0100a000000005
0200a400000000
01009800000001
01009c00000000
0100a000000005
0200a400000000
01009800000101
01009c00000000
0100a000000005
0200a400000000
01009800000201
01009c00000000
0100a000000005
0200a400000000
01009800000301
01009c00000000
0100a000000005
0200a400000000
01009800000002
01009c00000000
0100a000000005
0200a400000000
01009800000102
01009c00000000
0100a000000005
0200a400000000
01009800000202
01009c00000000
0100a000000005
0200a400000000
01009800000302
01009c00000000
0100a000000005
0200a400000000
01009800000003
01009c00000000
0100a000000005
0200a400000000
01009800000103
01009c00000000
0100a000000005
0200a400000000
01009800000203
01009c00000000
0100a000000005
0200a400000000
01009800000303
01009c00000000
0100a000000005
0200a400000000
01009800000004
01009c00000000
0100a000000005
0200a400000000
01009800000104
01009c00000000
0100a000000005
0200a400000000
01009800000204
01009c00000000
0100a000000005
0200a400000000
01009800000304
01009c00000000
0100a000000005
0200a400000000
01009800000005
01009c00000000
0100a000000005
0200a400000000
01009800000105
01009c00000000
0100a000000005
0200a400000000
01009800000205
01009c00000000
0100a000000005
0200a400000000
01009800000305
01009c00000000
0100a000000005
0200a400000000
01007400000912
02007400000912
01007800000000
01007c00000107
01008000000003
02008400000001
01007800000001
01007c00000007
01008000000003
02008400000000
01007800000002
01007c00000007
01008000000003
02008400000000
01007800000003
01007c00000007
01008000000003
02008400000000
01007800000100
01007c00000107
01008000000003
02008400000001
01007800000101
01007c00000107
01008000000003
02008400000001
01007800000102
01007c00000007
01008000000003
02008400000000
01007800000103
01007c00000007
01008000000003
02008400000000
01008800000000
01008ced500ae9
01009000000003
020094ed500ae9
01008800000001
01008ced822c32
01009000000003
020094ed822c32
01008800000002
01008ced94a955
01009000000003
020094ed94a955
01008800000003
01008ced9e3a4e
01009000000003
020094ed9e3a4e
01009800000000
01009c00000000
0100a000000005
0200a400000000
01009800000100
01009c00000000
0100a000000005
0200a400000000
01009800000200
01009c00000000
0100a000000005
0200a400000000
01009800000300
01009c00000000
0100a000000005
0200a400000000
01009800000001
01009c00000000
0100a000000005
0200a400000000
01009800000101
01009c00000000
0100a000000005
0200a400000000
01009800000201
01009c00000000
0100a000000005
0200a400000000
01009800000301
01009c00000000
0100a000000005
0200a400000000
01009800000002
01009c00000000
0100a000000005
0200a400000000
01009800000102
01009c00000000
0100a000000005
0200a400000000
01009800000202
01009c00000000
0100a000000005
0200a400000000
01009800000302
01009c00000000
0100a000000005
0200a400000000
01009800000003
01009c00000000
0100a000000005
0200a400000000
01009800000103
01009c00000000
0100a000000005
0200a400000000
01009800000203
01009c00000000
0100a000000005
0200a400000000
01009800000303
01009c00000000
0100a000000005
0200a400000000
01009800000004
01009c00000000
0100a000000005
0200a400000000
01009800000104
01009c00000000
0100a000000005
0200a400000000
01009800000204
01009c00000000
0100a000000005
0200a400000000
01009800000304
01009c00000000
0100a000000005
0200a400000000
01009800000005
01009c00000000
0100a000000005
0200a400000000
01009800000105
01009c00000000
0100a000000005
0200a400000000
01009800000205
01009c00000000
0100a000000005
0200a400000000
01009800000305
01009c00000000
0100a000000005
0200a400000000
01007400000a12
02007400000a12
01007800000000
01007c00000107
01008000000003
02008400000001
01007800000001
01007c00000007
01008000000003
02008400000000
01007800000002
01007c00000007
01008000000003
02008400000000
01007800000003
01007c00000107
01008000000003
02008400000001
01007800000100
01007c00000107
01008000000003
02008400000001
01007800000101
01007c00000007
01008000000003
02008400000000
01007800000102
01007c00000107
01008000000003
02008400000001
01007800000103
01007c00000007
01008000000003
02008400000000
01008800000000
01008ceda854b9
01009000000003
020094eda854b9
01008800000001
01008cedd29bd2
01009000000003
020094edd29bd2
01008800000002
01008cee2e1a67
01009000000003
020094ee2e1a67
01008800000003
01008cee3a3fdc
01009000000003
020094ee3a3fdc
01009800000000
01009c00000000
0100a000000005
0200a400000000
01009800000100
01009c00000000
0100a000000005
0200a400000000
01009800000200
01009c00000000
0100a000000005
0200a400000000
01009800000300
01009c00000000
0100a000000005
0200a400000000
01009800000001
01009c00000000
0100a000000005
0200a400000000
01009800000101
01009c00000000
0100a000000005
0200a400000000
01009800000201
01009c00000000
0100a000000005
0200a400000000
01009800000301
01009c00000000
0100a000000005
0200a400000000
01009800000002
01009c00000000
0100a000000005
0200a400000000
01009800000102
01009c00000000
0100a000000005
0200a400000000
01009800000202
01009c00000000
0100a000000005
0200a400000000
01009800000302
01009c00000000
0100a000000005
0200a400000000
01009800000003
01009c00000000
0100a000000005
0200a400000000
01009800000103
01009c00000000
0100a000000005
0200a400000000
01009800000203
01009c00000000
0100a000000005
0200a400000000
01009800000303
01009c00000000
0100a000000005
0200a400000000
01009800000004
01009c00000000
0100a000000005
0200a400000000
01009800000104
01009c00000000
0100a000000005
0200a400000000
01009800000204
01009c00000000
0100a000000005
0200a400000000
01009800000304
01009c00000000
0100a000000005
0200a400000000
01009800000005
01009c00000000
0100a000000005
0200a400000000
01009800000105
01009c00000000
0100a000000005
0200a400000000
01009800000205
01009c00000000
0100a000000005
0200a400000000
01009800000305
01009c00000000
0100a000000005
0200a400000000
01007400000b12
02007400000b12
01007800000000
01007c00000007
01008000000003
02008400000000
01007800000001
01007c00000007
01008000000003
02008400000000
01007800000002
01007c00000007
01008000000003
02008400000000
01007800000003
01007c00000107
01008000000003
02008400000001
01007800000100
01007c00000107
01008000000003
02008400000001
01007800000101
01007c00000107
01008000000003
02008400000001
01007800000102
01007c00000107
01008000000003
02008400000001
01007800000103
01007c00000007
01008000000003
02008400000000
01008800000000
01008cee5e1fd0
01009000000003
020094ee5e1fd0
01008800000001
01008cee64bf58
01009000000003
020094ee64bf58
01008800000002
01008cee7ac9d1
01009000000003
020094ee7ac9d1
01008800000003
01008ceeb35577
01009000000003
020094eeb35577
01009800000000
01009c00000000
0100a000000005
0200a400000000
01009800000100
01009c00000000
0100a000000005
0200a400000000
01009800000200
01009c00000000
0100a000000005
0200a400000000
01009800000300
01009c00000000
0100a000000005
0200a400000000
01009800000001
01009c00000000
0100a000000005
0200a400000000
01009800000101
01009c00000000
0100a000000005
0200a400000000
01009800000201
01009c00000000
0100a000000005
0200a400000000
01009800000301
01009c00000000
0100a000000005
0200a400000000
01009800000002
01009c00000000
0100a000000005
0200a400000000
01009800000102
01009c00000000
0100a000000005
0200a400000000
01009800000202
01009c00000000
0100a000000005
0200a400000000
01009800000302
01009c00000000
0100a000000005
0200a400000000
01009800000003
01009c00000000
0100a000000005
0200a400000000
01009800000103
01009c00000000
0100a000000005
0200a400000000
01009800000203
01009c00000000
0100a000000005
0200a400000000
01009800000303
01009c00000000
0100a000000005
0200a400000000
01009800000004
01009c00000000
0100a000000005
0200a400000000
01009800000104
01009c00000000
0100a000000005
0200a400000000
01009800000204
01009c00000000
0100a000000005
0200a400000000
01009800000304
01009c00000000
0100a000000005
0200a400000000
01009800000005
01009c00000000
0100a000000005
0200a400000000
01009800000105
01009c00000000
0100a000000005
0200a400000000
01009800000205
01009c00000000
0100a000000005
0200a400000000
01009800000305
01009c00000000
0100a000000005
0200a400000000
01007400000c12
02007400000c12
01007800000000
01007c00000007
01008000000003
02008400000000
01007800000001
01007c00000007
01008000000003
02008400000000
01007800000002
01007c00000007
01008000000003
02008400000000
01007800000003
01007c00000107
01008000000003
02008400000001
01007800000100
01007c00000107
01008000000003
02008400000001
01007800000101
01007c00000007
01008000000003
02008400000000
01007800000102
01007c00000107
01008000000003
02008400000001
01007800000103
01007c00000107
01008000000003
02008400000001
01008800000000
01008ceeca735f
01009000000003
020094eeca735f
01008800000001
01008cef11d2ca
01009000000003
020094ef11d2ca
01008800000002
01008cef42832f
01009000000003
020094ef42832f
01008800000003
01008cefa2a5cd
01009000000003
020094efa2a5cd
01009800000000
01009c00000000
0100a000000005
0200a400000000
01009800000100
01009c00000000
0100a000000005
0200a400000000
01009800000200
01009c00000000
0100a000000005
0200a400000000
01009800000300
01009c00000000
0100a000000005
0200a400000000
01009800000001
01009c00000000
0100a000000005
0200a400000000
01009800000101
01009c00000000
0100a000000005
0200a400000000
01009800000201
01009c00000000
0100a000000005
0200a400000000
01009800000301
01009c00000000
0100a000000005
0200a400000000
01009800000002
01009c00000000
0100a000000005
0200a400000000
01009800000102
01009c00000000
0100a000000005
0200a400000000
01009800000202
01009c00000000
0100a000000005
0200a400000000
01009800000302
01009c00000000
0100a000000005
0200a400000000
01009800000003
01009c00000000
0100a000000005
0200a400000000
01009800000103
01009c00000000
0100a000000005
0200a400000000
01009800000203
01009c00000000
0100a000000005
0200a400000000
01009800000303
01009c00000000
0100a000000005
0200a400000000
01009800000004
01009c00000000
0100a000000005
0200a400000000
01009800000104
01009c00000000
0100a000000005
0200a400000000
01009800000204
01009c00000000
0100a000000005
0200a400000000
01009800000304
01009c00000000
0100a000000005
0200a400000000
01009800000005
01009c00000000
0100a000000005
0200a400000000
01009800000105
01009c00000000
0100a000000005
0200a400000000
01009800000205
01009c00000000
0100a000000005
0200a400000000
01009800000305
01009c00000000
0100a000000005
0200a400000000
01007400000d12
02007400000d12
01007800000000
01007c00000107
01008000000003
02008400000001
01007800000001
01007c00000107
01008000000003
02008400000001
01007800000002
01007c00000107
01008000000003
02008400000001
01007800000003
01007c00000007
01008000000003
02008400000000
01007800000100
01007c00000107
01008000000003
02008400000001
01007800000101
01007c00000007
01008000000003
02008400000000
01007800000102
01007c00000107
01008000000003
02008400000001
01007800000103
01007c00000107
01008000000003
02008400000001
01008800000000
01008cefa6a23d
01009000000003
020094efa6a23d
01008800000001
01008cefb1d5c7
01009000000003
020094efb1d5c7
01008800000002
01008cefb1f77e
01009000000003
020094efb1f77e
01008800000003
01008cefc529a8
01009000000003
020094efc529a8
01009800000000
01009c00000000
0100a000000005
0200a400000000
01009800000100
01009c00000000
0100a000000005
0200a400000000
01009800000200
01009c00000000
0100a000000005
0200a400000000
01009800000300
01009c00000000
0100a000000005
0200a400000000
01009800000001
01009c00000000
0100a000000005
0200a400000000
01009800000101
01009c00000000
0100a000000005
0200a400000000
01009800000201
01009c00000000
0100a000000005
0200a400000000
01009800000301
01009c00000000
0100a000000005
0200a400000000
01009800000002
01009c00000000
0100a000000005
0200a400000000
01009800000102
01009c00000000
0100a000000005
0200a400000000
01009800000202
01009c00000000
0100a000000005
0200a400000000
01009800000302
01009c00000000
0100a000000005
0200a400000000
01009800000003
01009c00000000
0100a000000005
0200a400000000
01009800000103
01009c00000000
0100a000000005
0200a400000000
01009800000203
01009c00000000
0100a000000005
0200a400000000
01009800000303
01009c00000000
0100a000000005
0200a400000000
01009800000004
01009c00000000
0100a000000005
0200a400000000
01009800000104
01009c00000000
0100a000000005
0200a400000000
01009800000204
01009c00000000
0100a000000005
0200a400000000
01009800000304
01009c00000000
0100a000000005
0200a400000000
01009800000005
01009c00000000
0100a000000005
0200a400000000
01009800000105
01009c00000000
0100a000000005
0200a400000000
01009800000205
01009c00000000
0100a000000005
0200a400000000
01009800000305
01009c00000000
0100a000000005
0200a400000000
01007400000e12
02007400000e12
01007800000000
01007c00000107
01008000000003
02008400000001
01007800000001
01007c00000107
01008000000003
02008400000001
01007800000002
01007c00000107
01008000000003
02008400000001
01007800000003
01007c00000007
01008000000003
02008400000000
01007800000100
01007c00000107
01008000000003
02008400000001
01007800000101
01007c00000107
01008000000003
02008400000001
01007800000102
01007c00000107
01008000000003
02008400000001
01007800000103
01007c00000007
01008000000003
02008400000000
01008800000000
01008cefcccb16
01009000000003
020094efcccb16
01008800000001
01008cefd187a6
01009000000003
020094efd187a6
01008800000002
01008cefd4b85f
01009000000003
020094efd4b85f
01008800000003
01008cefe6d1f5
01009000000003
020094efe6d1f5
01009800000000
01009c00000000
0100a000000005
0200a400000000
01009800000100
01009c00000000
0100a000000005
0200a400000000
01009800000200
01009c00000000
0100a000000005
0200a400000000
01009800000300
01009c00000000
0100a000000005
0200a400000000
01009800000001
01009c00000000
0100a000000005
0200a400000000
01009800000101
01009c00000000
0100a000000005
0200a400000000
01009800000201
01009c00000000
0100a000000005
0200a400000000
01009800000301
01009c00000000
0100a000000005
0200a400000000
01009800000002
01009c00000000
0100a000000005
0200a400000000
01009800000102
01009c00000000
0100a000000005
0200a400000000
01009800000202
01009c00000000
0100a000000005
0200a400000000
01009800000302
01009c00000000
0100a000000005
0200a400000000
01009800000003
01009c00000000
0100a000000005
0200a400000000
01009800000103
01009c00000000
0100a000000005
0200a400000000
01009800000203
01009c00000000
0100a000000005
0200a400000000
01009800000303
01009c00000000
0100a000000005
0200a400000000
01009800000004
01009c00000000
0100a000000005
0200a400000000
01009800000104
01009c00000000
0100a000000005
0200a400000000
01009800000204
01009c00000000
0100a000000005
0200a400000000
01009800000304
01009c00000000
0100a000000005
0200a400000000
01009800000005
01009c00000000
0100a000000005
0200a400000000
01009800000105
01009c00000000
0100a000000005
0200a400000000
01009800000205
01009c00000000
0100a000000005
0200a400000000
01009800000305
01009c00000000
0100a000000005
0200a400000000
01007400000f12
02007400000f12
01007800000000
01007c00000107
01008000000003
02008400000001
01007800000001
01007c00000007
01008000000003
02008400000000
01007800000002
01007c00000007
01008000000003
02008400000000
01007800000003
01007c00000107
01008000000003
02008400000001
01007800000100
01007c00000107
01008000000003
02008400000001
01007800000101
01007c00000007
01008000000003
02008400000000
01007800000102
01007c00000107
01008000000003
02008400000001
01007800000103
01007c00000007
01008000000003
02008400000000
01008800000000
01008ceff0b720
01009000000003
020094eff0b720
01008800000001
01008cf0080521
01009000000003
020094f0080521
01008800000002
01008cf011ee9c
01009000000003
020094f011ee9c
01008800000003
01008cf01acd3f
01009000000003
020094f01acd3f
01009800000000
01009c00000000
0100a000000005
0200a400000000
01009800000100
01009c00000000
0100a000000005
0200a400000000
01009800000200
01009c00000000
0100a000000005
0200a400000000
01009800000300
01009c00000000
0100a000000005
0200a400000000
01009800000001
01009c00000000
0100a000000005
0200a400000000
01009800000101
01009c00000000
0100a000000005
0200a400000000
01009800000201
01009c00000000
0100a000000005
0200a400000000
01009800000301
01009c00000000
0100a000000005
0200a400000000
01009800000002
01009c00000000
0100a000000005
0200a400000000
01009800000102
01009c00000000
0100a000000005
0200a400000000
01009800000202
01009c00000000
0100a000000005
0200a400000000
01009800000302
01009c00000000
0100a000000005
0200a400000000
01009800000003
01009c00000000
0100a000000005
0200a400000000
01009800000103
01009c00000000
0100a000000005
0200a400000000
01009800000203
01009c00000000
0100a000000005
0200a400000000
01009800000303
01009c00000000
0100a000000005
0200a400000000
01009800000004
01009c00000000
0100a000000005
0200a400000000
01009800000104
01009c00000000
0100a000000005
0200a400000000
01009800000204
01009c00000000
0100a000000005
0200a400000000
01009800000304
01009c00000000
0100a000000005
0200a400000000
01009800000005
01009c00000000
0100a000000005
0200a400000000
01009800000105
01009c00000000
0100a000000005
0200a400000000
01009800000205
01009c00000000
0100a000000005
0200a400000000
01009800000305
01009c00000000
0100a000000005
0200a400000000
01007400001012
02007400001012
01007800000000
01007c00000007
01008000000003
02008400000000
01007800000001
01007c00000007
01008000000003
02008400000000
01007800000002
01007c00000107
01008000000003
02008400000001
01007800000003
01007c00000007
01008000000003
02008400000000
01007800000100
01007c00000107
01008000000003
02008400000001
01007800000101
01007c00000007
01008000000003
02008400000000
01007800000102
01007c00000107
01008000000003
02008400000001
01007800000103
01007c00000107
01008000000003
02008400000001
01008800000000
01008cf0314446
01009000000003
020094f0314446
01008800000001
01008cf04ea76f
01009000000003
020094f04ea76f
01008800000002
01008cf072816c
01009000000003
020094f072816c
01008800000003
01008cf0a31f47
01009000000003
020094f0a31f47
01009800000000
01009c00000000
0100a000000005
0200a400000000
01009800000100
01009c00000000
0100a000000005
0200a400000000
01009800000200
01009c00000000
0100a000000005
0200a400000000
01009800000300
01009c00000000
0100a000000005
0200a400000000
01009800000001
01009c00000000
0100a000000005
0200a400000000
01009800000101
01009c00000000
0100a000000005
0200a400000000
01009800000201
01009c00000000
0100a000000005
0200a400000000
01009800000301
01009c00000000
0100a000000005
0200a400000000
01009800000002
01009c00000000
0100a000000005
0200a400000000
01009800000102
01009c00000000
0100a000000005
0200a400000000
01009800000202
01009c00000000
0100a000000005
0200a400000000
01009800000302
01009c00000000
0100a000000005
0200a400000000
01009800000003
01009c00000000
0100a000000005
0200a400000000
01009800000103
01009c00000000
0100a000000005
0200a400000000
01009800000203
01009c00000000
0100a000000005
0200a400000000
01009800000303
01009c00000000
0100a000000005
0200a400000000
01009800000004
01009c00000000
0100a000000005
0200a400000000
01009800000104
01009c00000000
0100a000000005
0200a400000000
01009800000204
01009c00000000
0100a000000005
0200a400000000
01009800000304
01009c00000000
0100a000000005
0200a400000000
01009800000005
01009c00000000
0100a000000005
0200a400000000
01009800000105
01009c00000000
0100a000000005
0200a400000000
01009800000205
01009c00000000
0100a000000005
0200a400000000
01009800000305
01009c00000000
0100a000000005
0200a400000000
01007400001112
02007400001112
01007800000000
01007c00000007
01008000000003
02008400000000
01007800000001
01007c00000007
01008000000003
02008400000000
01007800000002
01007c00000007
01008000000003
02008400000000
01007800000003
01007c00000107
01008000000003
02008400000001
01007800000100
01007c00000107
01008000000003
02008400000001
01007800000101
01007c00000007
01008000000003
02008400000000
01007800000102
01007c00000107
01008000000003
02008400000001
01007800000103
01007c00000007
01008000000003
02008400000000
01008800000000
01008cf0d7eb56
01009000000003
020094f0d7eb56
01008800000001
01008cf1446bd8
01009000000003
020094f1446bd8
01008800000002
01008cf147c8a4
01009000000003
020094f147c8a4
01008800000003
01008cf1b7215c
01009000000003
020094f1b7215c
01009800000000
01009c00000000
0100a000000005
0200a400000000
01009800000100
01009c00000000
0100a000000005
0200a400000000
01009800000200
01009c00000000
0100a000000005
0200a400000000
01009800000300
01009c00000000
0100a000000005
0200a400000000
01009800000001
01009c00000000
0100a000000005
0200a400000000
01009800000101
01009c00000000
0100a000000005
0200a400000000
01009800000201
01009c00000000
0100a000000005
0200a400000000
01009800000301
01009c00000000
0100a000000005
0200a400000000
01009800000002
01009c00000000
0100a000000005
0200a400000000
01009800000102
01009c00000000
0100a000000005
0200a400000000
01009800000202
01009c00000000
0100a000000005
0200a400000000
01009800000302
01009c00000000
0100a000000005
0200a400000000
01009800000003
01009c00000000
0100a000000005
0200a400000000
01009800000103
01009c00000000
0100a000000005
0200a400000000
01009800000203
01009c00000000
0100a000000005
0200a400000000
01009800000303
01009c00000000
0100a000000005
0200a400000000
01009800000004
01009c00000000
0100a000000005
0200a400000000
01009800000104
01009c00000000
0100a000000005
0200a400000000
01009800000204
01009c00000000
0100a000000005
0200a400000000
01009800000304
01009c00000000
0100a000000005
0200a400000000
01009800000005
01009c00000000
0100a000000005
0200a400000000
01009800000105
01009c00000000
0100a000000005
0200a400000000
01009800000205
01009c00000000
0100a000000005
0200a400000000
01009800000305
01009c00000000
0100a000000005
0200a400000000
01007400001212
02007400001212
01007800000000
01007c00000007
01008000000003
02008400000000
01007800000001
01007c00000007
01008000000003
02008400000000
01007800000002
01007c00000007
01008000000003
02008400000000
01007800000003
01007c00000007
01008000000003
02008400000000
01007800000100
01007c00000007
01008000000003
02008400000000
01007800000101
01007c00000107
01008000000003
02008400000001
01007800000102
01007c00000007
01008000000003
02008400000000
01007800000103
01007c00000107
01008000000003
02008400000001
01008800000000
01008cf1e0be57
01009000000003
020094f1e0be57
01008800000001
01008cf21b883d
01009000000003
020094f21b883d
01008800000002
01008cf224c9a0
01009000000003
020094f224c9a0
01008800000003
01008cf23a8a1e
01009000000003
020094f23a8a1e
01009800000000
01009c00000000
0100a000000005
0200a400000000
01009800000100
01009c00000000
0100a000000005
0200a400000000
01009800000200
01009c00000000
0100a000000005
0200a400000000
01009800000300
01009c00000000
0100a000000005
0200a400000000
01009800000001
01009c00000000
0100a000000005
0200a400000000
01009800000101
01009c00000000
0100a000000005
0200a400000000
01009800000201
01009c00000000
0100a000000005
0200a400000000
01009800000301
01009c00000000
0100a000000005
0200a400000000
01009800000002
01009c00000000
0100a000000005
0200a400000000
01009800000102
01009c00000000
0100a000000005
0200a400000000
01009800000202
01009c00000000
0100a000000005
0200a400000000
01009800000302
01009c00000000
0100a000000005
0200a400000000
01009800000003
01009c00000000
0100a000000005
0200a400000000
01009800000103
01009c00000000
0100a000000005
0200a400000000
01009800000203
01009c00000000
0100a000000005
0200a400000000
01009800000303
01009c00000000
0100a000000005
0200a400000000
01009800000004
01009c00000000
0100a000000005
0200a400000000
01009800000104
01009c00000000
0100a000000005
0200a400000000
01009800000204
01009c00000000
0100a000000005
0200a400000000
01009800000304
01009c00000000
0100a000000005
0200a400000000
01009800000005
01009c00000000
0100a000000005
0200a400000000
01009800000105
01009c00000000
0100a000000005
0200a400000000
01009800000205
01009c00000000
0100a000000005
0200a400000000
01009800000305
01009c00000000
0100a000000005
0200a400000000
01007400001312
02007400001312
01007800000000
01007c00000107
01008000000003
02008400000001
01007800000001
01007c00000007
01008000000003
02008400000000
01007800000002
01007c00000007
01008000000003
02008400000000
01007800000003
01007c00000107
01008000000003
02008400000001
01007800000100
01007c00000107
01008000000003
02008400000001
01007800000101
01007c00000107
01008000000003
02008400000001
01007800000102
01007c00000107
01008000000003
02008400000001
01007800000103
01007c00000007
01008000000003
02008400000000
01008800000000
01008cf2889dc3
01009000000003
020094f2889dc3
01008800000001
01008cf2949568
01009000000003
020094f2949568
01008800000002
01008cf29ab744
01009000000003
020094f29ab744
01008800000003
01008cf2ac0830
01009000000003
020094f2ac0830
01009800000000
01009c00000000
0100a000000005
0200a400000000
01009800000100
01009c00000000
0100a000000005
0200a400000000
01009800000200
01009c00000000
0100a000000005
0200a400000000
01009800000300
01009c00000000
0100a000000005
0200a400000000
01009800000001
01009c00000000
0100a000000005
0200a400000000
01009800000101
01009c00000000
0100a000000005
0200a400000000
01009800000201
01009c00000000
0100a000000005
0200a400000000
01009800000301
01009c00000000
0100a000000005
0200a400000000
01009800000002
01009c00000000
0100a000000005
0200a400000000
01009800000102
01009c00000000
0100a000000005
0200a400000000
01009800000202
01009c00000000
0100a000000005
0200a400000000
01009800000302
01009c00000000
0100a000000005
0200a400000000
01009800000003
01009c00000000
0100a000000005
0200a400000000
01009800000103
01009c00000000
0100a000000005
0200a400000000
01009800000203
01009c00000000
0100a000000005
0200a400000000
01009800000303
01009c00000000
0100a000000005
0200a400000000
01009800000005
01009c00000000
0100a000000005
0200a400000000
01009800000105
01009c00000000
0100a000000005
0200a400000000
01009800000205
01009c00000000
0100a000000005
0200a400000000
01009800000305
01009c00000000
0100a000000005
0200a400000000
01007400000013
02007400000013
01007800000000
01007c00000107
01008000000003
02008400000001
01007800000001
01007c00000007
01008000000003
02008400000000
01007800000002
01007c00000107
01008000000003
02008400000001
01007800000003
01007c00000107
01008000000003
02008400000001
01007800000100
01007c00000007
01008000000003
02008400000000
01007800000101
01007c00000107
01008000000003
02008400000001
01007800000102
01007c00000007
01008000000003
02008400000000
01007800000103
01007c00000007
01008000000003
02008400000000
01008800000000
01008cf2b9344b
01009000000003
020094f2b9344b
01008800000001
01008cf2c3a1b0
01009000000003
020094f2c3a1b0
01008800000002
01008cf2d54f1c
01009000000003
020094f2d54f1c
01008800000003
01008cf2da4af8
01009000000003
020094f2da4af8
01009800000000
01009c00000000
0100a000000005
0200a400000000
01009800000100
01009c00000000
0100a000000005
0200a400000000
01009800000200
01009c00000000
0100a000000005
0200a400000000
01009800000300
01009c00000000
0100a000000005
0200a400000000
01009800000001
01009c00000000
0100a000000005
0200a400000000
01009800000101
01009c00000000
0100a000000005
0200a400000000
01009800000201
01009c00000000
0100a000000005
0200a400000000
01009800000301
01009c00000000
0100a000000005
0200a400000000
01009800000002
01009c00000000
0100a000000005
0200a400000000
01009800000102
01009c00000000
0100a000000005
0200a400000000
01009800000202
01009c00000000
0100a000000005
0200a400000000
01009800000302
01009c00000000
0100a000000005
0200a400000000
01009800000003
01009c00000000
0100a000000005
0200a400000000
01009800000103
01009c00000000
0100a000000005
0200a400000000
01009800000203
01009c00000000
0100a000000005
0200a400000000
01009800000303
01009c00000000
0100a000000005
0200a400000000
01009800000004
01009c00000000
0100a000000005
0200a400000000
01009800000104
01009c00000000
0100a000000005
0200a400000000
01009800000204
01009c00000000
0100a000000005
0200a400000000
01009800000304
01009c00000000
0100a000000005
0200a400000000
01007400000113
02007400000113
01007800000000
01007c00000007
01008000000003
02008400000000
01007800000001
01007c00000007
01008000000003
02008400000000
01007800000002
01007c00000007
01008000000003
02008400000000
01007800000003
01007c00000007
01008000000003
02008400000000
01007800000100
01007c00000107
01008000000003
02008400000001
01007800000101
01007c00000007
01008000000003
02008400000000
01007800000102
01007c00000107
01008000000003
02008400000001
01007800000103
01007c00000107
01008000000003
02008400000001
01008800000000
01008cf2dfe1a0
01009000000003
020094f2dfe1a0
01008800000001
01008cf2f072b8
01009000000003
020094f2f072b8
01008800000002
01008cf3335775
01009000000003
020094f3335775
01008800000003
01008cf37a6c78
01009000000003
020094f37a6c78
01009800000000
01009c00000000
0100a000000005
0200a400000000
01009800000100
01009c00000000
0100a000000005
0200a400000000
01009800000200
01009c00000000
0100a000000005
0200a400000000
01009800000300
01009c00000000
0100a000000005
0200a400000000
01009800000001
01009c00000000
0100a000000005
0200a400000000
01009800000101
01009c00000000
0100a000000005
0200a400000000
01009800000201
01009c00000000
0100a000000005
0200a400000000
01009800000301
01009c00000000
0100a000000005
0200a400000000
01009800000002
01009c00000000
0100a000000005
0200a400000000
01009800000102
01009c00000000
0100a000000005
0200a400000000
01009800000202
01009c00000000
0100a000000005
0200a400000000
01009800000302
01009c00000000
0100a000000005
0200a400000000
01009800000003
01009c00000000
0100a000000005
0200a400000000
01009800000103
01009c00000000
0100a000000005
0200a400000000
01009800000203
01009c00000000
0100a000000005
0200a400000000
01009800000303
01009c00000000
0100a000000005
0200a400000000
01009800000004
01009c00000000
0100a000000005
0200a400000000
01009800000104
01009c00000000
0100a000000005
0200a400000000
01009800000204
01009c00000000
0100a000000005
0200a400000000
01009800000304
01009c00000000
0100a000000005
0200a400000000
01007400000213
02007400000213
01007800000000
01007c00000007
01008000000003
02008400000000
01007800000001
01007c00000007
01008000000003
02008400000000
01007800000002
01007c00000107
01008000000003
02008400000001
01007800000003
01007c00000007
01008000000003
02008400000000
01007800000100
01007c00000007
01008000000003
02008400000000
01007800000101
01007c00000107
01008000000003
02008400000001
01007800000102
01007c00000007
01008000000003
02008400000000
01007800000103
01007c00000007
01008000000003
02008400000000
01008800000000
01008cf3cff3de
01009000000003
020094f3cff3de
01008800000001
01008cf3f25962
01009000000003
020094f3f25962
01008800000002
01008cf49516ff
01009000000003
020094f49516ff
01008800000003
01008cf4c26106
01009000000003
020094f4c26106
01009800000000
01009c00000000
0100a000000005
0200a400000000
01009800000100
01009c00000000
0100a000000005
0200a400000000
01009800000200
01009c00000000
0100a000000005
0200a400000000
01009800000300
01009c00000000
0100a000000005
0200a400000000
01009800000001
01009c00000000
0100a000000005
0200a400000000
01009800000101
01009c00000000
0100a000000005
0200a400000000
01009800000201
01009c00000000
0100a000000005
0200a400000000
01009800000301
01009c00000000
0100a000000005
0200a400000000
01009800000002
01009c00000000
0100a000000005
0200a400000000
01009800000102
01009c00000000
0100a000000005
0200a400000000
01009800000202
01009c00000000
0100a000000005
0200a400000000
01009800000302
01009c00000000
0100a000000005
0200a400000000
01009800000003
01009c00000000
0100a000000005
0200a400000000
01009800000103
01009c00000000
0100a000000005
0200a400000000
01009800000203
01009c00000000
0100a000000005
0200a400000000
01009800000303
01009c00000000
0100a000000005
0200a400000000
01009800000004
01009c00000000
0100a000000005
0200a400000000
01009800000104
01009c00000000
0100a000000005
0200a400000000
01009800000204
01009c00000000
0100a000000005
0200a400000000
01009800000304
01009c00000000
0100a000000005
0200a400000000
01007400000313
02007400000313
01007800000000
01007c00000007
01008000000003
02008400000000
01007800000001
01007c00000107
01008000000003
02008400000001
01007800000002
01007c00000107
01008000000003
02008400000001
01007800000003
01007c00000007
01008000000003
02008400000000
01007800000100
01007c00000007
01008000000003
02008400000000
01007800000101
01007c00000107
01008000000003
02008400000001
01007800000102
01007c00000007
01008000000003
02008400000000
01007800000103
01007c00000107
01008000000003
02008400000001
01008800000000
01008cf4d6dd0b
01009000000003
020094f4d6dd0b
01008800000001
01008cf4fe9a74
01009000000003
020094f4fe9a74
01008800000002
01008cf52b957b
01009000000003
020094f52b957b
01008800000003
01008cf5634916
01009000000003
020094f5634916
01009800000000
01009c00000000
0100a000000005
0200a400000000
01009800000100
01009c00000000
0100a000000005
0200a400000000
01009800000200
01009c00000000
0100a000000005
0200a400000000
01009800000300
01009c00000000
0100a000000005
0200a400000000
01009800000001
01009c00000000
0100a000000005
0200a400000000
01009800000101
01009c00000000
0100a000000005
0200a400000000
01009800000201
01009c00000000
0100a000000005
0200a400000000
01009800000301
01009c00000000
0100a000000005
0200a400000000
01009800000002
01009c00000000
0100a000000005
0200a400000000
01009800000102
01009c00000000
0100a000000005
0200a400000000
01009800000202
01009c00000000
0100a000000005
0200a400000000
01009800000302
01009c00000000
0100a000000005
0200a400000000
01009800000003
01009c00000000
0100a000000005
0200a400000000
01009800000103
01009c00000000
0100a000000005
0200a400000000
01009800000203
01009c00000000
0100a000000005
0200a400000000
01009800000303
01009c00000000
0100a000000005
0200a400000000
01009800000004
01009c00000000
0100a000000005
0200a400000000
01009800000104
01009c00000000
0100a000000005
0200a400000000
01009800000204
01009c00000000
0100a000000005
0200a400000000
01009800000304
01009c00000000
0100a000000005
0200a400000000
01007400000413
02007400000413
01007800000000
01007c00000007
01008000000003
02008400000000
01007800000001
01007c00000107
01008000000003
02008400000001
01007800000002
01007c00000107
01008000000003
02008400000001
01007800000003
01007c00000107
01008000000003
02008400000001
01007800000100
01007c00000107
01008000000003
02008400000001
01007800000101
01007c00000007
01008000000003
02008400000000
01007800000102
01007c00000107
01008000000003
02008400000001
01007800000103
01007c00000107
01008000000003
02008400000001
01008800000000
01008cf57ab389
01009000000003
020094f57ab389
01008800000001
01008cf59f1423
01009000000003
020094f59f1423
01008800000002
01008cf5a7b5cb
01009000000003
020094f5a7b5cb
01008800000003
01008cf5ae012c
01009000000003
020094f5ae012c
01009800000000
01009c00000000
0100a000000005
0200a400000000
01009800000100
01009c00000000
0100a000000005
0200a400000000
01009800000200
01009c00000000
0100a000000005
0200a400000000
01009800000300
01009c00000000
0100a000000005
0200a400000000
01009800000001
01009c00000000
0100a000000005
0200a400000000
01009800000101
01009c00000000
0100a000000005
0200a400000000
01009800000201
01009c00000000
0100a000000005
0200a400000000
01009800000301
01009c00000000
0100a000000005
0200a400000000
01009800000002
01009c00000000
0100a000000005
0200a400000000
01009800000102
01009c00000000
0100a000000005
0200a400000000
01009800000202
01009c00000000
0100a000000005
0200a400000000
01009800000302
01009c00000000
0100a000000005
0200a400000000
01009800000003
01009c00000000
0100a000000005
0200a400000000
01009800000103
01009c00000000
0100a000000005
0200a400000000
01009800000203
01009c00000000
0100a000000005
0200a400000000
01009800000303
01009c00000000
0100a000000005
0200a400000000
01009800000004
01009c00000000
0100a000000005
0200a400000000
01009800000104
01009c00000000
0100a000000005
0200a400000000
01009800000204
01009c00000000
0100a000000005
0200a400000000
01009800000304
01009c00000000
0100a000000005
0200a400000000
01007400000513
02007400000513
01007800000000
01007c00000107
01008000000003
02008400000001
01007800000001
01007c00000007
01008000000003
02008400000000
01007800000002
01007c00000107
01008000000003
02008400000001
01007800000003
01007c00000007
01008000000003
02008400000000
01007800000100
01007c00000007
01008000000003
02008400000000
01007800000101
01007c00000007
01008000000003
02008400000000
01007800000102
01007c00000107
01008000000003
02008400000001
01007800000103
01007c00000107
01008000000003
02008400000001
01008800000000
01008cf5d80dad
01009000000003
020094f5d80dad
01008800000001
01008cf60eac95
01009000000003
020094f60eac95
01008800000002
01008cf65a81b0
01009000000003
020094f65a81b0
01008800000003
01008cf6636909
01009000000003
020094f6636909
01009800000000
01009c00000000
0100a000000005
0200a400000000
01009800000100
01009c00000000
0100a000000005
0200a400000000
01009800000200
01009c00000000
0100a000000005
0200a400000000
01009800000300
01009c00000000
0100a000000005
0200a400000000
01009800000001
01009c00000000
0100a000000005
0200a400000000
01009800000101
01009c00000000
0100a000000005
0200a400000000
01009800000201
01009c00000000
0100a000000005
0200a400000000
01009800000301
01009c00000000
0100a000000005
0200a400000000
01009800000002
01009c00000000
0100a000000005
0200a400000000
01009800000102
01009c00000000
0100a000000005
0200a400000000
01009800000202
01009c00000000
0100a000000005
0200a400000000
01009800000302
01009c00000000
0100a000000005
0200a400000000
01009800000003
01009c00000000
0100a000000005
0200a400000000
01009800000103
01009c00000000
0100a000000005
0200a400000000
01009800000203
01009c00000000
0100a000000005
0200a400000000
01009800000303
01009c00000000
0100a000000005
0200a400000000
01009800000004
01009c00000000
0100a000000005
0200a400000000
01009800000104
01009c00000000
0100a000000005
0200a400000000
01009800000204
01009c00000000
0100a000000005
0200a400000000
01009800000304
01009c00000000
0100a000000005
0200a400000000
01007400000613
02007400000613
01007800000000
01007c00000107
01008000000003
02008400000001
01007800000001
01007c00000007
01008000000003
02008400000000
01007800000002
01007c00000007
01008000000003
02008400000000
01007800000003
01007c00000107
01008000000003
02008400000001
01007800000100
01007c00000107
01008000000003
02008400000001
01007800000101
01007c00000007
01008000000003
02008400000000
01007800000102
01007c00000107
01008000000003
02008400000001
01007800000103
01007c00000007
01008000000003
02008400000000
01008800000000
01008cf66b1570
01009000000003
020094f66b1570
01008800000001
01008cf70c4de9
01009000000003
020094f70c4de9
01008800000002
01008cf77cb6e2
01009000000003
020094f77cb6e2
01008800000003
01008cf7842f21
01009000000003
020094f7842f21
01009800000000
01009c00000000
0100a000000005
0200a400000000
01009800000100
01009c00000000
0100a000000005
0200a400000000
01009800000200
01009c00000000
0100a000000005
0200a400000000
01009800000300
01009c00000000
0100a000000005
0200a400000000
01009800000001
01009c00000000
0100a000000005
0200a400000000
01009800000101
01009c00000000
0100a000000005
0200a400000000
01009800000201
01009c00000000
0100a000000005
0200a400000000
01009800000301
01009c00000000
0100a000000005
0200a400000000
01009800000002
01009c00000000
0100a000000005
0200a400000000
01009800000102
01009c00000000
0100a000000005
0200a400000000
01009800000202
01009c00000000
0100a000000005
0200a400000000
01009800000302
01009c00000000
0100a000000005
0200a400000000
01009800000003
01009c00000000
0100a000000005
0200a400000000
01009800000103
01009c00000000
0100a000000005
0200a400000000
01009800000203
01009c00000000
0100a000000005
0200a400000000
01009800000303
01009c00000000
0100a000000005
0200a400000000
01009800000004
01009c00000000
0100a000000005
0200a400000000
01009800000104
01009c00000000
0100a000000005
0200a400000000
01009800000204
01009c00000000
0100a000000005
0200a400000000
01009800000304
01009c00000000
0100a000000005
0200a400000000
01007400000713
02007400000713
01007800000000
01007c00000007
01008000000003
02008400000000
01007800000001
01007c00000007
01008000000003
02008400000000
01007800000002
01007c00000007
01008000000003
02008400000000
01007800000003
01007c00000007
01008000000003
02008400000000
01007800000100
01007c00000107
01008000000003
02008400000001
01007800000101
01007c00000107
01008000000003
02008400000001
01007800000102
01007c00000107
01008000000003
02008400000001
01007800000103
01007c00000107
01008000000003
02008400000001
01008800000000
01008cf7957dda
01009000000003
020094f7957dda
01008800000001
01008cf7b6e5dd
01009000000003
020094f7b6e5dd
01008800000002
01008cf7d2d9ca
01009000000003
020094f7d2d9ca
01008800000003
01008cf7dcf906
01009000000003
020094f7dcf906
01009800000000
01009c00000000
0100a000000005
0200a400000000
01009800000100
01009c00000000
0100a000000005
0200a400000000
01009800000200
01009c00000000
0100a000000005
0200a400000000
01009800000300
01009c00000000
0100a000000005
0200a400000000
01009800000001
01009c00000000
0100a000000005
0200a400000000
01009800000101
01009c00000000
0100a000000005
0200a400000000
01009800000201
01009c00000000
0100a000000005
0200a400000000
01009800000301
01009c00000000
0100a000000005
0200a400000000
01009800000002
01009c00000000
0100a000000005
0200a400000000
01009800000102
01009c00000000
0100a000000005
0200a400000000
01009800000202
01009c00000000
0100a000000005
0200a400000000
01009800000302
01009c00000000
0100a000000005
0200a400000000
01009800000003
01009c00000000
0100a000000005
0200a400000000
01009800000103
01009c00000000
0100a000000005
0200a400000000
01009800000203
01009c00000000
0100a000000005
0200a400000000
01009800000303
01009c00000000
0100a000000005
0200a400000000
01009800000004
01009c00000000
0100a000000005
0200a400000000
01009800000104
01009c00000000
0100a000000005
0200a400000000
01009800000204
01009c00000000
0100a000000005
0200a400000000
01009800000304
01009c00000000
0100a000000005
0200a400000000
01007400000813
02007400000813
01007800000000
01007c00000107
01008000000003
02008400000001
01007800000001
01007c00000107
01008000000003
02008400000001
01007800000002
01007c00000107
01008000000003
02008400000001
01007800000003
01007c00000107
01008000000003
02008400000001
01007800000100
01007c00000007
01008000000003
02008400000000
01007800000101
01007c00000007
01008000000003
02008400000000
01007800000102
01007c00000007
01008000000003
02008400000000
01007800000103
01007c00000107
01008000000003
02008400000001
01008800000000
01008cf7f9c9ab
01009000000003
020094f7f9c9ab
01008800000001
01008cf8395394
01009000000003
020094f8395394
01008800000002
01008cf8a8d4ed
01009000000003
020094f8a8d4ed
01008800000003
01008cf8c3a6c8
01009000000003
020094f8c3a6c8
01009800000000
01009c00000000
0100a000000005
0200a400000000
01009800000100
01009c00000000
0100a000000005
0200a400000000
01009800000200
01009c00000000
0100a000000005
0200a400000000
01009800000300
01009c00000000
0100a000000005
0200a400000000
01009800000001
01009c00000000
0100a000000005
0200a400000000
01009800000101
01009c00000000
0100a000000005
0200a400000000
01009800000201
01009c00000000
0100a000000005
0200a400000000
01009800000301
01009c00000000
0100a000000005
0200a400000000
01009800000002
01009c00000000
0100a000000005
0200a400000000
01009800000102
01009c00000000
0100a000000005
0200a400000000
01009800000202
01009c00000000
0100a000000005
0200a400000000
01009800000302
01009c00000000
0100a000000005
0200a400000000
01009800000003
01009c00000000
0100a000000005
0200a400000000
01009800000103
01009c00000000
0100a000000005
0200a400000000
01009800000203
01009c00000000
0100a000000005
0200a400000000
01009800000303
01009c00000000
0100a000000005
0200a400000000
01009800000004
01009c00000000
0100a000000005
0200a400000000
01009800000104
01009c00000000
0100a000000005
0200a400000000
01009800000204
01009c00000000
0100a000000005
0200a400000000
01009800000304
01009c00000000
0100a000000005
0200a400000000
01007400000913
02007400000913
01007800000000
01007c00000007
01008000000003
02008400000000
01007800000001
01007c00000007
01008000000003
02008400000000
01007800000002
01007c00000007
01008000000003
02008400000000
01007800000003
01007c00000007
01008000000003
02008400000000
01007800000100
01007c00000107
01008000000003
02008400000001
01007800000101
01007c00000107
01008000000003
02008400000001
01007800000102
01007c00000107
01008000000003
02008400000001
01007800000103
01007c00000107
01008000000003
02008400000001
01008800000000
01008cf8d018d4
01009000000003
020094f8d018d4
01008800000001
01008cf8f14f7b
01009000000003
020094f8f14f7b
01008800000002
01008cf93336f4
01009000000003
020094f93336f4
01008800000003
01008cf9467903
01009000000003
020094f9467903
01009800000000
01009c00000000
0100a000000005
0200a400000000
01009800000100
01009c00000000
0100a000000005
0200a400000000
01009800000200
01009c00000000
0100a000000005
0200a400000000
01009800000300
01009c00000000
0100a000000005
0200a400000000
01009800000001
01009c00000000
0100a000000005
0200a400000000
01009800000101
01009c00000000
0100a000000005
0200a400000000
01009800000201
01009c00000000
0100a000000005
0200a400000000
01009800000301
01009c00000000
0100a000000005
0200a400000000
01009800000002
01009c00000000
0100a000000005
0200a400000000
01009800000102
01009c00000000
0100a000000005
0200a400000000
01009800000202
01009c00000000
0100a000000005
0200a400000000
01009800000302
01009c00000000
0100a000000005
0200a400000000
01009800000003
01009c00000000
0100a000000005
0200a400000000
01009800000103
01009c00000000
0100a000000005
0200a400000000
01009800000203
01009c00000000
0100a000000005
0200a400000000
01009800000303
01009c00000000
0100a000000005
0200a400000000
01009800000004
01009c00000000
0100a000000005
0200a400000000
01009800000104
01009c00000000
0100a000000005
0200a400000000
01009800000204
01009c00000000
0100a000000005
0200a400000000
01009800000304
01009c00000000
0100a000000005
0200a400000000
01007400000a13
02007400000a13
01007800000000
01007c00000107
01008000000003
02008400000001
01007800000001
01007c00000007
01008000000003
02008400000000
01007800000002
01007c00000007
01008000000003
02008400000000
01007800000003
01007c00000007
01008000000003
02008400000000
01007800000100
01007c00000007
01008000000003
02008400000000
01007800000101
01007c00000107
01008000000003
02008400000001
01007800000102
01007c00000107
01008000000003
02008400000001
01007800000103
01007c00000107
01008000000003
02008400000001
01008800000000
01008cf9580d63
01009000000003
020094f9580d63
01008800000001
01008cf97bd1a8
01009000000003
020094f97bd1a8
01008800000002
01008cf999e5f6
01009000000003
020094f999e5f6
01008800000003
01008cf9bcf957
01009000000003
020094f9bcf957
01009800000000
01009c00000000
0100a000000005
0200a400000000
01009800000100
01009c00000000
0100a000000005
0200a400000000
01009800000200
01009c00000000
0100a000000005
0200a400000000
01009800000300
01009c00000000
0100a000000005
0200a400000000
01009800000001
01009c00000000
0100a000000005
0200a400000000
01009800000101
01009c00000000
0100a000000005
0200a400000000
01009800000201
01009c00000000
0100a000000005
0200a400000000
01009800000301
01009c00000000
0100a000000005
0200a400000000
01009800000002
01009c00000000
0100a000000005
0200a400000000
01009800000102
01009c00000000
0100a000000005
0200a400000000
01009800000202
01009c00000000
0100a000000005
0200a400000000
01009800000302
01009c00000000
0100a000000005
0200a400000000
01009800000003
01009c00000000
0100a000000005
0200a400000000
01009800000103
01009c00000000
0100a000000005
0200a400000000
01009800000203
01009c00000000
0100a000000005
0200a400000000
01009800000303
01009c00000000
0100a000000005
0200a400000000
01009800000004
01009c00000000
0100a000000005
0200a400000000
01009800000104
01009c00000000
0100a000000005
0200a400000000
01009800000204
01009c00000000
0100a000000005
0200a400000000
01009800000304
01009c00000000
0100a000000005
0200a400000000
01007400000b13
02007400000b13
01007800000000
01007c00000107
01008000000003
02008400000001
01007800000001
01007c00000107
01008000000003
02008400000001
01007800000002
01007c00000007
01008000000003
02008400000000
01007800000003
01007c00000107
01008000000003
02008400000001
01007800000100
01007c00000007
01008000000003
02008400000000
01007800000101
01007c00000107
01008000000003
02008400000001
01007800000102
01007c00000007
01008000000003
02008400000000
01007800000103
01007c00000007
01008000000003
02008400000000
01008800000000
01008cf9c22965
01009000000003
020094f9c22965
01008800000001
01008cf9ccef79
01009000000003
020094f9ccef79
01008800000002
01008cf9f22344
01009000000003
020094f9f22344
01008800000003
01008cf9f7c75c
01009000000003
020094f9f7c75c
01009800000000
01009c00000000
0100a000000005
0200a400000000
01009800000100
01009c00000000
0100a000000005
0200a400000000
01009800000200
01009c00000000
0100a000000005
0200a400000000
01009800000300
01009c00000000
0100a000000005
0200a400000000
01009800000001
01009c00000000
0100a000000005
0200a400000000
01009800000101
01009c00000000
0100a000000005
0200a400000000
01009800000201
01009c00000000
0100a000000005
0200a400000000
01009800000301
01009c00000000
0100a000000005
0200a400000000
01009800000002
01009c00000000
0100a000000005
0200a400000000
01009800000102
01009c00000000
0100a000000005
0200a400000000
01009800000202
01009c00000000
0100a000000005
0200a400000000
01009800000302
01009c00000000
0100a000000005
0200a400000000
01009800000003
01009c00000000
0100a000000005
0200a400000000
01009800000103
01009c00000000
0100a000000005
0200a400000000
01009800000203
01009c00000000
0100a000000005
0200a400000000
01009800000303
01009c00000000
0100a000000005
0200a400000000
01009800000004
01009c00000000
0100a000000005
0200a400000000
01009800000104
01009c00000000
0100a000000005
0200a400000000
01009800000204
01009c00000000
0100a000000005
0200a400000000
01009800000304
01009c00000000
0100a000000005
0200a400000000
01007400000c13
02007400000c13
01007800000000
01007c00000107
01008000000003
02008400000001
01007800000001
01007c00000007
01008000000003
02008400000000
01007800000002
01007c00000107
01008000000003
02008400000001
01007800000003
01007c00000107
01008000000003
02008400000001
01007800000100
01007c00000107
01008000000003
02008400000001
01007800000101
01007c00000107
01008000000003
02008400000001
01007800000102
01007c00000107
01008000000003
02008400000001
01007800000103
01007c00000107
01008000000003
02008400000001
01008800000000
01008cf9fc9b0e
01009000000003
020094f9fc9b0e
01008800000001
01008cfa39d716
01009000000003
020094fa39d716
01008800000002
01008cfa755f05
01009000000003
020094fa755f05
01008800000003
01008cfaef7f11
01009000000003
020094faef7f11
01009800000000
01009c00000000
0100a000000005
0200a400000000
01009800000100
01009c00000000
0100a000000005
0200a400000000
01009800000200
01009c00000000
0100a000000005
0200a400000000
01009800000300
01009c00000000
0100a000000005
0200a400000000
01009800000001
01009c00000000
0100a000000005
0200a400000000
01009800000101
01009c00000000
0100a000000005
0200a400000000
01009800000201
01009c00000000
0100a000000005
0200a400000000
01009800000301
01009c00000000
0100a000000005
0200a400000000
01009800000002
01009c00000000
0100a000000005
0200a400000000
01009800000102
01009c00000000
0100a000000005
0200a400000000
01009800000202
01009c00000000
0100a000000005
0200a400000000
01009800000302
01009c00000000
0100a000000005
0200a400000000
01009800000003
01009c00000000
0100a000000005
0200a400000000
01009800000103
01009c00000000
0100a000000005
0200a400000000
01009800000203
01009c00000000
0100a000000005
0200a400000000
01009800000303
01009c00000000
0100a000000005
0200a400000000
01009800000004
01009c00000000
0100a000000005
0200a400000000
01009800000104
01009c00000000
0100a000000005
0200a400000000
01009800000204
01009c00000000
0100a000000005
0200a400000000
01009800000304
01009c00000000
0100a000000005
0200a400000000
01007400000d13
02007400000d13
01007800000000
01007c00000007
01008000000003
02008400000000
01007800000001
01007c00000107
01008000000003
02008400000001
01007800000002
01007c00000107
01008000000003
02008400000001
01007800000003
01007c00000107
01008000000003
02008400000001
01007800000100
01007c00000007
01008000000003
02008400000000
01007800000101
01007c00000107
01008000000003
02008400000001
01007800000102
01007c00000107
01008000000003
02008400000001
01007800000103
01007c00000007
01008000000003
02008400000000
01008800000000
01008cfafc2c86
01009000000003
020094fafc2c86
01008800000001
01008cfb59fe1c
01009000000003
020094fb59fe1c
01008800000002
01008cfbbf2c07
01009000000003
020094fbbf2c07
01008800000003
01008cfbd52f09
01009000000003
020094fbd52f09
01009800000000
01009c00000000
0100a000000005
0200a400000000
01009800000100
01009c00000000
0100a000000005
0200a400000000
01009800000200
01009c00000000
0100a000000005
0200a400000000
01009800000300
01009c00000000
0100a000000005
0200a400000000
01009800000001
01009c00000000
0100a000000005
0200a400000000
01009800000101
01009c00000000
0100a000000005
0200a400000000
01009800000201
01009c00000000
0100a000000005
0200a400000000
01009800000301
01009c00000000
0100a000000005
0200a400000000
01009800000002
01009c00000000
0100a000000005
0200a400000000
01009800000102
01009c00000000
0100a000000005
0200a400000000
01009800000202
01009c00000000
0100a000000005
0200a400000000
01009800000302
01009c00000000
0100a000000005
0200a400000000
01009800000003
01009c00000000
0100a000000005
0200a400000000
01009800000103
01009c00000000
0100a000000005
0200a400000000
01009800000203
01009c00000000
0100a000000005
0200a400000000
01009800000303
01009c00000000
0100a000000005
0200a400000000
01009800000004
01009c00000000
0100a000000005
0200a400000000
01009800000104
01009c00000000
0100a000000005
0200a400000000
01009800000204
01009c00000000
0100a000000005
0200a400000000
01009800000304
01009c00000000
0100a000000005
0200a400000000
01007400000e13
02007400000e13
01007800000000
01007c00000007
01008000000003
02008400000000
01007800000001
01007c00000107
01008000000003
02008400000001
01007800000002
01007c00000107
01008000000003
02008400000001
01007800000003
01007c00000107
01008000000003
02008400000001
01007800000100
01007c00000007
01008000000003
02008400000000
01007800000101
01007c00000007
01008000000003
02008400000000
01007800000102
01007c00000007
01008000000003
02008400000000
01007800000103
01007c00000107
01008000000003
02008400000001
01008800000000
01008cfbe84f66
01009000000003
020094fbe84f66
01008800000001
01008cfc0af217
01009000000003
020094fc0af217
01008800000002
01008cfc1cab1e
01009000000003
020094fc1cab1e
01008800000003
01008cfc209d21
01009000000003
020094fc209d21
01009800000000
01009c00000000
0100a000000005
0200a400000000
01009800000100
01009c00000000
0100a000000005
0200a400000000
01009800000200
01009c00000000
0100a000000005
0200a400000000
01009800000300
01009c00000000
0100a000000005
0200a400000000
01009800000001
01009c00000000
0100a000000005
0200a400000000
01009800000101
01009c00000000
0100a000000005
0200a400000000
01009800000201
01009c00000000
0100a000000005
0200a400000000
01009800000301
01009c00000000
0100a000000005
0200a400000000
01009800000002
01009c00000000
0100a000000005
0200a400000000
01009800000102
01009c00000000
0100a000000005
0200a400000000
01009800000202
01009c00000000
0100a000000005
0200a400000000
01009800000302
01009c00000000
0100a000000005
0200a400000000
01009800000003
01009c00000000
0100a000000005
0200a400000000
01009800000103
01009c00000000
0100a000000005
0200a400000000
01009800000203
01009c00000000
0100a000000005
0200a400000000
01009800000303
01009c00000000
0100a000000005
0200a400000000
01009800000004
01009c00000000
0100a000000005
0200a400000000
01009800000104
01009c00000000
0100a000000005
0200a400000000
01009800000204
01009c00000000
0100a000000005
0200a400000000
01009800000304
01009c00000000
0100a000000005
0200a400000000
01007400000f13
02007400000f13
01007800000000
01007c00000107
01008000000003
02008400000001
01007800000001
01007c00000007
01008000000003
02008400000000
01007800000002
01007c00000007
01008000000003
02008400000000
01007800000003
01007c00000007
01008000000003
02008400000000
01007800000100
01007c00000107
01008000000003
02008400000001
01007800000101
01007c00000107
01008000000003
02008400000001
01007800000102
01007c00000007
01008000000003
02008400000000
01007800000103
01007c00000007
01008000000003
02008400000000
01008800000000
01008cfc3f9f69
01009000000003
020094fc3f9f69
01008800000001
01008cfc4ccd43
01009000000003
020094fc4ccd43
01008800000002
01008cfc5f0d9d
01009000000003
020094fc5f0d9d
01008800000003
01008cfc9112f0
01009000000003
020094fc9112f0
01009800000000
01009c00000000
0100a000000005
0200a400000000
01009800000100
01009c00000000
0100a000000005
0200a400000000
01009800000200
01009c00000000
0100a000000005
0200a400000000
01009800000300
01009c00000000
0100a000000005
0200a400000000
01009800000001
01009c00000000
0100a000000005
0200a400000000
01009800000101
01009c00000000
0100a000000005
0200a400000000
01009800000201
01009c00000000
0100a000000005
0200a400000000
01009800000301
01009c00000000
0100a000000005
0200a400000000
01009800000002
01009c00000000
0100a000000005
0200a400000000
01009800000102
01009c00000000
0100a000000005
0200a400000000
01009800000202
01009c00000000
0100a000000005
0200a400000000
01009800000302
01009c00000000
0100a000000005
0200a400000000
01009800000003
01009c00000000
0100a000000005
0200a400000000
01009800000103
01009c00000000
0100a000000005
0200a400000000
01009800000203
01009c00000000
0100a000000005
0200a400000000
01009800000303
01009c00000000
0100a000000005
0200a400000000
01009800000004
01009c00000000
0100a000000005
0200a400000000
01009800000104
01009c00000000
0100a000000005
0200a400000000
01009800000204
01009c00000000
0100a000000005
0200a400000000
01009800000304
01009c00000000
0100a000000005
0200a400000000
01007400001013
02007400001013
01007800000000
01007c00000007
01008000000003
02008400000000
01007800000001
01007c00000107
01008000000003
02008400000001
01007800000002
01007c00000007
01008000000003
02008400000000
01007800000003
01007c00000107
01008000000003
02008400000001
01007800000100
01007c00000107
01008000000003
02008400000001
01007800000101
01007c00000107
01008000000003
02008400000001
01007800000102
01007c00000107
01008000000003
02008400000001
01007800000103
01007c00000007
01008000000003
02008400000000
01008800000000
01008cfcdec5fa
01009000000003
020094fcdec5fa
01008800000001
01008cfcdf0f0c
01009000000003
020094fcdf0f0c
01008800000002
01008cfce55fec
01009000000003
020094fce55fec
01008800000003
01008cfd07cba3
01009000000003
020094fd07cba3
01009800000000
01009c00000000
0100a000000005
0200a400000000
01009800000100
01009c00000000
0100a000000005
0200a400000000
01009800000200
01009c00000000
0100a000000005
0200a400000000
01009800000300
01009c00000000
0100a000000005
0200a400000000
01009800000001
01009c00000000
0100a000000005
0200a400000000
01009800000101
01009c00000000
0100a000000005
0200a400000000
01009800000201
01009c00000000
0100a000000005
0200a400000000
01009800000301
01009c00000000
0100a000000005
0200a400000000
01009800000002
01009c00000000
0100a000000005
0200a400000000
01009800000102
01009c00000000
0100a000000005
0200a400000000
01009800000202
01009c00000000
0100a000000005
0200a400000000
01009800000302
01009c00000000
0100a000000005
0200a400000000
01009800000003
01009c00000000
0100a000000005
0200a400000000
01009800000103
01009c00000000
0100a000000005
0200a400000000
01009800000203
01009c00000000
0100a000000005
0200a400000000
01009800000303
01009c00000000
0100a000000005
0200a400000000
01009800000004
01009c00000000
0100a000000005
0200a400000000
01009800000104
01009c00000000
0100a000000005
0200a400000000
01009800000204
01009c00000000
0100a000000005
0200a400000000
01009800000304
01009c00000000
0100a000000005
0200a400000000
01007400001113
02007400001113
01007800000000
01007c00000007
01008000000003
02008400000000
01007800000001
01007c00000007
01008000000003
02008400000000
01007800000002
01007c00000107
01008000000003
02008400000001
01007800000003
01007c00000007
01008000000003
02008400000000
01007800000100
01007c00000107
01008000000003
02008400000001
01007800000101
01007c00000107
01008000000003
02008400000001
01007800000102
01007c00000007
01008000000003
02008400000000
01007800000103
01007c00000107
01008000000003
02008400000001
01008800000000
01008cfd0ff54b
01009000000003
020094fd0ff54b
01008800000001
01008cfd4f6640
01009000000003
020094fd4f6640
01008800000002
01008cfdb3fd2e
01009000000003
020094fdb3fd2e
01008800000003
01008cfe0ed769
01009000000003
020094fe0ed769
01009800000000
01009c00000000
0100a000000005
0200a400000000
01009800000100
01009c00000000
0100a000000005
0200a400000000
01009800000200
01009c00000000
0100a000000005
0200a400000000
01009800000300
01009c00000000
0100a000000005
0200a400000000
01009800000001
01009c00000000
0100a000000005
0200a400000000
01009800000101
01009c00000000
0100a000000005
0200a400000000
01009800000201
01009c00000000
0100a000000005
0200a400000000
01009800000301
01009c00000000
0100a000000005
0200a400000000
01009800000002
01009c00000000
0100a000000005
0200a400000000
01009800000102
01009c00000000
0100a000000005
0200a400000000
01009800000202
01009c00000000
0100a000000005
0200a400000000
01009800000302
01009c00000000
0100a000000005
0200a400000000
01009800000003
01009c00000000
0100a000000005
0200a400000000
01009800000103
01009c00000000
0100a000000005
0200a400000000
01009800000203
01009c00000000
0100a000000005
0200a400000000
01009800000303
01009c00000000
0100a000000005
0200a400000000
01009800000004
01009c00000000
0100a000000005
0200a400000000
01009800000104
01009c00000000
0100a000000005
0200a400000000
01009800000204
01009c00000000
0100a000000005
0200a400000000
01009800000304
01009c00000000
0100a000000005
0200a400000000
01007400001213
02007400001213
01007800000000
01007c00000107
01008000000003
02008400000001
01007800000001
01007c00000107
01008000000003
02008400000001
01007800000002
01007c00000007
01008000000003
02008400000000
01007800000003
01007c00000107
01008000000003
02008400000001
01007800000100
01007c00000107
01008000000003
02008400000001
01007800000101
01007c00000007
01008000000003
02008400000000
01007800000102
01007c00000107
01008000000003
02008400000001
01007800000103
01007c00000107
01008000000003
02008400000001
01008800000000
01008cfe3b4d36
01009000000003
020094fe3b4d36
01008800000001
01008cfe64ae33
01009000000003
020094fe64ae33
01008800000002
01008cfe95ef6a
01009000000003
020094fe95ef6a
01008800000003
01008cfed64348
01009000000003
020094fed64348
01009800000000
01009c00000000
0100a000000005
0200a400000000
01009800000100
01009c00000000
0100a000000005
0200a400000000
01009800000200
01009c00000000
0100a000000005
0200a400000000
01009800000300
01009c00000000
0100a000000005
0200a400000000
01009800000001
01009c00000000
0100a000000005
0200a400000000
01009800000101
01009c00000000
0100a000000005
0200a400000000
01009800000201
01009c00000000
0100a000000005
0200a400000000
01009800000301
01009c00000000
0100a000000005
0200a400000000
01009800000002
01009c00000000
0100a000000005
0200a400000000
01009800000102
01009c00000000
0100a000000005
0200a400000000
01009800000202
01009c00000000
0100a000000005
0200a400000000
01009800000302
01009c00000000
0100a000000005
0200a400000000
01009800000003
01009c00000000
0100a000000005
0200a400000000
01009800000103
01009c00000000
0100a000000005
0200a400000000
01009800000203
01009c00000000
0100a000000005
0200a400000000
01009800000303
01009c00000000
0100a000000005
0200a400000000
01009800000004
01009c00000000
0100a000000005
0200a400000000
01009800000104
01009c00000000
0100a000000005
0200a400000000
01009800000204
01009c00000000
0100a000000005
0200a400000000
01009800000304
01009c00000000
0100a000000005
0200a400000000
01007400001313
02007400001313
01007800000000
01007c00000107
01008000000003
02008400000001
01007800000001
01007c00000107
01008000000003
02008400000001
01007800000002
01007c00000107
01008000000003
02008400000001
01007800000003
01007c00000107
01008000000003
02008400000001
01007800000100
01007c00000007
01008000000003
02008400000000
01007800000101
01007c00000007
01008000000003
02008400000000
01007800000102
01007c00000007
01008000000003
02008400000000
01007800000103
01007c00000007
01008000000003
02008400000000
01008800000000
01008cfeeb94b3
01009000000003
020094feeb94b3
01008800000001
01008cff2d42b2
01009000000003
020094ff2d42b2
01008800000002
01008cffca1384
01009000000003
020094ffca1384
01008800000003
01008cfff8de15
01009000000003
020094fff8de15
01009800000000
01009c00000000
0100a000000005
0200a400000000
01009800000100
01009c00000000
0100a000000005
0200a400000000
01009800000200
01009c00000000
0100a000000005
0200a400000000
01009800000300
01009c00000000
0100a000000005
0200a400000000
01009800000001
01009c00000000
0100a000000005
0200a400000000
01009800000101
01009c00000000
0100a000000005
0200a400000000
01009800000201
01009c00000000
0100a000000005
0200a400000000
01009800000301
01009c00000000
0100a000000005
0200a400000000
01009800000002
01009c00000000
0100a000000005
0200a400000000
01009800000102
01009c00000000
0100a000000005
0200a400000000
01009800000202
01009c00000000
0100a000000005
0200a400000000
01009800000302
01009c00000000
0100a000000005
0200a400000000
01009800000003
01009c00000000
0100a000000005
0200a400000000
01009800000103
01009c00000000
0100a000000005
0200a400000000
01009800000203
01009c00000000
0100a000000005
0200a400000000
01009800000303
01009c00000000
0100a000000005
0200a400000000
02000c00000000
